island,division_type,name,date,D4,D3,D2,D1,D0,Near Normal,W0,W1,W2,W3,W4
Hawaiʻi,ahupuaa,"Ahalanui, Laepaoʻo",2026-03,0.0,0.0,0.0,0.0,0.0,100.0,0.0,0.0,0.0,0.0,0.0
Hawaiʻi,ahupuaa,"Alaeakila, Kaapahu",2026-03,0.0,0.0,0.0,0.0,0.0,0.0,0.0,100.0,0.0,0.0,0.0
Hawaiʻi,ahupuaa,Alakahi,2026-03,0.0,0.0,0.0,0.0,0.0,0.0,63.888888888888886,36.11111111111111,0.0,0.0,0.0
Hawaiʻi,ahupuaa,Aleamai,2026-03,0.0,0.0,0.0,0.0,0.0,0.0,94.23076923076923,5.769230769230769,0.0,0.0,0.0
Hawaiʻi,ahupuaa,"Anapuka, Hoʻopūloa",2026-03,0.0,0.0,0.0,0.0,0.0,0.0,0.0,0.0,0.0,11.28491620111732,88.71508379888267
Hawaiʻi,ahupuaa,"Apuakohau, Kukuiwaluhia",2026-03,0.0,0.0,0.0,0.0,0.0,0.0,0.0,0.0,0.0,0.0,100.0
Hawaiʻi,ahupuaa,"Au 1-2, Āhualoa",2026-03,0.0,0.0,0.0,0.0,0.0,0.0,0.0,0.0,0.0,100.0,0.0
Hawaiʻi,ahupuaa,Awakeʻe,2026-03,0.0,0.0,0.0,0.0,0.0,0.0,0.0,0.0,0.0,80.67226890756302,19.327731092436977
Hawaiʻi,ahupuaa,Awalua,2026-03,0.0,0.0,0.0,0.0,0.0,0.0,0.0,0.0,0.0,0.0,100.0
Hawaiʻi,ahupuaa,Haina,2026-03,0.0,0.0,0.0,0.0,0.0,0.0,0.0,0.0,37.03703703703704,62.96296296296296,0.0
Hawaiʻi,ahupuaa,Hakalau,2026-03,0.0,0.0,0.0,0.0,0.0,0.0,17.82178217821782,82.17821782178217,0.0,0.0,0.0
Hawaiʻi,ahupuaa,Halaʻula,2026-03,0.0,0.0,0.0,0.0,0.0,0.0,0.0,0.0,0.0,0.0,100.0
Hawaiʻi,ahupuaa,Halelua,2026-03,0.0,0.0,0.0,0.0,0.0,0.0,0.0,0.0,0.0,0.0,100.0
Hawaiʻi,ahupuaa,"Halelua, Wailoa, Kumu",2026-03,0.0,0.0,0.0,0.0,0.0,0.0,0.0,0.0,96.61354581673307,3.386454183266932,0.0
Hawaiʻi,ahupuaa,Haleohiu,2026-03,0.0,0.0,0.0,0.0,0.0,0.0,0.0,0.0,0.0,0.0,100.0
Hawaiʻi,ahupuaa,"Halepuaʻa, Kanekiki",2026-03,0.0,0.0,0.0,0.0,0.0,100.0,0.0,0.0,0.0,0.0,0.0
Hawaiʻi,ahupuaa,Hamanamana,2026-03,0.0,0.0,0.0,0.0,0.0,0.0,0.0,0.0,0.0,0.0,100.0
Hawaiʻi,ahupuaa,"Hanapai, Niupuka",2026-03,0.0,0.0,0.0,0.0,0.0,0.0,0.0,0.0,0.0,100.0,0.0
Hawaiʻi,ahupuaa,Hauola,2026-03,0.0,0.0,0.0,0.0,0.0,0.0,0.0,100.0,0.0,0.0,0.0
Hawaiʻi,ahupuaa,Haʻikū,2026-03,0.0,0.0,0.0,0.0,0.0,0.0,71.42857142857143,28.57142857142857,0.0,0.0,0.0
Hawaiʻi,ahupuaa,Hionamoa,2026-03,0.0,0.0,0.0,0.0,0.0,0.0,0.0,0.0,78.51239669421489,21.487603305785125,0.0
Hawaiʻi,ahupuaa,"Honalo, Māʻihi 1-2",2026-03,0.0,0.0,0.0,0.0,0.0,0.0,0.0,0.0,0.0,0.0,100.0
Hawaiʻi,ahupuaa,Honohina,2026-03,0.0,0.0,0.0,0.0,0.0,0.0,14.736842105263156,85.26315789473684,0.0,0.0,0.0
Hawaiʻi,ahupuaa,Honoipu,2026-03,0.0,0.0,0.0,0.0,0.0,0.0,0.0,0.0,0.0,0.0,100.0
Hawaiʻi,ahupuaa,Honokaia,2026-03,0.0,0.0,0.0,0.0,0.0,0.0,0.0,17.484662576687114,30.061349693251532,52.45398773006135,0.0
Hawaiʻi,ahupuaa,Honokua,2026-03,0.0,0.0,0.0,0.0,0.0,0.0,0.0,0.0,0.0,0.0,100.0
Hawaiʻi,ahupuaa,Honokāne,2026-03,0.0,0.0,0.0,0.0,0.0,0.0,0.0,0.0,0.0,0.0,100.0
Hawaiʻi,ahupuaa,Honokōhau 1-3,2026-03,0.0,0.0,0.0,0.0,0.0,0.0,0.0,0.0,0.0,0.0,100.0
Hawaiʻi,ahupuaa,Honolulu,2026-03,0.0,0.0,0.0,0.0,0.0,100.0,0.0,0.0,0.0,0.0,0.0
Hawaiʻi,ahupuaa,Honomainoa,2026-03,0.0,0.0,0.0,0.0,0.0,0.0,0.0,100.0,0.0,0.0,0.0
Hawaiʻi,ahupuaa,Honomakaʻu,2026-03,0.0,0.0,0.0,0.0,0.0,0.0,0.0,0.0,0.0,0.0,100.0
Hawaiʻi,ahupuaa,"Honomū, Kuhua",2026-03,0.0,0.0,0.0,0.0,0.0,0.0,84.58781362007169,15.412186379928317,0.0,0.0,0.0
Hawaiʻi,ahupuaa,Honopue,2026-03,0.0,0.0,0.0,0.0,0.0,0.0,0.0,0.0,0.0,0.0,100.0
Hawaiʻi,ahupuaa,Honopueo,2026-03,0.0,0.0,0.0,0.0,0.0,0.0,0.0,0.0,0.0,0.0,100.0
Hawaiʻi,ahupuaa,Honuaʻula 1,2026-03,0.0,0.0,0.0,0.0,0.0,0.0,0.0,0.0,0.0,0.0,100.0
Hawaiʻi,ahupuaa,Honuaʻula 2,2026-03,0.0,0.0,0.0,0.0,0.0,0.0,0.0,0.0,0.0,0.0,100.0
Hawaiʻi,ahupuaa,Honuʻapo,2026-03,0.0,0.0,0.0,0.0,0.0,0.0,0.0,0.0,0.0,100.0,0.0
Hawaiʻi,ahupuaa,Hoʻokena,2026-03,0.0,0.0,0.0,0.0,0.0,0.0,0.0,0.0,0.0,0.0,100.0
Hawaiʻi,ahupuaa,Hulunanai,2026-03,0.0,0.0,0.0,0.0,0.0,0.0,100.0,0.0,0.0,0.0,0.0
Hawaiʻi,ahupuaa,Humuʻula,2026-03,0.0,0.0,0.0,0.0,0.0,0.0,0.0,65.68854568854569,34.31145431145431,0.0,0.0
Hawaiʻi,ahupuaa,"Hālawa, Napapaʻa",2026-03,0.0,0.0,0.0,0.0,0.0,0.0,0.0,0.0,0.0,0.0,100.0
Hawaiʻi,ahupuaa,Hāwī,2026-03,0.0,0.0,0.0,0.0,0.0,0.0,0.0,0.0,0.0,0.0,100.0
Hawaiʻi,ahupuaa,Hāʻena,2026-03,0.0,0.0,0.0,0.0,0.0,0.0,0.0,0.0,0.0,0.0,100.0
Hawaiʻi,ahupuaa,Hīleaiki,2026-03,0.0,0.0,0.0,0.0,0.0,0.0,0.0,0.0,0.684931506849315,99.31506849315068,0.0
Hawaiʻi,ahupuaa,Hīleanui,2026-03,0.0,0.0,0.0,0.0,0.0,0.0,0.0,0.0,0.0,100.0,0.0
Hawaiʻi,ahupuaa,Hōlualoa 1-2,2026-03,0.0,0.0,0.0,0.0,0.0,0.0,0.0,0.0,0.0,0.0,100.0
Hawaiʻi,ahupuaa,Hōlualoa 3,2026-03,0.0,0.0,0.0,0.0,0.0,0.0,0.0,0.0,0.0,0.0,100.0
Hawaiʻi,ahupuaa,Hōlualoa 4,2026-03,0.0,0.0,0.0,0.0,0.0,0.0,0.0,0.0,0.0,0.0,100.0
Hawaiʻi,ahupuaa,Hōnaunau,2026-03,0.0,0.0,0.0,0.0,0.0,0.0,0.0,0.0,0.0,0.0,100.0
Hawaiʻi,ahupuaa,"Hōʻea, Manowaikohau",2026-03,0.0,0.0,0.0,0.0,0.0,0.0,0.0,100.0,0.0,0.0,0.0
Hawaiʻi,ahupuaa,Iliʻililoa,2026-03,0.0,0.0,0.0,0.0,0.0,100.0,0.0,0.0,0.0,0.0,0.0
Hawaiʻi,ahupuaa,Kahaliʻi,2026-03,0.0,0.0,0.0,0.0,0.0,0.0,100.0,0.0,0.0,0.0,0.0
Hawaiʻi,ahupuaa,Kahaluʻu,2026-03,0.0,0.0,0.0,0.0,0.0,0.0,0.0,0.0,0.0,0.0,100.0
Hawaiʻi,ahupuaa,Kahaualeʻa,2026-03,0.0,0.0,0.0,0.0,0.0,0.0,29.43699731903485,70.56300268096514,0.0,0.0,0.0
Hawaiʻi,ahupuaa,Kahauloa 2,2026-03,0.0,0.0,0.0,0.0,0.0,0.0,0.0,0.0,0.0,0.0,100.0
Hawaiʻi,ahupuaa,"Kahilipaliiki, Kah",2026-03,0.0,0.0,0.0,0.0,0.0,0.0,0.0,0.0,0.0,100.0,0.0
Hawaiʻi,ahupuaa,Kahilipalinui,2026-03,0.0,0.0,0.0,0.0,0.0,0.0,0.0,0.0,0.0,100.0,0.0
Hawaiʻi,ahupuaa,"Kahoahuna, Paʻana",2026-03,0.0,0.0,0.0,0.0,0.0,0.0,0.0,100.0,0.0,0.0,0.0
Hawaiʻi,ahupuaa,Kahua,2026-03,0.0,0.0,0.0,0.0,0.0,0.0,100.0,0.0,0.0,0.0,0.0
Hawaiʻi,ahupuaa,Kahue,2026-03,0.0,0.0,0.0,0.0,0.0,0.0,0.0,97.78481012658227,2.2151898734177213,0.0,0.0
Hawaiʻi,ahupuaa,Kahuku,2026-03,0.0,0.0,0.0,0.0,0.0,0.0,0.0,0.0,12.393730074388948,48.15356004250797,39.45270988310308
Hawaiʻi,ahupuaa,Kahuwai,2026-03,0.0,0.0,0.0,0.0,0.0,100.0,0.0,0.0,0.0,0.0,0.0
Hawaiʻi,ahupuaa,Kahuā 1,2026-03,0.0,0.0,0.0,0.0,0.0,0.0,0.0,17.391304347826086,6.884057971014493,9.420289855072465,66.30434782608695
Hawaiʻi,ahupuaa,Kahuā 2,2026-03,0.0,0.0,0.0,0.0,0.0,0.0,0.0,14.324324324324325,7.297297297297297,10.81081081081081,67.56756756756756
Hawaiʻi,ahupuaa,Kaiaʻakea,2026-03,0.0,0.0,0.0,0.0,0.0,0.0,15.384615384615385,84.61538461538461,0.0,0.0,0.0
Hawaiʻi,ahupuaa,Kaiholena,2026-03,0.0,0.0,0.0,0.0,0.0,0.0,0.0,0.0,0.0,0.0,100.0
Hawaiʻi,ahupuaa,Kaihoʻonā,2026-03,0.0,0.0,0.0,0.0,0.0,0.0,0.0,0.0,0.0,24.137931034482758,75.86206896551724
Hawaiʻi,ahupuaa,Kaihuiki,2026-03,0.0,0.0,0.0,0.0,0.0,0.0,0.0,100.0,0.0,0.0,0.0
Hawaiʻi,ahupuaa,Kaimū,2026-03,0.0,0.0,0.0,0.0,0.0,32.15339233038348,67.84660766961652,0.0,0.0,0.0,0.0
Hawaiʻi,ahupuaa,Kainehe,2026-03,0.0,0.0,0.0,0.0,0.0,0.0,0.0,100.0,0.0,0.0,0.0
Hawaiʻi,ahupuaa,"Kaipuhaʻa, Lamaloloa",2026-03,0.0,0.0,0.0,0.0,0.0,0.0,0.0,0.0,0.0,0.0,100.0
Hawaiʻi,ahupuaa,Kaiwiki,2026-03,0.0,0.0,0.0,0.0,0.0,0.0,0.0,100.0,0.0,0.0,0.0
Hawaiʻi,ahupuaa,"Kaiwiki, Maumau",2026-03,0.0,0.0,0.0,0.0,0.0,0.0,63.74999999999999,36.25,0.0,0.0,0.0
Hawaiʻi,ahupuaa,Kaiwikinui,2026-03,0.0,0.0,0.0,0.0,0.0,0.0,41.09947643979058,58.90052356020943,0.0,0.0,0.0
Hawaiʻi,ahupuaa,Kalakalaula,2026-03,0.0,0.0,0.0,0.0,0.0,0.0,0.0,0.0,0.0,100.0,0.0
Hawaiʻi,ahupuaa,"Kalala 1-2, Kokiʻo",2026-03,0.0,0.0,0.0,0.0,0.0,0.0,0.0,0.7692307692307693,20.384615384615383,22.692307692307693,56.15384615384615
Hawaiʻi,ahupuaa,Kalalau,2026-03,0.0,0.0,0.0,0.0,0.0,0.0,85.29411764705883,14.705882352941178,0.0,0.0,0.0
Hawaiʻi,ahupuaa,Kalaoa,2026-03,0.0,0.0,0.0,0.0,0.0,0.0,100.0,0.0,0.0,0.0,0.0
Hawaiʻi,ahupuaa,Kalaoa 1-5,2026-03,0.0,0.0,0.0,0.0,0.0,0.0,0.0,0.0,0.0,0.0,100.0
Hawaiʻi,ahupuaa,"Kalapana, Kupahua",2026-03,0.0,0.0,0.0,0.0,0.0,0.0,100.0,0.0,0.0,0.0,0.0
Hawaiʻi,ahupuaa,Kaloko,2026-03,0.0,0.0,0.0,0.0,0.0,0.0,0.0,0.0,0.0,0.0,100.0
Hawaiʻi,ahupuaa,Kalopā,2026-03,0.0,0.0,0.0,0.0,0.0,0.0,35.689655172413794,64.3103448275862,0.0,0.0,0.0
Hawaiʻi,ahupuaa,"Kalua, Pakiloa, ʻŌuhi, Kaao",2026-03,0.0,0.0,0.0,0.0,0.0,0.0,0.0,0.0,100.0,0.0,0.0
Hawaiʻi,ahupuaa,Kalāhiki,2026-03,0.0,0.0,0.0,0.0,0.0,0.0,0.0,0.0,0.0,0.0,100.0
Hawaiʻi,ahupuaa,Kamano,2026-03,0.0,0.0,0.0,0.0,0.0,0.0,0.0,0.0,0.0,0.0,100.0
Hawaiʻi,ahupuaa,Kamaui,2026-03,0.0,0.0,0.0,0.0,0.0,0.0,0.0,100.0,0.0,0.0,0.0
Hawaiʻi,ahupuaa,Kamaʻeʻe,2026-03,0.0,0.0,0.0,0.0,0.0,0.0,77.97356828193833,22.026431718061673,0.0,0.0,0.0
Hawaiʻi,ahupuaa,Kamoamoa,2026-03,0.0,0.0,0.0,0.0,0.0,0.0,0.0,100.0,0.0,0.0,0.0
Hawaiʻi,ahupuaa,Kamoauau,2026-03,0.0,0.0,0.0,0.0,0.0,0.0,0.0,100.0,0.0,0.0,0.0
Hawaiʻi,ahupuaa,Kamoku,2026-03,0.0,0.0,0.0,0.0,0.0,0.0,3.404255319148936,48.723404255319146,32.76595744680851,15.106382978723405,0.0
Hawaiʻi,ahupuaa,"Kamāʻoa, Puʻuʻeo, Ke",2026-03,0.0,0.0,0.0,0.0,0.0,0.0,0.0,0.0,0.0,67.86069651741293,32.13930348258707
Hawaiʻi,ahupuaa,Kanahonua,2026-03,0.0,0.0,0.0,0.0,0.0,0.0,0.0,0.0,0.0,100.0,0.0
Hawaiʻi,ahupuaa,Kapaʻa,2026-03,0.0,0.0,0.0,0.0,0.0,0.0,0.0,0.0,0.0,0.0,100.0
Hawaiʻi,ahupuaa,Kapaʻanui,2026-03,0.0,0.0,0.0,0.0,0.0,0.0,0.0,0.0,0.0,0.0,100.0
Hawaiʻi,ahupuaa,Kapaʻau,2026-03,0.0,0.0,0.0,0.0,0.0,0.0,0.0,0.0,0.0,0.0,100.0
Hawaiʻi,ahupuaa,Kapoaula,2026-03,0.0,0.0,0.0,0.0,0.0,0.0,0.0,0.0,35.96491228070175,64.03508771929825,0.0
Hawaiʻi,ahupuaa,Kapoho,2026-03,0.0,0.0,0.0,0.0,0.0,100.0,0.0,0.0,0.0,0.0,0.0
Hawaiʻi,ahupuaa,Kapulena,2026-03,0.0,0.0,0.0,0.0,0.0,0.0,0.0,0.0,0.0,100.0,0.0
Hawaiʻi,ahupuaa,"Kapulena, Haukoʻi, K",2026-03,0.0,0.0,0.0,0.0,0.0,0.0,0.0,0.0,0.0,100.0,0.0
Hawaiʻi,ahupuaa,Kapunapuna,2026-03,0.0,0.0,0.0,0.0,0.0,0.0,0.0,0.0,0.0,0.0,100.0
Hawaiʻi,ahupuaa,Kapuʻa 1,2026-03,0.0,0.0,0.0,0.0,0.0,0.0,0.0,0.0,0.0,0.0,100.0
Hawaiʻi,ahupuaa,Kapuʻa 2,2026-03,0.0,0.0,0.0,0.0,0.0,0.0,0.0,0.0,0.0,3.3930254476908575,96.60697455230914
Hawaiʻi,ahupuaa,Kapāpala,2026-03,0.0,0.0,0.0,0.0,0.0,0.0,0.0,15.891747305483438,82.85736763433246,1.2508850601840924,0.0
Hawaiʻi,ahupuaa,Kau,2026-03,0.0,0.0,0.0,0.0,0.0,0.0,0.0,0.0,0.0,0.0,100.0
Hawaiʻi,ahupuaa,Kauaea,2026-03,0.0,0.0,0.0,0.0,0.0,100.0,0.0,0.0,0.0,0.0,0.0
Hawaiʻi,ahupuaa,Kaueleau,2026-03,0.0,0.0,0.0,0.0,0.0,100.0,0.0,0.0,0.0,0.0,0.0
Hawaiʻi,ahupuaa,Kauhakō,2026-03,0.0,0.0,0.0,0.0,0.0,0.0,0.0,0.0,0.0,0.0,100.0
Hawaiʻi,ahupuaa,Kauhiula,2026-03,0.0,0.0,0.0,0.0,0.0,0.0,100.0,0.0,0.0,0.0,0.0
Hawaiʻi,ahupuaa,"Kaukulau, Ki (b)",2026-03,0.0,0.0,0.0,0.0,0.0,100.0,0.0,0.0,0.0,0.0,0.0
Hawaiʻi,ahupuaa,"Kaulana, Awalua, ʻŌhiki",2026-03,0.0,0.0,0.0,0.0,0.0,0.0,0.0,0.0,0.0,0.0,100.0
Hawaiʻi,ahupuaa,Kaulanamauna,2026-03,0.0,0.0,0.0,0.0,0.0,0.0,0.0,0.0,0.0,5.633802816901409,94.36619718309859
Hawaiʻi,ahupuaa,Kauleolī 1-2,2026-03,0.0,0.0,0.0,0.0,0.0,0.0,0.0,0.0,0.0,0.0,100.0
Hawaiʻi,ahupuaa,"Kaumalumalu, Pāhoehoe",2026-03,0.0,0.0,0.0,0.0,0.0,0.0,0.0,0.0,0.0,0.0,100.0
Hawaiʻi,ahupuaa,"Kaunāmano, Napauku",2026-03,0.0,0.0,0.0,0.0,0.0,0.0,0.0,0.0,0.0,100.0,0.0
Hawaiʻi,ahupuaa,"Kaupakuea, Makea",2026-03,0.0,0.0,0.0,0.0,0.0,0.0,100.0,0.0,0.0,0.0,0.0
Hawaiʻi,ahupuaa,Kaupalaoa,2026-03,0.0,0.0,0.0,0.0,0.0,0.0,0.0,0.0,0.0,8.108108108108109,91.8918918918919
Hawaiʻi,ahupuaa,Kawaihae 1,2026-03,0.0,0.0,0.0,0.0,0.0,0.0,0.0,30.726256983240223,17.430167597765365,15.307262569832403,36.53631284916201
Hawaiʻi,ahupuaa,Kawaihae 2,2026-03,0.0,0.0,0.0,0.0,0.0,0.0,0.0,37.72290809327846,23.18244170096022,26.200274348422496,12.894375857338819
Hawaiʻi,ahupuaa,Kawainui,2026-03,0.0,0.0,0.0,0.0,0.0,0.0,100.0,0.0,0.0,0.0,0.0
Hawaiʻi,ahupuaa,Kawela 1,2026-03,0.0,0.0,0.0,0.0,0.0,0.0,0.0,0.0,10.112359550561797,89.8876404494382,0.0
Hawaiʻi,ahupuaa,Kawela 2,2026-03,0.0,0.0,0.0,0.0,0.0,0.0,0.0,0.0,0.0,100.0,0.0
Hawaiʻi,ahupuaa,Kaūmana,2026-03,0.0,0.0,0.0,0.0,0.0,0.0,4.66321243523316,95.33678756476684,0.0,0.0,0.0
Hawaiʻi,ahupuaa,Kaʻakepa,2026-03,0.0,0.0,0.0,0.0,0.0,0.0,100.0,0.0,0.0,0.0,0.0
Hawaiʻi,ahupuaa,Kaʻala,2026-03,0.0,0.0,0.0,0.0,0.0,0.0,0.0,100.0,0.0,0.0,0.0
Hawaiʻi,ahupuaa,"Kaʻalaʻala, Kanaio",2026-03,0.0,0.0,0.0,0.0,0.0,0.0,0.0,0.0,100.0,0.0,0.0
Hawaiʻi,ahupuaa,"Kaʻalāiki, Hiʻonaʻā",2026-03,0.0,0.0,0.0,0.0,0.0,0.0,0.0,0.0,0.0,100.0,0.0
Hawaiʻi,ahupuaa,Kaʻapoko,2026-03,0.0,0.0,0.0,0.0,0.0,0.0,100.0,0.0,0.0,0.0,0.0
Hawaiʻi,ahupuaa,Kaʻapuna,2026-03,0.0,0.0,0.0,0.0,0.0,0.0,0.0,0.0,0.0,1.948051948051948,98.05194805194806
Hawaiʻi,ahupuaa,Kaʻauhuhu 1,2026-03,0.0,0.0,0.0,0.0,0.0,0.0,0.0,0.0,0.0,100.0,0.0
Hawaiʻi,ahupuaa,Kaʻauhuhu 2,2026-03,0.0,0.0,0.0,0.0,0.0,0.0,0.0,0.0,0.0,0.0,100.0
Hawaiʻi,ahupuaa,Kaʻawaloa,2026-03,0.0,0.0,0.0,0.0,0.0,0.0,0.0,0.0,0.0,0.0,100.0
Hawaiʻi,ahupuaa,Kaʻieʻie,2026-03,0.0,0.0,0.0,0.0,0.0,0.0,100.0,0.0,0.0,0.0,0.0
Hawaiʻi,ahupuaa,Kaʻohe,2026-03,0.0,0.0,0.0,0.0,0.0,0.0,0.8384146341463415,99.16158536585365,0.0,0.0,0.0
Hawaiʻi,ahupuaa,Kaʻohe 1-3,2026-03,0.0,0.0,0.0,0.0,0.0,0.0,0.0,0.0,0.0,0.0,100.0
Hawaiʻi,ahupuaa,Kaʻohe 4,2026-03,0.0,0.0,0.0,0.0,0.0,0.0,0.0,0.0,0.0,0.0,100.0
Hawaiʻi,ahupuaa,Kaʻohe 5,2026-03,0.0,0.0,0.0,0.0,0.0,0.0,0.0,0.0,0.0,0.0,100.0
Hawaiʻi,ahupuaa,Kaʻohe Mauka,2026-03,0.0,0.0,0.0,0.0,0.0,0.0,5.8167590479295725,34.287577437235086,22.52363873492012,31.607433974567982,5.764590805347245
Hawaiʻi,ahupuaa,Kaʻūpūlehu,2026-03,0.0,0.0,0.0,0.0,0.0,0.0,0.0,0.0,24.94061757719715,47.82264449722882,27.23673792557403
Hawaiʻi,ahupuaa,Keahialaka,2026-03,0.0,0.0,0.0,0.0,0.0,100.0,0.0,0.0,0.0,0.0,0.0
Hawaiʻi,ahupuaa,Keahuolū,2026-03,0.0,0.0,0.0,0.0,0.0,0.0,0.0,0.0,0.0,0.0,100.0
Hawaiʻi,ahupuaa,Kealahewa,2026-03,0.0,0.0,0.0,0.0,0.0,0.0,0.0,0.0,0.0,0.0,100.0
Hawaiʻi,ahupuaa,Kealakehe,2026-03,0.0,0.0,0.0,0.0,0.0,0.0,0.0,0.0,0.0,0.0,100.0
Hawaiʻi,ahupuaa,"Kealakekua, Kīloa 1",2026-03,0.0,0.0,0.0,0.0,0.0,0.0,0.0,0.0,0.0,0.0,100.0
Hawaiʻi,ahupuaa,Kealakomo,2026-03,0.0,0.0,0.0,0.0,0.0,0.0,0.0,100.0,0.0,0.0,0.0
Hawaiʻi,ahupuaa,Keauhou,2026-03,0.0,0.0,0.0,0.0,0.0,0.0,0.0,87.56287151348879,12.437128486511202,0.0,0.0
Hawaiʻi,ahupuaa,Keauhou 1,2026-03,0.0,0.0,0.0,0.0,0.0,0.0,0.0,0.0,0.0,0.0,100.0
Hawaiʻi,ahupuaa,Keauhou 2,2026-03,0.0,0.0,0.0,0.0,0.0,0.0,0.0,0.0,0.51228315286995,34.76539760158342,64.72231924554663
Hawaiʻi,ahupuaa,"Keauohana, Kehena",2026-03,0.0,0.0,0.0,0.0,0.0,100.0,0.0,0.0,0.0,0.0,0.0
Hawaiʻi,ahupuaa,Keaīwa,2026-03,0.0,0.0,0.0,0.0,0.0,0.0,0.0,0.0,100.0,0.0,0.0
Hawaiʻi,ahupuaa,Keaʻau,2026-03,0.0,0.0,0.0,0.0,0.0,36.04547481052162,54.92643780650914,9.028087382969238,0.0,0.0,0.0
Hawaiʻi,ahupuaa,Keaʻā,2026-03,0.0,0.0,0.0,0.0,0.0,0.0,0.0,0.0,0.0,100.0,0.0
Hawaiʻi,ahupuaa,"Kehena 1, Kipi",2026-03,0.0,0.0,0.0,0.0,0.0,0.0,0.0,0.0,0.0,6.741573033707865,93.25842696629213
Hawaiʻi,ahupuaa,Kehena 2,2026-03,0.0,0.0,0.0,0.0,0.0,0.0,0.0,0.0,0.0,7.835820895522389,92.16417910447761
Hawaiʻi,ahupuaa,Kemau,2026-03,0.0,0.0,0.0,0.0,0.0,0.0,0.0,100.0,0.0,0.0,0.0
Hawaiʻi,ahupuaa,Keonepokoiki,2026-03,0.0,0.0,0.0,0.0,0.0,100.0,0.0,0.0,0.0,0.0,0.0
Hawaiʻi,ahupuaa,Keonepokonui,2026-03,0.0,0.0,0.0,0.0,0.0,100.0,0.0,0.0,0.0,0.0,0.0
Hawaiʻi,ahupuaa,"Keoniki, Kauniho, Wa",2026-03,0.0,0.0,0.0,0.0,0.0,0.0,0.0,0.0,0.0,56.19834710743802,43.80165289256198
Hawaiʻi,ahupuaa,Keālia 1,2026-03,0.0,0.0,0.0,0.0,0.0,0.0,0.0,0.0,0.0,0.0,100.0
Hawaiʻi,ahupuaa,Keālia 2,2026-03,0.0,0.0,0.0,0.0,0.0,0.0,0.0,0.0,0.0,0.0,100.0
Hawaiʻi,ahupuaa,Keʻei 1,2026-03,0.0,0.0,0.0,0.0,0.0,0.0,0.0,0.0,0.0,0.0,100.0
Hawaiʻi,ahupuaa,Keʻei 2,2026-03,0.0,0.0,0.0,0.0,0.0,0.0,0.0,0.0,0.0,0.0,100.0
Hawaiʻi,ahupuaa,"Keʻekeʻe 1-2, Kanakau",2026-03,0.0,0.0,0.0,0.0,0.0,0.0,0.0,0.0,0.0,0.0,100.0
Hawaiʻi,ahupuaa,"Kiolakaʻa, Puʻumakaʻā",2026-03,0.0,0.0,0.0,0.0,0.0,0.0,0.0,0.0,0.0,81.39013452914799,18.609865470852018
Hawaiʻi,ahupuaa,Kiʻilae,2026-03,0.0,0.0,0.0,0.0,0.0,0.0,0.0,0.0,0.0,0.0,100.0
Hawaiʻi,ahupuaa,Kiʻiokalani,2026-03,0.0,0.0,0.0,0.0,0.0,0.0,0.0,0.0,0.0,19.51219512195122,80.48780487804879
Hawaiʻi,ahupuaa,Kohanaiki,2026-03,0.0,0.0,0.0,0.0,0.0,0.0,0.0,0.0,0.0,0.0,100.0
Hawaiʻi,ahupuaa,Koholālele,2026-03,0.0,0.0,0.0,0.0,0.0,0.0,0.0,100.0,0.0,0.0,0.0
Hawaiʻi,ahupuaa,Kokoiki,2026-03,0.0,0.0,0.0,0.0,0.0,0.0,0.0,0.0,0.0,0.0,100.0
Hawaiʻi,ahupuaa,Kolo,2026-03,0.0,0.0,0.0,0.0,0.0,0.0,0.0,0.0,0.0,0.0,100.0
Hawaiʻi,ahupuaa,"Koloaha, Kulihaʻi",2026-03,0.0,0.0,0.0,0.0,0.0,0.0,0.0,0.0,0.0,100.0,0.0
Hawaiʻi,ahupuaa,Kou,2026-03,0.0,0.0,0.0,0.0,0.0,0.0,0.0,0.0,0.0,0.0,100.0
Hawaiʻi,ahupuaa,Kuilei 1-2,2026-03,0.0,0.0,0.0,0.0,0.0,0.0,0.0,0.0,0.0,100.0,0.0
Hawaiʻi,ahupuaa,Kukuihaele,2026-03,0.0,0.0,0.0,0.0,0.0,0.0,0.0,0.0,0.0,100.0,0.0
Hawaiʻi,ahupuaa,"Kukuihala, Kamāʻili",2026-03,0.0,0.0,0.0,0.0,0.0,100.0,0.0,0.0,0.0,0.0,0.0
Hawaiʻi,ahupuaa,Kukuikea,2026-03,0.0,0.0,0.0,0.0,0.0,0.0,100.0,0.0,0.0,0.0,0.0
Hawaiʻi,ahupuaa,Kukuiopaʻe 1-2,2026-03,0.0,0.0,0.0,0.0,0.0,0.0,0.0,0.0,0.0,0.0,100.0
Hawaiʻi,ahupuaa,Kukuipahu,2026-03,0.0,0.0,0.0,0.0,0.0,0.0,0.0,0.0,0.0,0.0,100.0
Hawaiʻi,ahupuaa,Kula,2026-03,0.0,0.0,0.0,0.0,0.0,100.0,0.0,0.0,0.0,0.0,0.0
Hawaiʻi,ahupuaa,"Kulanakiʻi, Kahīnano",2026-03,0.0,0.0,0.0,0.0,0.0,0.0,3.1746031746031744,96.82539682539682,0.0,0.0,0.0
Hawaiʻi,ahupuaa,Kulaʻikahonu,2026-03,0.0,0.0,0.0,0.0,0.0,0.0,100.0,0.0,0.0,0.0,0.0
Hawaiʻi,ahupuaa,Kulaʻimano,2026-03,0.0,0.0,0.0,0.0,0.0,0.0,100.0,0.0,0.0,0.0,0.0
Hawaiʻi,ahupuaa,"Kāhei, Hualua",2026-03,0.0,0.0,0.0,0.0,0.0,0.0,0.0,0.0,0.0,0.0,100.0
Hawaiʻi,ahupuaa,Kāwala,2026-03,0.0,0.0,0.0,0.0,0.0,0.0,0.0,0.0,0.0,100.0,0.0
Hawaiʻi,ahupuaa,Kēōkea,2026-03,0.0,0.0,0.0,0.0,0.0,0.0,0.0,0.0,0.0,0.0,100.0
Hawaiʻi,ahupuaa,Kīkala,2026-03,0.0,0.0,0.0,0.0,0.0,0.0,77.04918032786885,22.950819672131146,0.0,0.0,0.0
Hawaiʻi,ahupuaa,"Kīkala 1-2, Kēōkea",2026-03,0.0,0.0,0.0,0.0,0.0,73.33333333333333,26.666666666666668,0.0,0.0,0.0,0.0
Hawaiʻi,ahupuaa,Kīpahoehoe,2026-03,0.0,0.0,0.0,0.0,0.0,0.0,0.0,0.0,0.0,3.5897435897435894,96.41025641025641
Hawaiʻi,ahupuaa,Kīʻao,2026-03,0.0,0.0,0.0,0.0,0.0,0.0,0.0,0.0,0.0,16.541353383458645,83.45864661654136
Hawaiʻi,ahupuaa,Kīʻolokū,2026-03,0.0,0.0,0.0,0.0,0.0,0.0,0.0,0.0,0.0,100.0,0.0
Hawaiʻi,ahupuaa,Kūkaʻiau,2026-03,0.0,0.0,0.0,0.0,0.0,0.0,0.0,100.0,0.0,0.0,0.0
Hawaiʻi,ahupuaa,"Kūkiʻo, Maniniʻōwali",2026-03,0.0,0.0,0.0,0.0,0.0,0.0,0.0,0.0,12.5,79.0,8.5
Hawaiʻi,ahupuaa,Kūkūau 1,2026-03,0.0,0.0,0.0,0.0,0.0,0.0,27.9874213836478,72.0125786163522,0.0,0.0,0.0
Hawaiʻi,ahupuaa,Kūkūau 2,2026-03,0.0,0.0,0.0,0.0,0.0,0.0,20.0,80.0,0.0,0.0,0.0
Hawaiʻi,ahupuaa,"Laeʻapuki, Pānaui-iki",2026-03,0.0,0.0,0.0,0.0,0.0,0.0,0.0,100.0,0.0,0.0,0.0
Hawaiʻi,ahupuaa,Laimi,2026-03,0.0,0.0,0.0,0.0,0.0,0.0,100.0,0.0,0.0,0.0,0.0
Hawaiʻi,ahupuaa,"Lanihau 1-2, Moeauo",2026-03,0.0,0.0,0.0,0.0,0.0,0.0,0.0,0.0,0.0,0.0,100.0
Hawaiʻi,ahupuaa,Lanikepu,2026-03,0.0,0.0,0.0,0.0,0.0,0.0,0.0,0.0,0.0,55.00000000000001,45.0
Hawaiʻi,ahupuaa,Laupāhoehoe 1,2026-03,0.0,0.0,0.0,0.0,0.0,0.0,0.0,0.0,0.0,1.4563106796116505,98.54368932038835
Hawaiʻi,ahupuaa,"Laupāhoehoe, Welokā",2026-03,0.0,0.0,0.0,0.0,0.0,0.0,0.0,100.0,0.0,0.0,0.0
Hawaiʻi,ahupuaa,"Lepoloa, Kaluakailio",2026-03,0.0,0.0,0.0,0.0,0.0,0.0,100.0,0.0,0.0,0.0,0.0
Hawaiʻi,ahupuaa,"Lālāmilo, Keanuʻiʻomanō",2026-03,0.0,0.0,0.0,0.0,0.0,0.0,0.0,58.63228699551569,30.04484304932735,11.32286995515695,0.0
Hawaiʻi,ahupuaa,Mahaiʻula,2026-03,0.0,0.0,0.0,0.0,0.0,0.0,0.0,0.0,0.0,36.486486486486484,63.51351351351351
Hawaiʻi,ahupuaa,"Makahanaloa, Pepeʻekeo",2026-03,0.0,0.0,0.0,0.0,0.0,0.0,29.535864978902953,70.46413502109705,0.0,0.0,0.0
Hawaiʻi,ahupuaa,Makalawena,2026-03,0.0,0.0,0.0,0.0,0.0,0.0,0.0,0.0,0.0,81.25,18.75
Hawaiʻi,ahupuaa,"Makanikahio 1-2, Auau",2026-03,0.0,0.0,0.0,0.0,0.0,0.0,0.0,0.0,0.0,0.0,100.0
Hawaiʻi,ahupuaa,"Makapala, Niuliʻi",2026-03,0.0,0.0,0.0,0.0,0.0,0.0,0.0,0.0,0.0,0.0,100.0
Hawaiʻi,ahupuaa,Makaʻula,2026-03,0.0,0.0,0.0,0.0,0.0,0.0,0.0,0.0,0.0,0.0,100.0
Hawaiʻi,ahupuaa,Makeanehu,2026-03,0.0,0.0,0.0,0.0,0.0,0.0,0.0,0.0,0.0,7.142857142857142,92.85714285714286
Hawaiʻi,ahupuaa,"Makiloa, Pahinahina",2026-03,0.0,0.0,0.0,0.0,0.0,0.0,0.0,23.170731707317074,18.902439024390244,17.682926829268293,40.243902439024396
Hawaiʻi,ahupuaa,"Makuʻu, Pōpōkī, Hālo",2026-03,0.0,0.0,0.0,0.0,0.0,100.0,0.0,0.0,0.0,0.0,0.0
Hawaiʻi,ahupuaa,Malama 1,2026-03,0.0,0.0,0.0,0.0,0.0,100.0,0.0,0.0,0.0,0.0,0.0
Hawaiʻi,ahupuaa,Malanahae,2026-03,0.0,0.0,0.0,0.0,0.0,0.0,0.0,0.0,0.0,100.0,0.0
Hawaiʻi,ahupuaa,Manoloa,2026-03,0.0,0.0,0.0,0.0,0.0,0.0,10.344827586206897,89.65517241379311,0.0,0.0,0.0
Hawaiʻi,ahupuaa,Manowaialeʻe,2026-03,0.0,0.0,0.0,0.0,0.0,0.0,0.0,100.0,0.0,0.0,0.0
Hawaiʻi,ahupuaa,Manukā,2026-03,0.0,0.0,0.0,0.0,0.0,0.0,0.0,0.0,0.0,0.24752475247524752,99.75247524752476
Hawaiʻi,ahupuaa,Maulili,2026-03,0.0,0.0,0.0,0.0,0.0,0.0,0.0,0.0,0.0,0.0,100.0
Hawaiʻi,ahupuaa,Mauluaiki,2026-03,0.0,0.0,0.0,0.0,0.0,0.0,0.0,100.0,0.0,0.0,0.0
Hawaiʻi,ahupuaa,Mauluanui,2026-03,0.0,0.0,0.0,0.0,0.0,0.0,0.0,100.0,0.0,0.0,0.0
Hawaiʻi,ahupuaa,Maʻulili,2026-03,,,,,,,,,,,
Hawaiʻi,ahupuaa,Mohokea,2026-03,0.0,0.0,0.0,0.0,0.0,0.0,0.0,0.0,0.0,100.0,0.0
Hawaiʻi,ahupuaa,Mohokeanui,2026-03,0.0,0.0,0.0,0.0,0.0,0.0,0.0,0.0,0.0,100.0,0.0
Hawaiʻi,ahupuaa,"Mokuhonua, Halepuna",2026-03,0.0,0.0,0.0,0.0,0.0,0.0,100.0,0.0,0.0,0.0,0.0
Hawaiʻi,ahupuaa,Mokuoniki,2026-03,0.0,0.0,0.0,0.0,0.0,0.0,100.0,0.0,0.0,0.0,0.0
Hawaiʻi,ahupuaa,Momoualoa,2026-03,0.0,0.0,0.0,0.0,0.0,0.0,0.0,0.0,0.0,56.86274509803921,43.13725490196079
Hawaiʻi,ahupuaa,Moʻoiki,2026-03,0.0,0.0,0.0,0.0,0.0,0.0,0.0,0.0,0.0,100.0,0.0
Hawaiʻi,ahupuaa,"Māhukona, Hihiu, K",2026-03,0.0,0.0,0.0,0.0,0.0,0.0,0.0,0.0,0.0,0.0,100.0
Hawaiʻi,ahupuaa,Mālamalamaiki,2026-03,0.0,0.0,0.0,0.0,0.0,0.0,100.0,0.0,0.0,0.0,0.0
Hawaiʻi,ahupuaa,Mānienie,2026-03,0.0,0.0,0.0,0.0,0.0,0.0,0.0,100.0,0.0,0.0,0.0
Hawaiʻi,ahupuaa,"Nakoʻoka, Laupāhoeho",2026-03,0.0,0.0,0.0,0.0,0.0,0.0,0.0,0.0,0.0,0.0,100.0
Hawaiʻi,ahupuaa,"Namoku, Papuaʻa",2026-03,0.0,0.0,0.0,0.0,0.0,0.0,0.0,0.0,32.142857142857146,67.85714285714286,0.0
Hawaiʻi,ahupuaa,Nanue,2026-03,0.0,0.0,0.0,0.0,0.0,0.0,63.888888888888886,36.11111111111111,0.0,0.0,0.0
Hawaiʻi,ahupuaa,Nienie,2026-03,0.0,0.0,0.0,0.0,0.0,0.0,11.41732283464567,36.351706036745405,31.88976377952756,20.341207349081365,0.0
Hawaiʻi,ahupuaa,"Niupea, Kealakaha",2026-03,0.0,0.0,0.0,0.0,0.0,0.0,0.0,100.0,0.0,0.0,0.0
Hawaiʻi,ahupuaa,Nunuluiki,2026-03,0.0,0.0,0.0,0.0,0.0,0.0,0.0,0.0,0.0,0.0,100.0
Hawaiʻi,ahupuaa,Nunulunui,2026-03,0.0,0.0,0.0,0.0,0.0,0.0,0.0,0.0,0.0,0.0,100.0
Hawaiʻi,ahupuaa,Nānāwale,2026-03,0.0,0.0,0.0,0.0,0.0,100.0,0.0,0.0,0.0,0.0,0.0
Hawaiʻi,ahupuaa,Ohanaula,2026-03,0.0,0.0,0.0,0.0,0.0,0.0,0.0,0.0,0.0,0.0,100.0
Hawaiʻi,ahupuaa,Okoe 1-2,2026-03,0.0,0.0,0.0,0.0,0.0,0.0,0.0,0.0,0.0,0.0,100.0
Hawaiʻi,ahupuaa,Onomea,2026-03,0.0,0.0,0.0,0.0,0.0,0.0,70.93596059113301,29.064039408866993,0.0,0.0,0.0
Hawaiʻi,ahupuaa,"Opea, Peleau, ʻAwa",2026-03,0.0,0.0,0.0,0.0,0.0,0.0,92.07920792079209,7.920792079207921,0.0,0.0,0.0
Hawaiʻi,ahupuaa,Opihikao,2026-03,0.0,0.0,0.0,0.0,0.0,100.0,0.0,0.0,0.0,0.0,0.0
Hawaiʻi,ahupuaa,Opihilala,2026-03,0.0,0.0,0.0,0.0,0.0,0.0,0.0,100.0,0.0,0.0,0.0
Hawaiʻi,ahupuaa,"Opihipau, Hukiaʻa",2026-03,0.0,0.0,0.0,0.0,0.0,0.0,0.0,0.0,0.0,0.0,100.0
Hawaiʻi,ahupuaa,Paihaʻaloa,2026-03,0.0,0.0,0.0,0.0,0.0,0.0,100.0,0.0,0.0,0.0,0.0
Hawaiʻi,ahupuaa,Palauhulu 1-2,2026-03,0.0,0.0,0.0,0.0,0.0,0.0,0.0,0.0,0.0,100.0,0.0
Hawaiʻi,ahupuaa,Papaki,2026-03,0.0,0.0,0.0,0.0,0.0,0.0,0.0,0.0,0.0,100.0,0.0
Hawaiʻi,ahupuaa,Papalele,2026-03,0.0,0.0,0.0,0.0,0.0,0.0,0.0,100.0,0.0,0.0,0.0
Hawaiʻi,ahupuaa,Papaʻanui,2026-03,0.0,0.0,0.0,0.0,0.0,0.0,0.0,0.0,88.23529411764706,11.76470588235294,0.0
Hawaiʻi,ahupuaa,Pauahi,2026-03,0.0,0.0,0.0,0.0,0.0,0.0,0.0,0.0,5.084745762711865,52.54237288135594,42.3728813559322
Hawaiʻi,ahupuaa,Paukaʻa,2026-03,0.0,0.0,0.0,0.0,0.0,0.0,15.042735042735043,84.95726495726495,0.0,0.0,0.0
Hawaiʻi,ahupuaa,Paʻalaea,2026-03,0.0,0.0,0.0,0.0,0.0,0.0,0.0,0.0,100.0,0.0,0.0
Hawaiʻi,ahupuaa,Paʻauilo,2026-03,0.0,0.0,0.0,0.0,0.0,0.0,0.0,100.0,0.0,0.0,0.0
Hawaiʻi,ahupuaa,"Pihā, Kahuku",2026-03,0.0,0.0,0.0,0.0,0.0,0.0,15.18624641833811,84.81375358166189,0.0,0.0,0.0
Hawaiʻi,ahupuaa,Piʻihonua,2026-03,0.0,0.0,0.0,0.0,0.0,0.0,9.594000517196793,90.40599948280321,0.0,0.0,0.0
Hawaiʻi,ahupuaa,Pohakuhaku,2026-03,0.0,0.0,0.0,0.0,0.0,0.0,0.0,100.0,0.0,0.0,0.0
Hawaiʻi,ahupuaa,Pohoiki,2026-03,0.0,0.0,0.0,0.0,0.0,100.0,0.0,0.0,0.0,0.0,0.0
Hawaiʻi,ahupuaa,Pololū,2026-03,0.0,0.0,0.0,0.0,0.0,0.0,0.0,0.0,0.0,0.0,100.0
Hawaiʻi,ahupuaa,Ponahawai,2026-03,0.0,0.0,0.0,0.0,0.0,0.0,51.072961373390555,48.927038626609445,0.0,0.0,0.0
Hawaiʻi,ahupuaa,"Poupou 1-2, Pūlama",2026-03,0.0,0.0,0.0,0.0,0.0,0.0,66.34615384615384,33.65384615384615,0.0,0.0,0.0
Hawaiʻi,ahupuaa,Puaiki,2026-03,0.0,0.0,0.0,0.0,0.0,0.0,0.0,0.0,0.0,40.0,60.0
Hawaiʻi,ahupuaa,Puakea,2026-03,0.0,0.0,0.0,0.0,0.0,0.0,0.0,0.0,0.0,0.0,100.0
Hawaiʻi,ahupuaa,Puanui,2026-03,0.0,0.0,0.0,0.0,0.0,0.0,0.0,0.0,0.0,23.52941176470588,76.47058823529412
Hawaiʻi,ahupuaa,Puapuaʻa 2,2026-03,0.0,0.0,0.0,0.0,0.0,0.0,0.0,0.0,0.0,0.0,100.0
Hawaiʻi,ahupuaa,Puaʻa 1,2026-03,0.0,0.0,0.0,0.0,0.0,0.0,0.0,0.0,0.0,0.0,100.0
Hawaiʻi,ahupuaa,"Puaʻa 2-3, Waiʻaha 1",2026-03,0.0,0.0,0.0,0.0,0.0,0.0,0.0,0.0,0.0,0.0,100.0
Hawaiʻi,ahupuaa,"Puaʻakuloa, Kapena",2026-03,0.0,0.0,0.0,0.0,0.0,0.0,45.13274336283185,54.86725663716814,0.0,0.0,0.0
Hawaiʻi,ahupuaa,"Puehuehu, Laʻaumama",2026-03,0.0,0.0,0.0,0.0,0.0,0.0,0.0,0.0,0.0,0.0,100.0
Hawaiʻi,ahupuaa,Pueopaku,2026-03,0.0,0.0,0.0,0.0,0.0,0.0,100.0,0.0,0.0,0.0,0.0
Hawaiʻi,ahupuaa,Punahoa 1,2026-03,0.0,0.0,0.0,0.0,0.0,0.0,57.8125,42.1875,0.0,0.0,0.0
Hawaiʻi,ahupuaa,Punahoa 2,2026-03,0.0,0.0,0.0,0.0,0.0,0.0,10.129870129870131,89.87012987012987,0.0,0.0,0.0
Hawaiʻi,ahupuaa,Punaluʻu,2026-03,0.0,0.0,0.0,0.0,0.0,0.0,0.0,0.0,1.3192612137203166,98.68073878627969,0.0
Hawaiʻi,ahupuaa,Puua,2026-03,0.0,0.0,0.0,0.0,0.0,100.0,0.0,0.0,0.0,0.0,0.0
Hawaiʻi,ahupuaa,Puumoi,2026-03,0.0,0.0,0.0,0.0,0.0,0.0,82.6923076923077,17.307692307692307,0.0,0.0,0.0
Hawaiʻi,ahupuaa,Puʻuanahulu,2026-03,0.0,0.0,0.0,0.0,0.0,0.0,0.0,11.304170073589534,50.75633687653311,21.177432542927228,16.76206050695012
Hawaiʻi,ahupuaa,Puʻuepa,2026-03,0.0,0.0,0.0,0.0,0.0,0.0,0.0,0.0,0.0,0.0,100.0
Hawaiʻi,ahupuaa,Puʻukapu,2026-03,0.0,0.0,0.0,0.0,0.0,0.0,1.8002322880371662,18.234610917537747,22.822299651567945,24.796747967479675,32.34610917537747
Hawaiʻi,ahupuaa,"Puʻukawaiwai, Panoluʻukia",2026-03,0.0,0.0,0.0,0.0,0.0,0.0,0.0,2.083333333333333,33.33333333333333,48.75,15.833333333333332
Hawaiʻi,ahupuaa,"Puʻukole, Koea, Lapakahi",2026-03,0.0,0.0,0.0,0.0,0.0,0.0,0.0,0.0,0.0,0.0,100.0
Hawaiʻi,ahupuaa,Puʻuokumau,2026-03,0.0,0.0,0.0,0.0,0.0,0.0,0.0,0.0,0.0,0.0,100.0
Hawaiʻi,ahupuaa,Puʻuwaʻawaʻa,2026-03,0.0,0.0,0.0,0.0,0.0,0.0,0.0,0.0,45.89511754068717,51.13924050632911,2.965641952983725
Hawaiʻi,ahupuaa,Puʻuʻeo,2026-03,0.0,0.0,0.0,0.0,0.0,0.0,73.5576923076923,26.442307692307693,0.0,0.0,0.0
Hawaiʻi,ahupuaa,Pāhoa,2026-03,0.0,0.0,0.0,0.0,0.0,0.0,0.0,0.0,0.0,0.0,100.0
Hawaiʻi,ahupuaa,Pāhoehoe,2026-03,0.0,0.0,0.0,0.0,0.0,0.0,68.62745098039215,31.372549019607842,0.0,0.0,0.0
Hawaiʻi,ahupuaa,"Pāhoehoe A 1-4, Mau",2026-03,0.0,0.0,0.0,0.0,0.0,0.0,0.0,0.0,0.0,0.0,100.0
Hawaiʻi,ahupuaa,Pāhoehoe B 1-3,2026-03,0.0,0.0,0.0,0.0,0.0,0.0,0.0,0.0,0.0,0.0,100.0
Hawaiʻi,ahupuaa,Pākiniiki,2026-03,0.0,0.0,0.0,0.0,0.0,0.0,0.0,0.0,0.0,51.87500000000001,48.125
Hawaiʻi,ahupuaa,"Pākininui, Puʻulena",2026-03,0.0,0.0,0.0,0.0,0.0,0.0,0.0,0.0,0.0,20.980091883614087,79.0199081163859
Hawaiʻi,ahupuaa,Pānauinui,2026-03,0.0,0.0,0.0,0.0,0.0,0.0,0.0,100.0,0.0,0.0,0.0
Hawaiʻi,ahupuaa,Pāpaʻa,2026-03,0.0,0.0,0.0,0.0,0.0,0.0,100.0,0.0,0.0,0.0,0.0
Hawaiʻi,ahupuaa,Pāpaʻikou,2026-03,0.0,0.0,0.0,0.0,0.0,0.0,11.134020618556702,88.8659793814433,0.0,0.0,0.0
Hawaiʻi,ahupuaa,Pāpā 1,2026-03,0.0,0.0,0.0,0.0,0.0,0.0,0.0,0.0,0.0,16.101694915254235,83.89830508474576
Hawaiʻi,ahupuaa,Pāpā 2,2026-03,0.0,0.0,0.0,0.0,0.0,0.0,0.0,0.0,0.0,23.333333333333332,76.66666666666667
Hawaiʻi,ahupuaa,Pāʻauhau,2026-03,0.0,0.0,0.0,0.0,0.0,0.0,17.435897435897434,62.56410256410256,20.0,0.0,0.0
Hawaiʻi,ahupuaa,Pāʻauhau-mauka,2026-03,0.0,0.0,0.0,0.0,0.0,30.826010544815464,41.89806678383128,27.275922671353253,0.0,0.0,0.0
Hawaiʻi,ahupuaa,"Pāʻauʻau 1, Palima",2026-03,0.0,0.0,0.0,0.0,0.0,0.0,0.0,0.0,84.0,16.0,0.0
Hawaiʻi,ahupuaa,Pāʻauʻau 2,2026-03,0.0,0.0,0.0,0.0,0.0,0.0,0.0,0.0,77.02127659574468,22.97872340425532,0.0
Hawaiʻi,ahupuaa,Pōhakulua,2026-03,0.0,0.0,0.0,0.0,0.0,0.0,0.0,0.0,0.0,0.0,100.0
Hawaiʻi,ahupuaa,"Pōhakulua, Ahulua",2026-03,0.0,0.0,0.0,0.0,0.0,0.0,0.0,0.0,1.8518518518518516,42.592592592592595,55.55555555555556
Hawaiʻi,ahupuaa,Pūʻālaʻa,2026-03,0.0,0.0,0.0,0.0,0.0,100.0,0.0,0.0,0.0,0.0,0.0
Hawaiʻi,ahupuaa,Umauma,2026-03,0.0,0.0,0.0,0.0,0.0,0.0,29.25170068027211,70.74829931972789,0.0,0.0,0.0
Hawaiʻi,ahupuaa,"Waiakahiula, Kaʻohe 1",2026-03,0.0,0.0,0.0,0.0,0.0,67.10526315789474,32.89473684210527,0.0,0.0,0.0,0.0
Hawaiʻi,ahupuaa,"Waiakahiula, Kaʻohe 2",2026-03,0.0,0.0,0.0,0.0,0.0,100.0,0.0,0.0,0.0,0.0,0.0
Hawaiʻi,ahupuaa,Waiea,2026-03,0.0,0.0,0.0,0.0,0.0,0.0,0.0,0.0,0.0,0.0,100.0
Hawaiʻi,ahupuaa,Waikahekahe,2026-03,0.0,0.0,0.0,0.0,0.0,100.0,0.0,0.0,0.0,0.0,0.0
Hawaiʻi,ahupuaa,Waikahekaheiki,2026-03,0.0,0.0,0.0,0.0,0.0,87.54716981132076,12.452830188679245,0.0,0.0,0.0,0.0
Hawaiʻi,ahupuaa,Waikahekahenui,2026-03,0.0,0.0,0.0,0.0,0.0,100.0,0.0,0.0,0.0,0.0,0.0
Hawaiʻi,ahupuaa,Waikapu,2026-03,0.0,0.0,0.0,0.0,0.0,0.0,0.0,0.0,0.0,0.0,100.0
Hawaiʻi,ahupuaa,Waikaumalo,2026-03,0.0,0.0,0.0,0.0,0.0,0.0,0.0,100.0,0.0,0.0,0.0
Hawaiʻi,ahupuaa,Waikaʻalulu,2026-03,0.0,0.0,0.0,0.0,0.0,0.0,0.0,100.0,0.0,0.0,0.0
Hawaiʻi,ahupuaa,Waikoekoe,2026-03,0.0,0.0,0.0,0.0,0.0,0.0,0.0,0.0,0.8108108108108109,99.1891891891892,0.0
Hawaiʻi,ahupuaa,Waikoloa,2026-03,0.0,0.0,0.0,0.0,0.0,0.0,0.0,0.0,0.0,100.0,0.0
Hawaiʻi,ahupuaa,Waikā,2026-03,0.0,0.0,0.0,0.0,0.0,0.0,0.0,20.51282051282051,11.794871794871794,17.94871794871795,49.743589743589745
Hawaiʻi,ahupuaa,Waikākuʻu,2026-03,0.0,0.0,0.0,0.0,0.0,0.0,0.0,0.0,0.0,0.0,100.0
Hawaiʻi,ahupuaa,"Wailau, Nīnole, Kaʻa",2026-03,0.0,0.0,0.0,0.0,0.0,0.0,0.0,0.0,46.64282876440207,53.35717123559793,0.0
Hawaiʻi,ahupuaa,Wailea,2026-03,0.0,0.0,0.0,0.0,0.0,0.0,100.0,0.0,0.0,0.0,0.0
Hawaiʻi,ahupuaa,Wailua,2026-03,0.0,0.0,0.0,0.0,0.0,0.0,100.0,0.0,0.0,0.0,0.0
Hawaiʻi,ahupuaa,Waimanu,2026-03,0.0,0.0,0.0,0.0,0.0,0.0,0.0,0.0,0.0,6.046511627906977,93.95348837209302
Hawaiʻi,ahupuaa,"Waimea, Waikoloa",2026-03,0.0,0.0,0.0,0.0,0.0,0.0,0.0422237860661506,80.11259676284307,16.565798733286417,2.983814215341309,0.2955665024630542
Hawaiʻi,ahupuaa,Wainaku,2026-03,0.0,0.0,0.0,0.0,0.0,0.0,100.0,0.0,0.0,0.0,0.0
Hawaiʻi,ahupuaa,Waiomao,2026-03,0.0,0.0,0.0,0.0,0.0,0.0,0.0,0.0,0.0,100.0,0.0
Hawaiʻi,ahupuaa,Waipiʻo,2026-03,0.0,0.0,0.0,0.0,0.0,0.0,0.0,0.0,0.0,47.96650717703349,52.03349282296651
Hawaiʻi,ahupuaa,Waipunalei,2026-03,0.0,0.0,0.0,0.0,0.0,0.0,0.0,100.0,0.0,0.0,0.0
Hawaiʻi,ahupuaa,Waiākea,2026-03,0.0,0.0,0.0,0.0,0.0,0.0,37.68992476766485,62.31007523233515,0.0,0.0,0.0
Hawaiʻi,ahupuaa,Waiʻaleʻale 1-2,2026-03,0.0,0.0,0.0,0.0,0.0,0.0,0.0,0.0,0.0,100.0,0.0
Hawaiʻi,ahupuaa,Waiʻōhinu,2026-03,0.0,0.0,0.0,0.0,0.0,0.0,0.0,0.0,0.0,97.81368821292776,2.1863117870722433
Hawaiʻi,ahupuaa,Waʻawaʻa,2026-03,0.0,0.0,0.0,0.0,0.0,100.0,0.0,0.0,0.0,0.0,0.0
Hawaiʻi,ahupuaa,"Weha, Mahakuolo",2026-03,0.0,0.0,0.0,0.0,0.0,0.0,0.0,71.7741935483871,28.225806451612907,0.0,0.0
Hawaiʻi,ahupuaa,ʻAlae,2026-03,0.0,0.0,0.0,0.0,0.0,0.0,45.20547945205479,54.794520547945204,0.0,0.0,0.0
Hawaiʻi,ahupuaa,ʻAlikā,2026-03,0.0,0.0,0.0,0.0,0.0,0.0,0.0,0.0,0.0,17.251461988304094,82.7485380116959
Hawaiʻi,ahupuaa,ʻAnaehoʻomalu,2026-03,0.0,0.0,0.0,0.0,0.0,0.0,0.0,61.016949152542374,38.983050847457626,0.0,0.0
Hawaiʻi,ahupuaa,ʻIole,2026-03,0.0,0.0,0.0,0.0,0.0,0.0,0.0,0.0,0.0,0.0,100.0
Hawaiʻi,ahupuaa,ʻOʻoma 1,2026-03,0.0,0.0,0.0,0.0,0.0,0.0,0.0,0.0,0.0,0.0,100.0
Hawaiʻi,ahupuaa,ʻOʻoma 2,2026-03,0.0,0.0,0.0,0.0,0.0,0.0,0.0,0.0,0.0,0.0,100.0
Hawaiʻi,ahupuaa,ʻOʻōkala,2026-03,0.0,0.0,0.0,0.0,0.0,0.0,0.0,100.0,0.0,0.0,0.0
Hawaiʻi,ahupuaa,ʻUpolu,2026-03,0.0,0.0,0.0,0.0,0.0,0.0,0.0,0.0,0.0,0.0,100.0
Hawaiʻi,ahupuaa,ʻĀinakea,2026-03,0.0,0.0,0.0,0.0,0.0,0.0,0.0,0.0,0.0,0.0,100.0
Hawaiʻi,ahupuaa,ʻĀpua 1,2026-03,0.0,0.0,0.0,0.0,0.0,0.0,0.0,74.02777777777779,25.972222222222225,0.0,0.0
Hawaiʻi,ahupuaa,ʻĀpua 2,2026-03,0.0,0.0,0.0,0.0,0.0,0.0,0.0,0.0,0.0,0.0,100.0
Hawaiʻi,ahupuaa,ʻĀwini,2026-03,0.0,0.0,0.0,0.0,0.0,0.0,0.0,0.0,0.0,0.0,100.0
Hawaiʻi,ahupuaa,ʻĀʻamakaō,2026-03,0.0,0.0,0.0,0.0,0.0,0.0,0.0,0.0,0.0,0.0,100.0
Hawaiʻi,ahupuaa,ʻĀʻāmanu,2026-03,0.0,0.0,0.0,0.0,0.0,0.0,0.0,100.0,0.0,0.0,0.0
Hawaiʻi,ahupuaa,ʻŌlaʻa,2026-03,0.0,0.0,0.0,0.0,0.0,4.725168756027001,44.79267116682738,50.48216007714561,0.0,0.0,0.0
Hawaiʻi,ahupuaa,"ʻŌlelomoana 1-4, Opihihali",2026-03,0.0,0.0,0.0,0.0,0.0,0.0,0.0,0.0,0.0,0.0,100.0
Hawaiʻi,ahupuaa,ʻŌuli,2026-03,0.0,0.0,0.0,0.0,0.0,0.0,0.0,62.890625,11.328125,18.75,7.03125
Kahoʻolawe,ahupuaa,N/A,2026-03,0.0,0.0,0.0,0.0,0.0,0.0,0.0,0.0,0.0,0.0,100.0
Kauaʻi,ahupuaa,Anahola,2026-03,0.0,0.0,0.0,0.0,0.0,23.52941176470588,19.457013574660635,43.665158371040725,13.34841628959276,0.0,0.0
Kauaʻi,ahupuaa,East Waiakalua,2026-03,0.0,0.0,0.0,0.0,0.0,76.31578947368422,23.684210526315788,0.0,0.0,0.0,0.0
Kauaʻi,ahupuaa,Hanakoa,2026-03,0.0,0.0,0.0,0.0,0.0,100.0,0.0,0.0,0.0,0.0,0.0
Kauaʻi,ahupuaa,Hanakāpīʻai,2026-03,0.0,0.0,0.0,0.0,0.0,100.0,0.0,0.0,0.0,0.0,0.0
Kauaʻi,ahupuaa,Hanalei,2026-03,0.0,0.0,0.0,0.0,0.0,86.76844783715013,12.298558100084819,0.9329940627650551,0.0,0.0,0.0
Kauaʻi,ahupuaa,Hanamāʻulu,2026-03,0.0,0.0,0.0,0.0,0.0,0.0,0.0,62.75430359937402,11.658841940532081,10.328638497652582,15.258215962441316
Kauaʻi,ahupuaa,Hanapēpē,2026-03,0.0,0.0,0.0,0.0,0.0,0.0,0.0,74.6551724137931,25.344827586206897,0.0,0.0
Kauaʻi,ahupuaa,Haʻikū,2026-03,0.0,0.0,0.0,0.0,0.0,0.0,0.0,41.522491349480966,37.0242214532872,11.76470588235294,9.688581314878892
Kauaʻi,ahupuaa,Honopū,2026-03,0.0,0.0,0.0,0.0,0.0,100.0,0.0,0.0,0.0,0.0,0.0
Kauaʻi,ahupuaa,Hāʻena,2026-03,0.0,0.0,0.0,0.0,0.0,100.0,0.0,0.0,0.0,0.0,0.0
Kauaʻi,ahupuaa,Kalalau,2026-03,0.0,0.0,0.0,0.0,0.0,100.0,0.0,0.0,0.0,0.0,0.0
Kauaʻi,ahupuaa,Kalapakī,2026-03,0.0,0.0,0.0,0.0,0.0,0.0,0.0,0.0,1.8957345971563981,15.165876777251185,82.93838862559242
Kauaʻi,ahupuaa,Kalihikai,2026-03,0.0,0.0,0.0,0.0,0.0,100.0,0.0,0.0,0.0,0.0,0.0
Kauaʻi,ahupuaa,Kalihiwai,2026-03,0.0,0.0,0.0,0.0,0.0,100.0,0.0,0.0,0.0,0.0,0.0
Kauaʻi,ahupuaa,Kalāheo,2026-03,0.0,0.0,0.0,0.0,0.0,0.0,0.2617801047120419,99.73821989528795,0.0,0.0,0.0
Kauaʻi,ahupuaa,Kamalomaloʻo,2026-03,0.0,0.0,0.0,0.0,0.0,14.201183431952662,27.810650887573964,29.585798816568047,26.627218934911244,1.7751479289940828,0.0
Kauaʻi,ahupuaa,Kapaʻa,2026-03,0.0,0.0,0.0,0.0,0.0,38.1651376146789,11.559633027522937,21.65137614678899,17.06422018348624,11.559633027522937,0.0
Kauaʻi,ahupuaa,Kaʻakaʻaniu,2026-03,0.0,0.0,0.0,0.0,0.0,0.0,0.0,100.0,0.0,0.0,0.0
Kauaʻi,ahupuaa,Keālia,2026-03,0.0,0.0,0.0,0.0,0.0,25.053533190578158,14.775160599571734,28.26552462526767,22.91220556745182,8.993576017130621,0.0
Kauaʻi,ahupuaa,Kāhili,2026-03,0.0,0.0,0.0,0.0,0.0,100.0,0.0,0.0,0.0,0.0,0.0
Kauaʻi,ahupuaa,Kīlauea,2026-03,0.0,0.0,0.0,0.0,0.0,100.0,0.0,0.0,0.0,0.0,0.0
Kauaʻi,ahupuaa,Kīpū,2026-03,0.0,0.0,0.0,0.0,0.0,0.0,0.0,0.0,7.804878048780488,44.390243902439025,47.80487804878049
Kauaʻi,ahupuaa,Kīpū Kai,2026-03,0.0,0.0,0.0,0.0,0.0,0.0,0.0,0.0,0.0,0.0,100.0
Kauaʻi,ahupuaa,Kōloa,2026-03,0.0,0.0,0.0,0.0,0.0,0.0,0.0,100.0,0.0,0.0,0.0
Kauaʻi,ahupuaa,Lepeuli,2026-03,0.0,0.0,0.0,0.0,0.0,0.0,80.95238095238095,19.047619047619047,0.0,0.0,0.0
Kauaʻi,ahupuaa,Lumahaʻi,2026-03,0.0,0.0,0.0,0.0,0.0,9.294871794871796,87.66025641025641,3.0448717948717947,0.0,0.0,0.0
Kauaʻi,ahupuaa,Lāwai,2026-03,0.0,0.0,0.0,0.0,0.0,0.0,0.0,100.0,0.0,0.0,0.0
Kauaʻi,ahupuaa,Makaweli,2026-03,0.0,0.0,0.0,0.0,0.0,0.0,1.5867019267094824,77.14393653192293,21.269361541367584,0.0,0.0
Kauaʻi,ahupuaa,Moloaʻa,2026-03,0.0,0.0,0.0,0.0,0.0,0.0,31.958762886597935,68.04123711340206,0.0,0.0,0.0
Kauaʻi,ahupuaa,Māhāʻulepū,2026-03,0.0,0.0,0.0,0.0,0.0,0.0,0.0,0.0,1.5625,64.0625,34.375
Kauaʻi,ahupuaa,Niumalu 1,2026-03,0.0,0.0,0.0,0.0,0.0,0.0,0.0,0.0,0.0,0.0,100.0
Kauaʻi,ahupuaa,Niumalu 2,2026-03,0.0,0.0,0.0,0.0,0.0,0.0,0.0,0.0,0.0,6.153846153846154,93.84615384615384
Kauaʻi,ahupuaa,North Olohena,2026-03,0.0,0.0,0.0,0.0,0.0,40.32258064516129,14.516129032258066,17.741935483870968,9.67741935483871,17.741935483870968,0.0
Kauaʻi,ahupuaa,Nāmāhana,2026-03,0.0,0.0,0.0,0.0,0.0,100.0,0.0,0.0,0.0,0.0,0.0
Kauaʻi,ahupuaa,Nāwiliwili,2026-03,0.0,0.0,0.0,0.0,0.0,0.0,0.0,0.0,6.0109289617486334,29.508196721311474,64.48087431693989
Kauaʻi,ahupuaa,Papaʻa,2026-03,0.0,0.0,0.0,0.0,0.0,0.0,0.0,100.0,0.0,0.0,0.0
Kauaʻi,ahupuaa,Pāʻā,2026-03,0.0,0.0,0.0,0.0,0.0,0.0,0.0,7.380073800738007,80.81180811808119,11.808118081180812,0.0
Kauaʻi,ahupuaa,Pīlaʻa,2026-03,0.0,0.0,0.0,0.0,0.0,22.115384615384613,77.88461538461539,0.0,0.0,0.0,0.0
Kauaʻi,ahupuaa,Pōhakuao,2026-03,0.0,0.0,0.0,0.0,0.0,100.0,0.0,0.0,0.0,0.0,0.0
Kauaʻi,ahupuaa,South Olohena,2026-03,0.0,0.0,0.0,0.0,0.0,4.597701149425287,22.988505747126435,39.08045977011494,16.091954022988507,17.24137931034483,0.0
Kauaʻi,ahupuaa,Wahiawa,2026-03,0.0,0.0,0.0,0.0,0.0,0.0,13.466334164588527,79.80049875311721,6.733167082294264,0.0,0.0
Kauaʻi,ahupuaa,Waiakalua,2026-03,0.0,0.0,0.0,0.0,0.0,85.47008547008546,14.529914529914532,0.0,0.0,0.0,0.0
Kauaʻi,ahupuaa,Waikoko,2026-03,0.0,0.0,0.0,0.0,0.0,80.0,20.0,0.0,0.0,0.0,0.0
Kauaʻi,ahupuaa,Wailua,2026-03,0.0,0.0,0.0,0.0,0.0,29.55390334572491,26.517967781908304,23.482032218091696,7.68277571251549,9.851301115241636,2.9120198265179678
Kauaʻi,ahupuaa,Waimea,2026-03,0.0,0.0,0.0,0.0,0.0,7.115858668857847,12.046014790468366,80.52588331963845,0.31224322103533275,0.0,0.0
Kauaʻi,ahupuaa,Wainiha,2026-03,0.0,0.0,0.0,0.0,0.0,16.823308270676694,48.1203007518797,35.056390977443606,0.0,0.0,0.0
Kauaʻi,ahupuaa,Waipake,2026-03,0.0,0.0,0.0,0.0,0.0,0.0,100.0,0.0,0.0,0.0,0.0
Kauaʻi,ahupuaa,Waipouli,2026-03,0.0,0.0,0.0,0.0,0.0,40.97560975609756,21.463414634146343,21.463414634146343,5.853658536585367,10.24390243902439,0.0
Kauaʻi,ahupuaa,Waipā,2026-03,0.0,0.0,0.0,0.0,0.0,40.67796610169492,59.32203389830508,0.0,0.0,0.0,0.0
Kauaʻi,ahupuaa,Waiʻoli,2026-03,0.0,0.0,0.0,0.0,0.0,99.59677419354838,0.4032258064516129,0.0,0.0,0.0,0.0
Kauaʻi,ahupuaa,Weliweli,2026-03,0.0,0.0,0.0,0.0,0.0,0.0,0.0,100.0,0.0,0.0,0.0
Kauaʻi,ahupuaa,West Waiakalua,2026-03,0.0,0.0,0.0,0.0,0.0,100.0,0.0,0.0,0.0,0.0,0.0
Kauaʻi,ahupuaa,ʻAliomanu,2026-03,0.0,0.0,0.0,0.0,0.0,0.0,0.0,100.0,0.0,0.0,0.0
Kauaʻi,ahupuaa,ʻEleʻele,2026-03,0.0,0.0,0.0,0.0,0.0,0.0,3.4090909090909087,96.5909090909091,0.0,0.0,0.0
Lānaʻi,ahupuaa,Kalulu,2026-03,0.0,0.0,0.0,0.0,0.0,0.0,0.0,0.0,0.0,0.0,100.0
Lānaʻi,ahupuaa,Kamao,2026-03,0.0,0.0,0.0,0.0,0.0,0.0,0.0,0.0,0.0,0.0,100.0
Lānaʻi,ahupuaa,Kamoku,2026-03,0.0,0.0,0.0,0.0,0.0,0.0,0.0,0.0,0.0,0.0,100.0
Lānaʻi,ahupuaa,Kaohai,2026-03,0.0,0.0,0.0,0.0,0.0,0.0,0.0,0.0,0.0,0.0,100.0
Lānaʻi,ahupuaa,Kaunolū,2026-03,0.0,0.0,0.0,0.0,0.0,0.0,0.0,0.0,0.0,0.0,100.0
Lānaʻi,ahupuaa,Kaʻā,2026-03,0.0,0.0,0.0,0.0,0.0,0.0,0.0,0.0,0.0,14.665708123652049,85.33429187634796
Lānaʻi,ahupuaa,Keāliaaupuni,2026-03,0.0,0.0,0.0,0.0,0.0,0.0,0.0,0.0,0.0,0.0,100.0
Lānaʻi,ahupuaa,Keāliakapu,2026-03,0.0,0.0,0.0,0.0,0.0,0.0,0.0,0.0,0.0,0.0,100.0
Lānaʻi,ahupuaa,Mahana,2026-03,0.0,0.0,0.0,0.0,0.0,0.0,0.0,0.0,0.0,0.0,100.0
Lānaʻi,ahupuaa,Maunalei,2026-03,0.0,0.0,0.0,0.0,0.0,0.0,0.0,0.0,0.0,0.0,100.0
Lānaʻi,ahupuaa,Paomai,2026-03,0.0,0.0,0.0,0.0,0.0,0.0,0.0,0.0,0.0,0.0,100.0
Lānaʻi,ahupuaa,Paʻawili,2026-03,0.0,0.0,0.0,0.0,0.0,0.0,0.0,0.0,0.0,0.0,100.0
Lānaʻi,ahupuaa,Pālāwai,2026-03,0.0,0.0,0.0,0.0,0.0,0.0,0.0,0.0,0.0,0.0,100.0
Maui,ahupuaa,Aki,2026-03,0.0,0.0,0.0,0.0,0.0,0.0,0.0,0.0,0.0,0.0,100.0
Maui,ahupuaa,Auwahi,2026-03,0.0,0.0,0.0,0.0,0.0,0.0,0.0,0.0,0.0,0.0,100.0
Maui,ahupuaa,Aʻapueo,2026-03,0.0,0.0,0.0,0.0,0.0,0.0,0.0,0.0,0.0,0.0,100.0
Maui,ahupuaa,East Hanawana,2026-03,0.0,0.0,0.0,0.0,0.0,0.0,0.0,0.0,0.0,0.0,100.0
Maui,ahupuaa,East Honomāʻele,2026-03,0.0,0.0,0.0,0.0,0.0,0.0,0.0,0.0,0.0,0.0,100.0
Maui,ahupuaa,East Kaupakulua 1,2026-03,0.0,0.0,0.0,0.0,0.0,0.0,0.0,0.0,0.0,0.0,100.0
Maui,ahupuaa,East Kaupakulua 2,2026-03,0.0,0.0,0.0,0.0,0.0,0.0,0.0,0.0,0.0,0.0,100.0
Maui,ahupuaa,East Makaīwa,2026-03,0.0,0.0,0.0,0.0,0.0,0.0,0.0,0.0,0.0,0.0,100.0
Maui,ahupuaa,Grant 3584,2026-03,0.0,0.0,0.0,0.0,0.0,0.0,0.0,0.0,0.0,0.0,100.0
Maui,ahupuaa,Halakaʻa 1,2026-03,0.0,0.0,0.0,0.0,0.0,0.0,0.0,0.0,0.0,0.0,100.0
Maui,ahupuaa,Halakaʻa 2,2026-03,0.0,0.0,0.0,0.0,0.0,0.0,0.0,0.0,0.0,0.0,100.0
Maui,ahupuaa,Halehaku,2026-03,0.0,0.0,0.0,0.0,0.0,0.0,0.0,0.0,0.0,0.0,100.0
Maui,ahupuaa,Hanakaʻōʻō,2026-03,0.0,0.0,0.0,0.0,0.0,0.0,0.0,0.0,0.0,0.0,100.0
Maui,ahupuaa,Hanehoi,2026-03,0.0,0.0,0.0,0.0,0.0,0.0,0.0,0.0,0.0,0.0,100.0
Maui,ahupuaa,Haneoʻo,2026-03,0.0,0.0,0.0,0.0,0.0,0.0,0.0,0.0,0.0,0.0,100.0
Maui,ahupuaa,Haʻikū,2026-03,0.0,0.0,0.0,0.0,0.0,0.0,0.0,0.0,0.0,0.0,100.0
Maui,ahupuaa,Haʻikū Uka,2026-03,0.0,0.0,0.0,0.0,0.0,0.0,0.0,0.0,0.0,0.0,100.0
Maui,ahupuaa,Honokahua,2026-03,0.0,0.0,0.0,0.0,0.0,0.0,0.0,0.0,0.0,0.0,100.0
Maui,ahupuaa,Honokalani,2026-03,0.0,0.0,0.0,0.0,0.0,0.0,0.0,0.0,0.0,0.0,100.0
Maui,ahupuaa,Honokeana,2026-03,0.0,0.0,0.0,0.0,0.0,0.0,0.0,0.0,0.0,0.0,100.0
Maui,ahupuaa,Honokōhau,2026-03,0.0,0.0,0.0,0.0,0.0,0.0,0.0,0.0,0.0,0.0,100.0
Maui,ahupuaa,Honokōwai,2026-03,0.0,0.0,0.0,0.0,0.0,0.0,0.0,0.0,0.0,0.0,100.0
Maui,ahupuaa,Honolua,2026-03,0.0,0.0,0.0,0.0,0.0,0.0,0.0,0.0,0.0,0.0,100.0
Maui,ahupuaa,Honomanü,2026-03,0.0,0.0,0.0,0.0,0.0,0.0,0.0,0.0,0.0,0.0,100.0
Maui,ahupuaa,Honopou,2026-03,0.0,0.0,0.0,0.0,0.0,0.0,0.0,0.0,0.0,0.0,100.0
Maui,ahupuaa,Hāhākea,2026-03,0.0,0.0,0.0,0.0,0.0,0.0,0.0,0.0,0.0,0.0,100.0
Maui,ahupuaa,Hāliʻimaile,2026-03,0.0,0.0,0.0,0.0,0.0,0.0,0.0,0.0,0.0,0.0,100.0
Maui,ahupuaa,Hāmoa,2026-03,0.0,0.0,0.0,0.0,0.0,0.0,0.0,0.0,0.0,0.0,100.0
Maui,ahupuaa,Hāmākualoa,2026-03,0.0,0.0,0.0,0.0,0.0,0.0,0.0,0.0,0.0,0.0,100.0
Maui,ahupuaa,Hāmākuapoko,2026-03,0.0,0.0,0.0,0.0,0.0,0.0,0.0,0.0,0.0,0.0,100.0
Maui,ahupuaa,Kahakuloa,2026-03,0.0,0.0,0.0,0.0,0.0,0.0,0.0,0.0,0.0,0.0,100.0
Maui,ahupuaa,Kahana,2026-03,0.0,0.0,0.0,0.0,0.0,0.0,0.0,0.0,0.0,0.0,100.0
Maui,ahupuaa,Kahikinui,2026-03,0.0,0.0,0.0,0.0,0.0,0.0,0.0,0.0,0.0,10.062893081761008,89.937106918239
Maui,ahupuaa,Kahua,2026-03,0.0,0.0,0.0,0.0,0.0,0.0,0.0,0.0,0.0,0.0,100.0
Maui,ahupuaa,Kalialinui,2026-03,0.0,0.0,0.0,0.0,0.0,0.0,0.0,0.0,0.0,0.0,100.0
Maui,ahupuaa,Kalihi,2026-03,0.0,0.0,0.0,0.0,0.0,0.0,0.0,0.0,0.0,24.444444444444443,75.55555555555556
Maui,ahupuaa,Kaloʻi,2026-03,0.0,0.0,0.0,0.0,0.0,0.0,0.0,0.0,0.0,0.7518796992481203,99.24812030075188
Maui,ahupuaa,Kamaʻole,2026-03,0.0,0.0,0.0,0.0,0.0,0.0,0.0,0.0,0.0,34.234234234234236,65.76576576576578
Maui,ahupuaa,Kamehameiki,2026-03,0.0,0.0,0.0,0.0,0.0,0.0,0.0,0.0,0.0,0.0,100.0
Maui,ahupuaa,Kamehamenui,2026-03,0.0,0.0,0.0,0.0,0.0,0.0,0.0,0.0,0.0,1.0752688172043012,98.9247311827957
Maui,ahupuaa,Kanahena,2026-03,0.0,0.0,0.0,0.0,0.0,0.0,0.0,0.0,0.0,66.66666666666666,33.33333333333333
Maui,ahupuaa,Kanaio,2026-03,0.0,0.0,0.0,0.0,0.0,0.0,0.0,0.0,0.0,0.0,100.0
Maui,ahupuaa,Kapunakea,2026-03,0.0,0.0,0.0,0.0,0.0,0.0,0.0,0.0,0.0,0.0,100.0
Maui,ahupuaa,Kauaʻula,2026-03,0.0,0.0,0.0,0.0,0.0,0.0,0.0,0.0,0.0,0.0,100.0
Maui,ahupuaa,Kawaipapa,2026-03,0.0,0.0,0.0,0.0,0.0,0.0,0.0,0.0,0.0,0.0,100.0
Maui,ahupuaa,Kawela,2026-03,0.0,0.0,0.0,0.0,0.0,0.0,0.0,0.0,0.0,0.0,100.0
Maui,ahupuaa,Kaʻonoʻulu,2026-03,0.0,0.0,0.0,0.0,0.0,0.0,0.0,0.0,0.0,62.40786240786241,37.59213759213759
Maui,ahupuaa,Kaʻāpahu,2026-03,0.0,0.0,0.0,0.0,0.0,0.0,0.0,0.0,0.0,0.0,100.0
Maui,ahupuaa,Keaaula,2026-03,0.0,0.0,0.0,0.0,0.0,0.0,0.0,0.0,0.0,0.0,100.0
Maui,ahupuaa,Kealiʻiiki,2026-03,0.0,0.0,0.0,0.0,0.0,0.0,0.0,0.0,0.0,0.0,100.0
Maui,ahupuaa,Keauhou,2026-03,0.0,0.0,0.0,0.0,0.0,0.0,0.0,0.0,0.0,11.475409836065573,88.52459016393442
Maui,ahupuaa,Keʻanae,2026-03,0.0,0.0,0.0,0.0,0.0,0.0,0.0,0.0,0.0,0.0,100.0
Maui,ahupuaa,Koʻokā,2026-03,,,,,,,,,,,
Maui,ahupuaa,Koʻolau,2026-03,0.0,0.0,0.0,0.0,0.0,0.0,0.0,0.0,0.0,0.0,100.0
Maui,ahupuaa,Kualapa,2026-03,0.0,0.0,0.0,0.0,0.0,0.0,0.0,0.0,0.0,72.3404255319149,27.659574468085108
Maui,ahupuaa,Kuholilea,2026-03,0.0,0.0,0.0,0.0,0.0,0.0,0.0,0.0,0.0,0.0,100.0
Maui,ahupuaa,Kuhua,2026-03,0.0,0.0,0.0,0.0,0.0,0.0,0.0,0.0,0.0,0.0,100.0
Maui,ahupuaa,Kuiaha,2026-03,0.0,0.0,0.0,0.0,0.0,0.0,0.0,0.0,0.0,0.0,100.0
Maui,ahupuaa,Kukuiʻula,2026-03,0.0,0.0,0.0,0.0,0.0,0.0,0.0,0.0,0.0,0.0,100.0
Maui,ahupuaa,Kukuiʻulaiki,2026-03,0.0,0.0,0.0,0.0,0.0,0.0,0.0,0.0,0.0,0.0,100.0
Maui,ahupuaa,Kuʻia,2026-03,0.0,0.0,0.0,0.0,0.0,0.0,0.0,0.0,0.0,0.0,100.0
Maui,ahupuaa,Kākiʻo,2026-03,0.0,0.0,0.0,0.0,0.0,0.0,0.0,0.0,0.0,0.0,100.0
Maui,ahupuaa,Kēōkea,2026-03,0.0,0.0,0.0,0.0,0.0,0.0,0.0,0.0,0.0,47.41144414168937,52.58855585831063
Maui,ahupuaa,Kīkoʻo,2026-03,0.0,0.0,0.0,0.0,0.0,0.0,0.0,0.0,0.0,0.0,100.0
Maui,ahupuaa,Kōheo 1-2,2026-03,0.0,0.0,0.0,0.0,0.0,0.0,0.0,0.0,0.0,68.53932584269663,31.46067415730337
Maui,ahupuaa,Launiupoko,2026-03,0.0,0.0,0.0,0.0,0.0,0.0,0.0,0.0,0.0,2.9962546816479403,97.00374531835206
Maui,ahupuaa,Mailepai,2026-03,0.0,0.0,0.0,0.0,0.0,0.0,0.0,0.0,0.0,0.0,100.0
Maui,ahupuaa,Makawao,2026-03,0.0,0.0,0.0,0.0,0.0,0.0,0.0,0.0,0.0,0.0,100.0
Maui,ahupuaa,Makaʻehu,2026-03,0.0,0.0,0.0,0.0,0.0,0.0,0.0,0.0,0.0,0.0,100.0
Maui,ahupuaa,Moaliʻi,2026-03,0.0,0.0,0.0,0.0,0.0,0.0,0.0,0.0,0.0,0.0,100.0
Maui,ahupuaa,Mohopilo,2026-03,0.0,0.0,0.0,0.0,0.0,0.0,0.0,0.0,0.0,69.46107784431138,30.538922155688624
Maui,ahupuaa,Mokae,2026-03,0.0,0.0,0.0,0.0,0.0,0.0,0.0,0.0,0.0,0.0,100.0
Maui,ahupuaa,Mokupapa,2026-03,0.0,0.0,0.0,0.0,0.0,0.0,0.0,0.0,0.0,0.0,100.0
Maui,ahupuaa,Moʻomoku,2026-03,0.0,0.0,0.0,0.0,0.0,0.0,0.0,0.0,0.0,0.0,100.0
Maui,ahupuaa,Māhinahina 4,2026-03,0.0,0.0,0.0,0.0,0.0,0.0,0.0,0.0,0.0,0.0,100.0
Maui,ahupuaa,Mākila,2026-03,0.0,0.0,0.0,0.0,0.0,0.0,0.0,0.0,0.0,0.0,100.0
Maui,ahupuaa,Mūʻolea,2026-03,0.0,0.0,0.0,0.0,0.0,0.0,0.0,0.0,0.0,0.0,100.0
Maui,ahupuaa,Naholoku,2026-03,0.0,0.0,0.0,0.0,0.0,0.0,0.0,2.784222737819025,26.102088167053367,48.60788863109048,22.505800464037122
Maui,ahupuaa,Nakula,2026-03,0.0,0.0,0.0,0.0,0.0,0.0,0.0,0.0,0.0,10.192307692307692,89.8076923076923
Maui,ahupuaa,Nuʻu,2026-03,0.0,0.0,0.0,0.0,0.0,0.0,0.0,6.761565836298933,14.827995255041518,40.213523131672595,38.19691577698695
Maui,ahupuaa,Nāpili 1,2026-03,0.0,0.0,0.0,0.0,0.0,0.0,0.0,0.0,0.0,0.0,100.0
Maui,ahupuaa,Nāpili 2-3,2026-03,0.0,0.0,0.0,0.0,0.0,0.0,0.0,0.0,0.0,0.0,100.0
Maui,ahupuaa,Nāpili 4-5,2026-03,0.0,0.0,0.0,0.0,0.0,0.0,0.0,0.0,0.0,0.0,100.0
Maui,ahupuaa,Olowalu,2026-03,0.0,0.0,0.0,0.0,0.0,0.0,0.0,0.0,0.0,25.0,75.0
Maui,ahupuaa,Paeahu,2026-03,0.0,0.0,0.0,0.0,0.0,0.0,0.0,0.0,0.0,27.055702917771885,72.94429708222812
Maui,ahupuaa,Palauea,2026-03,0.0,0.0,0.0,0.0,0.0,0.0,0.0,0.0,0.0,21.768707482993197,78.2312925170068
Maui,ahupuaa,Panaʻewa,2026-03,0.0,0.0,0.0,0.0,0.0,0.0,0.0,0.0,0.0,0.0,100.0
Maui,ahupuaa,Papaka Kai,2026-03,0.0,0.0,0.0,0.0,0.0,0.0,0.0,0.0,0.0,20.224719101123593,79.7752808988764
Maui,ahupuaa,Papaka Uka,2026-03,0.0,0.0,0.0,0.0,0.0,0.0,0.0,0.0,0.0,0.0,100.0
Maui,ahupuaa,Papaʻanui 1,2026-03,0.0,0.0,0.0,0.0,0.0,0.0,0.0,0.0,0.0,0.0,100.0
Maui,ahupuaa,Papaʻanui 2,2026-03,0.0,0.0,0.0,0.0,0.0,0.0,0.0,0.0,0.0,15.451895043731778,84.54810495626822
Maui,ahupuaa,Papaʻanui 3,2026-03,,,,,,,,,,,
Maui,ahupuaa,Paunau,2026-03,0.0,0.0,0.0,0.0,0.0,0.0,0.0,0.0,0.0,0.0,100.0
Maui,ahupuaa,Paʻakea,2026-03,0.0,0.0,0.0,0.0,0.0,0.0,0.0,0.0,0.0,0.0,100.0
Maui,ahupuaa,Paʻuwela,2026-03,0.0,0.0,0.0,0.0,0.0,0.0,0.0,0.0,0.0,0.0,100.0
Maui,ahupuaa,Peahi,2026-03,0.0,0.0,0.0,0.0,0.0,0.0,0.0,0.0,0.0,0.0,100.0
Maui,ahupuaa,Polaiki,2026-03,0.0,0.0,0.0,0.0,0.0,0.0,0.0,0.0,0.0,0.0,100.0
Maui,ahupuaa,Polanui,2026-03,0.0,0.0,0.0,0.0,0.0,0.0,0.0,0.0,0.0,0.0,100.0
Maui,ahupuaa,Puaʻaluʻu,2026-03,0.0,0.0,0.0,0.0,0.0,0.0,0.0,0.0,0.0,0.0,100.0
Maui,ahupuaa,Puʻuhaoa,2026-03,0.0,0.0,0.0,0.0,0.0,0.0,0.0,0.0,0.0,0.0,100.0
Maui,ahupuaa,Puʻuki,2026-03,0.0,0.0,0.0,0.0,0.0,0.0,0.0,0.0,0.0,0.0,100.0
Maui,ahupuaa,Puʻuomāile,2026-03,0.0,0.0,0.0,0.0,0.0,0.0,0.0,0.0,0.0,0.0,100.0
Maui,ahupuaa,Pāhoa 1,2026-03,0.0,0.0,0.0,0.0,0.0,0.0,0.0,0.0,0.0,0.0,100.0
Maui,ahupuaa,Pāhoa 2,2026-03,0.0,0.0,0.0,0.0,0.0,0.0,0.0,0.0,0.0,0.0,100.0
Maui,ahupuaa,Pāpaʻaʻea,2026-03,0.0,0.0,0.0,0.0,0.0,0.0,0.0,0.0,0.0,0.0,100.0
Maui,ahupuaa,Pūehuehuiki,2026-03,0.0,0.0,0.0,0.0,0.0,0.0,0.0,0.0,0.0,0.0,100.0
Maui,ahupuaa,Pūehuehunui 1,2026-03,0.0,0.0,0.0,0.0,0.0,0.0,0.0,0.0,0.0,0.0,100.0
Maui,ahupuaa,Pūehuehunui 2,2026-03,0.0,0.0,0.0,0.0,0.0,0.0,0.0,0.0,0.0,0.0,100.0
Maui,ahupuaa,Pūlehuiki,2026-03,0.0,0.0,0.0,0.0,0.0,0.0,0.0,0.0,0.0,0.0,100.0
Maui,ahupuaa,Pūlehunui,2026-03,0.0,0.0,0.0,0.0,0.0,0.0,0.0,0.0,0.0,33.16540722082284,66.83459277917716
Maui,ahupuaa,Pūʻou,2026-03,0.0,0.0,0.0,0.0,0.0,0.0,0.0,0.0,0.0,0.0,100.0
Maui,ahupuaa,Ukumehame,2026-03,0.0,0.0,0.0,0.0,0.0,0.0,0.0,0.0,0.0,4.730617608409987,95.26938239159001
Maui,ahupuaa,Ulumalu,2026-03,0.0,0.0,0.0,0.0,0.0,0.0,0.0,0.0,0.0,0.0,100.0
Maui,ahupuaa,Wahikuli,2026-03,0.0,0.0,0.0,0.0,0.0,0.0,0.0,0.0,0.0,0.0,100.0
Maui,ahupuaa,Waiakoa,2026-03,0.0,0.0,0.0,0.0,0.0,0.0,0.0,0.0,0.0,42.129629629629626,57.870370370370374
Maui,ahupuaa,Waiehu,2026-03,0.0,0.0,0.0,0.0,0.0,0.0,0.0,0.0,0.0,0.0,100.0
Maui,ahupuaa,Waiheʻe,2026-03,0.0,0.0,0.0,0.0,0.0,0.0,0.0,0.0,0.0,0.0,100.0
Maui,ahupuaa,Waikapū,2026-03,0.0,0.0,0.0,0.0,0.0,0.0,0.0,0.0,0.0,0.0,100.0
Maui,ahupuaa,Wailua,2026-03,0.0,0.0,0.0,0.0,0.0,0.0,0.0,0.0,0.0,0.0,100.0
Maui,ahupuaa,Wailuaiki,2026-03,0.0,0.0,0.0,0.0,0.0,0.0,0.0,0.0,0.0,0.0,100.0
Maui,ahupuaa,Wailuanui,2026-03,0.0,0.0,0.0,0.0,0.0,0.0,0.0,0.0,0.0,0.0,100.0
Maui,ahupuaa,Wailuku,2026-03,0.0,0.0,0.0,0.0,0.0,0.0,0.0,0.0,0.0,0.0,100.0
Maui,ahupuaa,Waineʻe,2026-03,0.0,0.0,0.0,0.0,0.0,0.0,0.0,0.0,0.0,0.0,100.0
Maui,ahupuaa,Waiohonu,2026-03,0.0,0.0,0.0,0.0,0.0,0.0,0.0,0.0,0.0,0.0,100.0
Maui,ahupuaa,Waiohuli,2026-03,0.0,0.0,0.0,0.0,0.0,0.0,0.0,0.0,0.0,51.26835781041389,48.73164218958612
Maui,ahupuaa,Waipiʻoiki,2026-03,0.0,0.0,0.0,0.0,0.0,0.0,0.0,0.0,0.0,0.0,100.0
Maui,ahupuaa,Waipiʻonui,2026-03,0.0,0.0,0.0,0.0,0.0,0.0,0.0,0.0,0.0,0.0,100.0
Maui,ahupuaa,West Hanawana,2026-03,0.0,0.0,0.0,0.0,0.0,0.0,0.0,0.0,0.0,0.0,100.0
Maui,ahupuaa,West Honomāʻele,2026-03,0.0,0.0,0.0,0.0,0.0,0.0,0.0,0.0,0.0,0.0,100.0
Maui,ahupuaa,West Kaupakulua 1,2026-03,0.0,0.0,0.0,0.0,0.0,0.0,0.0,0.0,0.0,0.0,100.0
Maui,ahupuaa,West Kaupakulua 2,2026-03,0.0,0.0,0.0,0.0,0.0,0.0,0.0,0.0,0.0,0.0,100.0
Maui,ahupuaa,West Makaīwa,2026-03,0.0,0.0,0.0,0.0,0.0,0.0,0.0,0.0,0.0,0.0,100.0
Maui,ahupuaa,Wākiu,2026-03,0.0,0.0,0.0,0.0,0.0,0.0,0.0,0.0,0.0,0.0,100.0
Maui,ahupuaa,ʻAlae 1-2,2026-03,0.0,0.0,0.0,0.0,0.0,0.0,0.0,0.0,0.0,72.51908396946564,27.480916030534353
Maui,ahupuaa,ʻAlae 3-4,2026-03,0.0,0.0,0.0,0.0,0.0,0.0,0.0,0.0,0.0,48.4375,51.5625
Maui,ahupuaa,ʻAlaeiki,2026-03,0.0,0.0,0.0,0.0,0.0,0.0,0.0,0.0,0.0,0.0,100.0
Maui,ahupuaa,ʻAlaeloa,2026-03,0.0,0.0,0.0,0.0,0.0,0.0,0.0,0.0,0.0,0.0,100.0
Maui,ahupuaa,ʻAlaenui,2026-03,0.0,0.0,0.0,0.0,0.0,0.0,0.0,0.0,0.0,0.1724137931034483,99.82758620689656
Maui,ahupuaa,ʻUlaʻino,2026-03,0.0,0.0,0.0,0.0,0.0,0.0,0.0,0.0,0.0,0.0,100.0
Maui,ahupuaa,ʻŌmaʻopio,2026-03,0.0,0.0,0.0,0.0,0.0,0.0,0.0,0.0,0.0,0.0,100.0
Maui,ahupuaa,ʻŌpana,2026-03,0.0,0.0,0.0,0.0,0.0,0.0,0.0,0.0,0.0,0.0,100.0
Molokaʻi,ahupuaa,East ʻŌhiʻa,2026-03,0.0,0.0,0.0,0.0,0.0,0.0,0.0,0.0,0.0,0.0,100.0
Molokaʻi,ahupuaa,Honomuni,2026-03,0.0,0.0,0.0,0.0,0.0,0.0,0.0,0.0,0.0,0.0,100.0
Molokaʻi,ahupuaa,Honoulimaloʻo,2026-03,0.0,0.0,0.0,0.0,0.0,0.0,0.0,0.0,0.0,0.0,100.0
Molokaʻi,ahupuaa,Honouliwai,2026-03,0.0,0.0,0.0,0.0,0.0,0.0,0.0,0.0,0.0,0.0,100.0
Molokaʻi,ahupuaa,Hoʻolehua 1,2026-03,0.0,0.0,0.0,0.0,0.0,0.0,0.0,0.0,0.0,0.0,100.0
Molokaʻi,ahupuaa,Hoʻolehua 2,2026-03,0.0,0.0,0.0,0.0,0.0,0.0,0.0,0.0,0.0,0.0,100.0
Molokaʻi,ahupuaa,Hālawa,2026-03,0.0,0.0,0.0,0.0,0.0,0.0,0.0,0.0,0.0,0.0,100.0
Molokaʻi,ahupuaa,Kahananui,2026-03,0.0,0.0,0.0,0.0,0.0,0.0,0.0,0.0,0.0,0.0,100.0
Molokaʻi,ahupuaa,Kahanui 1,2026-03,0.0,0.0,0.0,0.0,0.0,0.0,0.0,0.0,0.0,0.0,100.0
Molokaʻi,ahupuaa,Kahanui 2,2026-03,0.0,0.0,0.0,0.0,0.0,0.0,0.0,0.0,0.0,0.0,100.0
Molokaʻi,ahupuaa,Kahanui 3,2026-03,0.0,0.0,0.0,0.0,0.0,0.0,0.0,0.0,0.0,0.0,100.0
Molokaʻi,ahupuaa,Kaiamiki,2026-03,0.0,0.0,0.0,0.0,0.0,0.0,0.0,0.0,0.0,0.0,100.0
Molokaʻi,ahupuaa,Kainalu,2026-03,0.0,0.0,0.0,0.0,0.0,0.0,0.0,0.0,0.0,0.0,100.0
Molokaʻi,ahupuaa,Kalamaʻula,2026-03,0.0,0.0,0.0,0.0,0.0,0.0,0.0,0.0,0.0,0.0,100.0
Molokaʻi,ahupuaa,Kalaupapa,2026-03,0.0,0.0,0.0,0.0,0.0,0.0,0.0,0.0,0.0,0.0,100.0
Molokaʻi,ahupuaa,Kalawao,2026-03,0.0,0.0,0.0,0.0,0.0,0.0,0.0,0.0,0.0,0.0,100.0
Molokaʻi,ahupuaa,Kaluako‘i,2026-03,0.0,0.0,0.0,0.0,0.0,0.0,0.0,0.0,0.0,0.0,100.0
Molokaʻi,ahupuaa,Kalua‘aha,2026-03,0.0,0.0,0.0,0.0,0.0,0.0,0.0,0.0,0.0,0.0,100.0
Molokaʻi,ahupuaa,Kamalō,2026-03,0.0,0.0,0.0,0.0,0.0,0.0,0.0,0.0,0.0,0.0,100.0
Molokaʻi,ahupuaa,Kamanoni,2026-03,0.0,0.0,0.0,0.0,0.0,0.0,0.0,0.0,0.0,0.0,100.0
Molokaʻi,ahupuaa,Kamiloloa,2026-03,0.0,0.0,0.0,0.0,0.0,0.0,0.0,0.0,0.0,0.0,100.0
Molokaʻi,ahupuaa,Kamiloloa (Government),2026-03,0.0,0.0,0.0,0.0,0.0,0.0,0.0,0.0,0.0,0.0,100.0
Molokaʻi,ahupuaa,Kapa‘akea,2026-03,0.0,0.0,0.0,0.0,0.0,0.0,0.0,0.0,0.0,0.0,100.0
Molokaʻi,ahupuaa,Kapuaoko‘olau,2026-03,0.0,0.0,0.0,0.0,0.0,0.0,0.0,0.0,0.0,0.0,100.0
Molokaʻi,ahupuaa,Kapulei,2026-03,0.0,0.0,0.0,0.0,0.0,0.0,0.0,0.0,0.0,0.0,100.0
Molokaʻi,ahupuaa,Kaunakakai,2026-03,0.0,0.0,0.0,0.0,0.0,0.0,0.0,0.0,0.0,0.0,100.0
Molokaʻi,ahupuaa,Kawela,2026-03,0.0,0.0,0.0,0.0,0.0,0.0,0.0,0.0,0.0,0.0,100.0
Molokaʻi,ahupuaa,Kaʻamola,2026-03,0.0,0.0,0.0,0.0,0.0,0.0,0.0,0.0,0.0,0.0,100.0
Molokaʻi,ahupuaa,Ka‘ili‘ula,2026-03,0.0,0.0,0.0,0.0,0.0,0.0,0.0,0.0,0.0,0.0,100.0
Molokaʻi,ahupuaa,Keawanui,2026-03,0.0,0.0,0.0,0.0,0.0,0.0,0.0,0.0,0.0,0.0,100.0
Molokaʻi,ahupuaa,Keonekūʻino,2026-03,0.0,0.0,0.0,0.0,0.0,0.0,0.0,0.0,0.0,0.0,100.0
Molokaʻi,ahupuaa,Keōpukaloa,2026-03,0.0,0.0,0.0,0.0,0.0,0.0,0.0,0.0,0.0,0.0,100.0
Molokaʻi,ahupuaa,Keōpukaʻuʻuku,2026-03,0.0,0.0,0.0,0.0,0.0,0.0,0.0,0.0,0.0,0.0,100.0
Molokaʻi,ahupuaa,Kumimi,2026-03,0.0,0.0,0.0,0.0,0.0,0.0,0.0,0.0,0.0,0.0,100.0
Molokaʻi,ahupuaa,Kīloa,2026-03,0.0,0.0,0.0,0.0,0.0,0.0,0.0,0.0,0.0,0.0,100.0
Molokaʻi,ahupuaa,Kīpū,2026-03,0.0,0.0,0.0,0.0,0.0,0.0,0.0,0.0,0.0,0.0,100.0
Molokaʻi,ahupuaa,Kūpeke,2026-03,0.0,0.0,0.0,0.0,0.0,0.0,0.0,0.0,0.0,0.0,100.0
Molokaʻi,ahupuaa,Lūpehu,2026-03,0.0,0.0,0.0,0.0,0.0,0.0,0.0,0.0,0.0,0.0,100.0
Molokaʻi,ahupuaa,Makakupa‘ia 1,2026-03,0.0,0.0,0.0,0.0,0.0,0.0,0.0,0.0,0.0,0.0,100.0
Molokaʻi,ahupuaa,Makakupa‘ia 2,2026-03,0.0,0.0,0.0,0.0,0.0,0.0,0.0,0.0,0.0,0.0,100.0
Molokaʻi,ahupuaa,Makanalua,2026-03,0.0,0.0,0.0,0.0,0.0,0.0,0.0,0.0,0.0,0.0,100.0
Molokaʻi,ahupuaa,Manawai,2026-03,0.0,0.0,0.0,0.0,0.0,0.0,0.0,0.0,0.0,0.0,100.0
Molokaʻi,ahupuaa,Mapulehu,2026-03,0.0,0.0,0.0,0.0,0.0,0.0,0.0,0.0,0.0,0.0,100.0
Molokaʻi,ahupuaa,Moakea,2026-03,0.0,0.0,0.0,0.0,0.0,0.0,0.0,0.0,0.0,0.0,100.0
Molokaʻi,ahupuaa,Moanui,2026-03,0.0,0.0,0.0,0.0,0.0,0.0,0.0,0.0,0.0,0.0,100.0
Molokaʻi,ahupuaa,Mākolelau,2026-03,0.0,0.0,0.0,0.0,0.0,0.0,0.0,0.0,0.0,0.0,100.0
Molokaʻi,ahupuaa,Nihoa,2026-03,0.0,0.0,0.0,0.0,0.0,0.0,0.0,0.0,0.0,0.0,100.0
Molokaʻi,ahupuaa,Nāʻiwa 1,2026-03,0.0,0.0,0.0,0.0,0.0,0.0,0.0,0.0,0.0,0.0,100.0
Molokaʻi,ahupuaa,Nāʻiwa 2,2026-03,0.0,0.0,0.0,0.0,0.0,0.0,0.0,0.0,0.0,0.0,100.0
Molokaʻi,ahupuaa,Nāʻiwa 3,2026-03,0.0,0.0,0.0,0.0,0.0,0.0,0.0,0.0,0.0,0.0,100.0
Molokaʻi,ahupuaa,Pelekunu,2026-03,0.0,0.0,0.0,0.0,0.0,0.0,0.0,0.0,0.0,0.0,100.0
Molokaʻi,ahupuaa,Puaʻahala,2026-03,0.0,0.0,0.0,0.0,0.0,0.0,0.0,0.0,0.0,0.0,100.0
Molokaʻi,ahupuaa,Puna‘ula,2026-03,0.0,0.0,0.0,0.0,0.0,0.0,0.0,0.0,0.0,0.0,100.0
Molokaʻi,ahupuaa,Pālāʻau 1,2026-03,0.0,0.0,0.0,0.0,0.0,0.0,0.0,0.0,0.0,0.0,100.0
Molokaʻi,ahupuaa,Pālāʻau 2,2026-03,0.0,0.0,0.0,0.0,0.0,0.0,0.0,0.0,0.0,0.0,100.0
Molokaʻi,ahupuaa,Pālāʻau 3,2026-03,0.0,0.0,0.0,0.0,0.0,0.0,0.0,0.0,0.0,0.0,100.0
Molokaʻi,ahupuaa,Pōhakupili,2026-03,0.0,0.0,0.0,0.0,0.0,0.0,0.0,0.0,0.0,0.0,100.0
Molokaʻi,ahupuaa,Pūkoʻo 1,2026-03,0.0,0.0,0.0,0.0,0.0,0.0,0.0,0.0,0.0,0.0,100.0
Molokaʻi,ahupuaa,Pūkoʻo 2,2026-03,0.0,0.0,0.0,0.0,0.0,0.0,0.0,0.0,0.0,0.0,100.0
Molokaʻi,ahupuaa,Pūniuʻōhua 1,2026-03,0.0,0.0,0.0,0.0,0.0,0.0,0.0,0.0,0.0,0.0,100.0
Molokaʻi,ahupuaa,Pūniuʻōhua 2,2026-03,0.0,0.0,0.0,0.0,0.0,0.0,0.0,0.0,0.0,0.0,100.0
Molokaʻi,ahupuaa,Pūʻelelū,2026-03,0.0,0.0,0.0,0.0,0.0,0.0,0.0,0.0,0.0,0.0,100.0
Molokaʻi,ahupuaa,Waialua,2026-03,0.0,0.0,0.0,0.0,0.0,0.0,0.0,0.0,0.0,0.0,100.0
Molokaʻi,ahupuaa,Waikolu,2026-03,0.0,0.0,0.0,0.0,0.0,0.0,0.0,0.0,0.0,0.0,100.0
Molokaʻi,ahupuaa,Wailau,2026-03,0.0,0.0,0.0,0.0,0.0,0.0,0.0,0.0,0.0,0.0,100.0
Molokaʻi,ahupuaa,Wawaeolepe,2026-03,0.0,0.0,0.0,0.0,0.0,0.0,0.0,0.0,0.0,0.0,100.0
Molokaʻi,ahupuaa,West ʻŌhiʻa,2026-03,0.0,0.0,0.0,0.0,0.0,0.0,0.0,0.0,0.0,0.0,100.0
Molokaʻi,ahupuaa,‘Aha‘ino 1,2026-03,0.0,0.0,0.0,0.0,0.0,0.0,0.0,0.0,0.0,0.0,100.0
Molokaʻi,ahupuaa,‘Aha‘ino 2,2026-03,0.0,0.0,0.0,0.0,0.0,0.0,0.0,0.0,0.0,0.0,100.0
Molokaʻi,ahupuaa,‘Ualapu‘e,2026-03,0.0,0.0,0.0,0.0,0.0,0.0,0.0,0.0,0.0,0.0,100.0
Molokaʻi,ahupuaa,‘Ïloli 1,2026-03,0.0,0.0,0.0,0.0,0.0,0.0,0.0,0.0,0.0,0.0,100.0
Molokaʻi,ahupuaa,‘Ïloli 2,2026-03,0.0,0.0,0.0,0.0,0.0,0.0,0.0,0.0,0.0,0.0,100.0
Molokini,ahupuaa,N/A,2026-03,,,,,,,,,,,
Niʻihau,ahupuaa,Waimea 1,2026-03,,,,,,,,,,,
Niʻihau,ahupuaa,Waimea 2,2026-03,,,,,,,,,,,
Oʻahu,ahupuaa,Aukuʻu,2026-03,0.0,0.0,0.0,0.0,0.0,0.0,0.0,0.0,0.0,0.0,100.0
Oʻahu,ahupuaa,Hakipuʻu,2026-03,0.0,0.0,0.0,0.0,0.0,0.0,0.0,0.0,0.0,0.0,100.0
Oʻahu,ahupuaa,Haleʻaha,2026-03,0.0,0.0,0.0,0.0,0.0,0.0,0.0,0.0,0.0,0.0,100.0
Oʻahu,ahupuaa,Hanakaʻoe,2026-03,0.0,0.0,0.0,0.0,0.0,0.0,0.0,0.0,0.0,0.0,100.0
Oʻahu,ahupuaa,Hauʻula,2026-03,0.0,0.0,0.0,0.0,0.0,0.0,0.0,0.0,0.0,3.6363636363636362,96.36363636363636
Oʻahu,ahupuaa,Heʻeia 1,2026-03,0.0,0.0,0.0,0.0,0.0,0.0,0.0,0.0,0.0,0.0,100.0
Oʻahu,ahupuaa,Heʻeia 2,2026-03,0.0,0.0,0.0,0.0,0.0,0.0,0.0,0.0,0.0,0.0,100.0
Oʻahu,ahupuaa,Honolulu,2026-03,0.0,0.0,0.0,0.0,0.0,0.0,0.0,0.0,0.0,0.0,100.0
Oʻahu,ahupuaa,Honouliuli,2026-03,0.0,0.0,0.0,0.0,0.0,0.0,0.0,0.0,0.0,0.0,100.0
Oʻahu,ahupuaa,Honouliuli-1,2026-03,,,,,,,,,,,
Oʻahu,ahupuaa,Honouliuli-2,2026-03,,,,,,,,,,,
Oʻahu,ahupuaa,Hālawa 1,2026-03,0.0,0.0,0.0,0.0,0.0,0.0,0.0,0.0,0.0,0.0,100.0
Oʻahu,ahupuaa,Hālawa 2,2026-03,0.0,0.0,0.0,0.0,0.0,0.0,0.0,0.0,0.0,0.0,100.0
Oʻahu,ahupuaa,Hōʻaeʻae,2026-03,0.0,0.0,0.0,0.0,0.0,0.0,0.0,0.0,0.0,0.0,100.0
Oʻahu,ahupuaa,Kahaluʻu,2026-03,0.0,0.0,0.0,0.0,0.0,0.0,0.0,0.0,0.0,0.0,100.0
Oʻahu,ahupuaa,Kahana,2026-03,0.0,0.0,0.0,0.0,0.0,0.0,0.0,0.0,23.655913978494624,39.516129032258064,36.82795698924731
Oʻahu,ahupuaa,Kahanahāiki,2026-03,0.0,0.0,0.0,0.0,0.0,0.0,0.0,0.0,0.0,0.0,100.0
Oʻahu,ahupuaa,Kahauiki,2026-03,0.0,0.0,0.0,0.0,0.0,0.0,0.0,0.0,0.0,0.0,100.0
Oʻahu,ahupuaa,Kahuku,2026-03,0.0,0.0,0.0,0.0,0.0,0.0,0.0,0.0,0.0,0.0,100.0
Oʻahu,ahupuaa,Kailua,2026-03,0.0,0.0,0.0,0.0,0.0,0.0,0.0,0.0,0.0,0.0,100.0
Oʻahu,ahupuaa,Kaipapaʻu,2026-03,0.0,0.0,0.0,0.0,0.0,0.0,0.0,0.0,0.0,8.181818181818182,91.81818181818183
Oʻahu,ahupuaa,Kalauao,2026-03,0.0,0.0,0.0,0.0,0.0,0.0,0.0,0.0,0.0,0.0,100.0
Oʻahu,ahupuaa,Kalihi,2026-03,0.0,0.0,0.0,0.0,0.0,0.0,0.0,0.0,0.0,0.0,100.0
Oʻahu,ahupuaa,Kaluanui,2026-03,0.0,0.0,0.0,0.0,0.0,0.0,0.0,0.0,0.0,29.914529914529915,70.08547008547008
Oʻahu,ahupuaa,Kamananui,2026-03,0.0,0.0,0.0,0.0,0.0,0.0,0.0,2.916396629941672,7.3882047958522366,5.119896305897602,84.57550226830848
Oʻahu,ahupuaa,Kapaeloa,2026-03,0.0,0.0,0.0,0.0,0.0,0.0,0.0,0.0,0.0,0.0,100.0
Oʻahu,ahupuaa,Kapaka,2026-03,0.0,0.0,0.0,0.0,0.0,0.0,0.0,0.0,0.0,0.0,100.0
Oʻahu,ahupuaa,Kapano,2026-03,0.0,0.0,0.0,0.0,0.0,0.0,0.0,0.0,0.0,0.0,100.0
Oʻahu,ahupuaa,Kapālama,2026-03,0.0,0.0,0.0,0.0,0.0,0.0,0.0,0.0,0.0,0.0,100.0
Oʻahu,ahupuaa,Kaunala,2026-03,0.0,0.0,0.0,0.0,0.0,0.0,0.0,0.0,0.0,0.0,100.0
Oʻahu,ahupuaa,Kawaihāpai,2026-03,0.0,0.0,0.0,0.0,0.0,0.0,0.0,0.0,0.0,0.0,100.0
Oʻahu,ahupuaa,Kawailoa,2026-03,0.0,0.0,0.0,0.0,0.0,0.0,0.0,0.0,0.0,10.558252427184465,89.44174757281553
Oʻahu,ahupuaa,Kawela,2026-03,0.0,0.0,0.0,0.0,0.0,0.0,0.0,0.0,0.0,0.0,100.0
Oʻahu,ahupuaa,Kaʻalaea,2026-03,0.0,0.0,0.0,0.0,0.0,0.0,0.0,0.0,0.0,13.333333333333334,86.66666666666667
Oʻahu,ahupuaa,Kaʻaʻawa,2026-03,0.0,0.0,0.0,0.0,0.0,0.0,0.0,0.0,0.0,0.0,100.0
Oʻahu,ahupuaa,Kaʻena,2026-03,0.0,0.0,0.0,0.0,0.0,0.0,0.0,0.0,0.0,0.0,100.0
Oʻahu,ahupuaa,Keana,2026-03,0.0,0.0,0.0,0.0,0.0,0.0,0.0,0.0,0.0,0.0,100.0
Oʻahu,ahupuaa,Keawaʻula,2026-03,0.0,0.0,0.0,0.0,0.0,0.0,0.0,0.0,0.0,0.0,100.0
Oʻahu,ahupuaa,Keaʻau,2026-03,0.0,0.0,0.0,0.0,0.0,0.0,0.0,0.0,0.0,0.0,100.0
Oʻahu,ahupuaa,Keālia,2026-03,0.0,0.0,0.0,0.0,0.0,0.0,0.0,0.0,0.0,0.0,100.0
Oʻahu,ahupuaa,Kikahi,2026-03,0.0,0.0,0.0,0.0,0.0,0.0,0.0,0.0,0.0,0.0,100.0
Oʻahu,ahupuaa,Kualoa 1,2026-03,0.0,0.0,0.0,0.0,0.0,0.0,0.0,0.0,0.0,0.0,100.0
Oʻahu,ahupuaa,Kualoa 2,2026-03,0.0,0.0,0.0,0.0,0.0,0.0,0.0,0.0,0.0,0.0,100.0
Oʻahu,ahupuaa,Kuikuiloloa,2026-03,0.0,0.0,0.0,0.0,0.0,0.0,0.0,0.0,0.0,0.0,100.0
Oʻahu,ahupuaa,Kuliʻouʻou,2026-03,0.0,0.0,0.0,0.0,0.0,0.0,0.0,0.0,0.0,0.0,100.0
Oʻahu,ahupuaa,Kāneʻohe 1,2026-03,0.0,0.0,0.0,0.0,0.0,0.0,0.0,0.0,0.0,0.0,100.0
Oʻahu,ahupuaa,Kāneʻohe 2,2026-03,,,,,,,,,,,
Oʻahu,ahupuaa,Lauhulu,2026-03,0.0,0.0,0.0,0.0,0.0,0.0,0.0,0.0,0.0,0.0,100.0
Oʻahu,ahupuaa,Lāʻiemaloʻo,2026-03,0.0,0.0,0.0,0.0,0.0,0.0,0.0,0.0,0.0,0.0,100.0
Oʻahu,ahupuaa,Lāʻiewai,2026-03,0.0,0.0,0.0,0.0,0.0,0.0,0.0,0.0,0.0,0.0,100.0
Oʻahu,ahupuaa,Makaua 1,2026-03,0.0,0.0,0.0,0.0,0.0,0.0,0.0,0.0,0.0,0.0,100.0
Oʻahu,ahupuaa,Makaua 2,2026-03,0.0,0.0,0.0,0.0,0.0,0.0,0.0,0.0,0.0,0.0,100.0
Oʻahu,ahupuaa,Malaekahana,2026-03,0.0,0.0,0.0,0.0,0.0,0.0,0.0,0.0,0.0,0.0,100.0
Oʻahu,ahupuaa,Maunalua,2026-03,0.0,0.0,0.0,0.0,0.0,0.0,0.0,0.0,0.0,0.0,100.0
Oʻahu,ahupuaa,Moanalua,2026-03,0.0,0.0,0.0,0.0,0.0,0.0,0.0,0.0,0.0,0.0,100.0
Oʻahu,ahupuaa,Mokulēʻia 1,2026-03,0.0,0.0,0.0,0.0,0.0,0.0,0.0,0.0,0.0,0.0,100.0
Oʻahu,ahupuaa,Mokulēʻia 2,2026-03,0.0,0.0,0.0,0.0,0.0,0.0,0.0,0.0,0.0,0.0,100.0
Oʻahu,ahupuaa,Mākaha,2026-03,0.0,0.0,0.0,0.0,0.0,0.0,0.0,0.0,0.0,0.0,100.0
Oʻahu,ahupuaa,Mākao,2026-03,0.0,0.0,0.0,0.0,0.0,0.0,0.0,0.0,0.0,0.0,100.0
Oʻahu,ahupuaa,Mākua,2026-03,0.0,0.0,0.0,0.0,0.0,0.0,0.0,0.0,0.0,0.0,100.0
Oʻahu,ahupuaa,Mānana,2026-03,0.0,0.0,0.0,0.0,0.0,0.0,0.0,0.0,0.0,24.096385542168676,75.90361445783132
Oʻahu,ahupuaa,N/A 1,2026-03,0.0,0.0,0.0,0.0,0.0,0.0,0.0,0.0,0.0,0.0,100.0
Oʻahu,ahupuaa,N/A 2,2026-03,,,,,,,,,,,
Oʻahu,ahupuaa,N/A 3,2026-03,,,,,,,,,,,
Oʻahu,ahupuaa,N/A 4,2026-03,,,,,,,,,,,
Oʻahu,ahupuaa,Nānākuli,2026-03,0.0,0.0,0.0,0.0,0.0,0.0,0.0,0.0,0.0,0.0,100.0
Oʻahu,ahupuaa,Pahipahiʻālua,2026-03,0.0,0.0,0.0,0.0,0.0,0.0,0.0,0.0,0.0,0.0,100.0
Oʻahu,ahupuaa,Papaʻakoko,2026-03,0.0,0.0,0.0,0.0,0.0,0.0,0.0,0.0,0.0,0.0,100.0
Oʻahu,ahupuaa,Paumalū,2026-03,0.0,0.0,0.0,0.0,0.0,0.0,0.0,0.0,0.0,0.0,100.0
Oʻahu,ahupuaa,Paʻalaʻa,2026-03,0.0,0.0,0.0,0.0,0.0,0.0,0.0,0.0,2.4545454545454546,8.90909090909091,88.63636363636364
Oʻahu,ahupuaa,Puheʻemiki,2026-03,0.0,0.0,0.0,0.0,0.0,0.0,0.0,0.0,0.0,0.0,100.0
Oʻahu,ahupuaa,Punalau,2026-03,0.0,0.0,0.0,0.0,0.0,0.0,0.0,0.0,0.0,0.0,100.0
Oʻahu,ahupuaa,Punaluʻu,2026-03,0.0,0.0,0.0,0.0,0.0,0.0,0.0,0.0,18.39080459770115,57.8544061302682,23.754789272030653
Oʻahu,ahupuaa,Punanue,2026-03,0.0,0.0,0.0,0.0,0.0,0.0,0.0,0.0,0.0,0.0,100.0
Oʻahu,ahupuaa,Pūpūkea,2026-03,0.0,0.0,0.0,0.0,0.0,0.0,0.0,0.0,0.0,0.0,100.0
Oʻahu,ahupuaa,Ulupehupehu,2026-03,0.0,0.0,0.0,0.0,0.0,0.0,0.0,0.0,0.0,0.0,100.0
Oʻahu,ahupuaa,Waialeʻe,2026-03,0.0,0.0,0.0,0.0,0.0,0.0,0.0,0.0,0.0,0.0,100.0
Oʻahu,ahupuaa,Waiau,2026-03,0.0,0.0,0.0,0.0,0.0,0.0,0.0,0.0,0.0,27.607361963190186,72.39263803680981
Oʻahu,ahupuaa,Waiawa,2026-03,0.0,0.0,0.0,0.0,0.0,0.0,0.0,3.125,20.59659090909091,17.329545454545457,58.94886363636363
Oʻahu,ahupuaa,Waiheʻe,2026-03,0.0,0.0,0.0,0.0,0.0,0.0,0.0,0.0,0.0,8.60215053763441,91.39784946236558
Oʻahu,ahupuaa,Waikane,2026-03,0.0,0.0,0.0,0.0,0.0,0.0,0.0,0.0,4.45859872611465,40.12738853503185,55.4140127388535
Oʻahu,ahupuaa,Waikele,2026-03,0.0,0.0,0.0,0.0,0.0,0.0,0.0,0.0,0.0,0.0,100.0
Oʻahu,ahupuaa,Waikīkī,2026-03,0.0,0.0,0.0,0.0,0.0,0.0,0.0,0.0,0.0,0.0,100.0
Oʻahu,ahupuaa,Waimalu,2026-03,0.0,0.0,0.0,0.0,0.0,0.0,0.0,0.0,0.0,3.869047619047619,96.13095238095238
Oʻahu,ahupuaa,Waimano,2026-03,0.0,0.0,0.0,0.0,0.0,0.0,0.0,0.0,0.0,51.4018691588785,48.598130841121495
Oʻahu,ahupuaa,Waimea,2026-03,0.0,0.0,0.0,0.0,0.0,0.0,0.0,0.0,0.0,0.0,100.0
Oʻahu,ahupuaa,Waimānalo,2026-03,0.0,0.0,0.0,0.0,0.0,0.0,0.0,0.0,0.0,0.0,100.0
Oʻahu,ahupuaa,Waipiʻo-1,2026-03,0.0,0.0,0.0,0.0,0.0,0.0,0.0,16.951915240423798,9.942950285248573,4.808475957620212,68.29665851670742
Oʻahu,ahupuaa,Waipiʻo-2,2026-03,,,,,,,,,,,
Oʻahu,ahupuaa,Waiāhole,2026-03,0.0,0.0,0.0,0.0,0.0,0.0,0.0,0.0,2.1505376344086025,54.3010752688172,43.54838709677419
Oʻahu,ahupuaa,Waiʻanae,2026-03,0.0,0.0,0.0,0.0,0.0,0.0,0.0,3.005780346820809,1.579961464354528,1.8111753371868977,93.60308285163777
Oʻahu,ahupuaa,Waiʻono,2026-03,0.0,0.0,0.0,0.0,0.0,0.0,0.0,0.0,0.0,0.0,100.0
Oʻahu,ahupuaa,ʻAiea,2026-03,0.0,0.0,0.0,0.0,0.0,0.0,0.0,0.0,0.0,0.0,100.0
Oʻahu,ahupuaa,ʻŌhikilolo,2026-03,0.0,0.0,0.0,0.0,0.0,0.0,0.0,0.0,0.0,0.0,100.0
Oʻahu,ahupuaa,ʻŌiʻo 1,2026-03,0.0,0.0,0.0,0.0,0.0,0.0,0.0,0.0,0.0,0.0,100.0
Oʻahu,ahupuaa,ʻŌiʻo 2,2026-03,0.0,0.0,0.0,0.0,0.0,0.0,0.0,0.0,0.0,0.0,100.0
Oʻahu,ahupuaa,ʻŌpana 1,2026-03,0.0,0.0,0.0,0.0,0.0,0.0,0.0,0.0,0.0,0.0,100.0
Oʻahu,ahupuaa,ʻŌpana 2,2026-03,0.0,0.0,0.0,0.0,0.0,0.0,0.0,0.0,0.0,0.0,100.0
