division_full,date,mean,anomaly,pchange,rank
"Hawaiʻi::Ahalanui, Laepaoʻo",2026-03,74.06658203125,1.9287890624999875,1.9287890624999875,3.0
"Hawaiʻi::Alaeakila, Kaapahu",2026-03,69.13353250316112,1.9025602307622762,1.9025602307622762,3.0
Hawaiʻi::Alakahi,2026-03,70.2670166015625,1.9095886230468722,1.9095886230468722,3.0
Hawaiʻi::Aleamai,2026-03,72.09120295597957,1.9172367976262024,1.9172367976262024,3.0
"Hawaiʻi::Anapuka, Hoʻopūloa",2026-03,66.61670958449722,1.8892791986731936,1.8892791986731936,3.0
"Hawaiʻi::Apuakohau, Kukuiwaluhia",2026-03,71.91555833082933,1.9191425030048066,1.9191425030048066,3.0
"Hawaiʻi::Au 1-2, Āhualoa",2026-03,71.21378662109375,1.9153721400669639,1.9153721400669639,3.0
Hawaiʻi::Awakeʻe,2026-03,73.06015132615546,1.923707901129191,1.923707901129191,3.0
Hawaiʻi::Awalua,2026-03,72.95692420372596,1.922128530649033,1.922128530649033,3.0
Hawaiʻi::Haina,2026-03,71.08021647135416,1.9144531249999943,1.9144531249999943,3.0
Hawaiʻi::Hakalau,2026-03,62.19571472772277,1.8645807549504951,1.8645807549504951,3.0
Hawaiʻi::Halaʻula,2026-03,71.65179764597039,1.9183285361842053,1.9183285361842053,3.0
Hawaiʻi::Halelua,2026-03,72.75536346435547,1.9210784912109347,1.9210784912109347,3.0
"Hawaiʻi::Halelua, Wailoa, Kumu",2026-03,71.34278160794324,1.915311799676303,1.915311799676303,3.0
Hawaiʻi::Haleohiu,2026-03,73.62507062639509,1.9253199986049054,1.9253199986049054,3.0
"Hawaiʻi::Halepuaʻa, Kanekiki",2026-03,74.13066763528963,1.9311356707316918,1.9311356707316918,3.0
Hawaiʻi::Hamanamana,2026-03,72.84758375901441,1.9237398587740273,1.9237398587740273,3.0
"Hawaiʻi::Hanapai, Niupuka",2026-03,70.95188710387323,1.9163993727992903,1.9163993727992903,3.0
Hawaiʻi::Hauola,2026-03,70.67977730887277,1.9100359235491027,1.9100359235491027,3.0
Hawaiʻi::Haʻikū,2026-03,71.69871215820312,1.922309221540175,1.922309221540175,3.0
Hawaiʻi::Hionamoa,2026-03,72.32187257877067,1.918579706869835,1.918579706869835,3.0
"Hawaiʻi::Honalo, Māʻihi 1-2",2026-03,64.13038898443158,1.8753377308110046,1.8753377308110046,4.0
Hawaiʻi::Honohina,2026-03,62.35113075657895,1.8650353618421036,1.8650353618421036,3.0
Hawaiʻi::Honoipu,2026-03,73.06629333496093,1.9213134765624886,1.9213134765624886,3.0
Hawaiʻi::Honokaia,2026-03,66.8727838621549,1.890125635065175,1.890125635065175,3.0
Hawaiʻi::Honokua,2026-03,62.51504878760373,1.8666291169605813,1.8666291169605813,3.0
Hawaiʻi::Honokāne,2026-03,67.95259986733491,1.8962540536556673,1.8962540536556673,3.0
Hawaiʻi::Honokōhau 1-3,2026-03,68.78093326699144,1.9011577649714724,1.9011577649714724,3.0
Hawaiʻi::Honolulu,2026-03,74.259130859375,1.9293006310096246,1.9293006310096246,3.0
Hawaiʻi::Honomainoa,2026-03,73.02838745117188,1.9257041931152372,1.9257041931152372,3.0
Hawaiʻi::Honomakaʻu,2026-03,73.0225830078125,1.9292279924665223,1.9292279924665223,3.0
"Hawaiʻi::Honomū, Kuhua",2026-03,70.73731728830646,1.9121597782258135,1.9121597782258135,3.0
Hawaiʻi::Honopue,2026-03,66.60039806831173,1.8886087557164615,1.8886087557164615,3.0
Hawaiʻi::Honopueo,2026-03,72.59180839106722,1.922947376179252,1.922947376179252,3.0
Hawaiʻi::Honuaʻula 1,2026-03,59.83364819773018,1.8500122382512814,1.8500122382512814,4.0
Hawaiʻi::Honuaʻula 2,2026-03,66.15136029411765,1.8861405675551453,1.8861405675551453,3.0
Hawaiʻi::Honuʻapo,2026-03,70.92644900760135,1.9132393501900253,1.9132393501900253,3.0
Hawaiʻi::Hoʻokena,2026-03,61.29796110454358,1.859161376953118,1.859161376953118,4.0
Hawaiʻi::Hulunanai,2026-03,74.16625610351562,1.9268078613281148,1.9268078613281148,3.0
Hawaiʻi::Humuʻula,2026-03,51.44323781370656,1.61230091698841,1.61230091698841,6.0
"Hawaiʻi::Hālawa, Napapaʻa",2026-03,71.21101310483871,1.9151083669354847,1.9151083669354847,3.0
Hawaiʻi::Hāwī,2026-03,73.2202541185462,1.9277280061141226,1.9277280061141226,3.0
Hawaiʻi::Hāʻena,2026-03,72.43473681640626,1.917628417968757,1.917628417968757,3.0
Hawaiʻi::Hīleaiki,2026-03,71.92277531035958,1.9175567208904027,1.9175567208904027,3.0
Hawaiʻi::Hīleanui,2026-03,67.5572258866782,1.894033845155704,1.894033845155704,3.0
Hawaiʻi::Hōlualoa 1-2,2026-03,63.86476966594827,1.874494881465516,1.874494881465516,4.0
Hawaiʻi::Hōlualoa 3,2026-03,70.94688313802084,1.9088053385416686,1.9088053385416686,3.0
Hawaiʻi::Hōlualoa 4,2026-03,69.01316619223736,1.903142920960775,1.903142920960775,3.0
Hawaiʻi::Hōnaunau,2026-03,65.66739364091376,1.8827507379363482,1.8827507379363482,3.0
"Hawaiʻi::Hōʻea, Manowaikohau",2026-03,66.82377978032179,1.8905273437499943,1.8905273437499943,3.0
Hawaiʻi::Iliʻililoa,2026-03,74.3,1.9317496163504444,1.9317496163504444,3.0
Hawaiʻi::Kahaliʻi,2026-03,73.23824986049107,1.9224583217075804,1.9224583217075804,3.0
Hawaiʻi::Kahaluʻu,2026-03,67.02301976363314,1.8903455869334351,1.8903455869334351,3.0
Hawaiʻi::Kahaualeʻa,2026-03,66.40426441018766,1.8873232238605908,1.8873232238605908,3.0
Hawaiʻi::Kahauloa 2,2026-03,63.79623301127958,1.873856728457838,1.873856728457838,4.0
"Hawaiʻi::Kahilipaliiki, Kah",2026-03,73.15316467285156,1.92535400390625,1.92535400390625,3.0
Hawaiʻi::Kahilipalinui,2026-03,70.9606111225329,1.9123766447368382,1.9123766447368382,3.0
"Hawaiʻi::Kahoahuna, Paʻana",2026-03,70.97309814453125,1.913493652343746,1.913493652343746,3.0
Hawaiʻi::Kahua,2026-03,72.97662458147322,1.9245159040178663,1.9245159040178663,3.0
Hawaiʻi::Kahue,2026-03,71.9389629895174,1.916104628164561,1.916104628164561,3.0
Hawaiʻi::Kahuku,2026-03,54.82360375431722,1.588296609325191,1.588296609325191,6.0
Hawaiʻi::Kahuwai,2026-03,73.71399029917062,1.929045097748812,1.929045097748812,3.0
Hawaiʻi::Kahuā 1,2026-03,66.91360500169837,1.889482846467402,1.889482846467402,3.0
Hawaiʻi::Kahuā 2,2026-03,66.45389938766893,1.886486750422307,1.886486750422307,3.0
Hawaiʻi::Kaiaʻakea,2026-03,72.4955336350661,1.9199580265925391,1.9199580265925391,3.0
Hawaiʻi::Kaiholena,2026-03,70.6701896746134,1.9095121717944608,1.9095121717944608,3.0
Hawaiʻi::Kaihoʻonā,2026-03,70.41878788389009,1.9084615773168139,1.9084615773168139,3.0
Hawaiʻi::Kaihuiki,2026-03,73.30193481445312,1.9315917968749972,1.9315917968749972,3.0
Hawaiʻi::Kaimū,2026-03,72.02017422566371,1.9183904867256558,1.9183904867256558,3.0
Hawaiʻi::Kainehe,2026-03,69.49076311383928,1.903296595982141,1.903296595982141,3.0
"Hawaiʻi::Kaipuhaʻa, Lamaloloa",2026-03,70.8603571901483,1.9119458421610176,1.9119458421610176,3.0
Hawaiʻi::Kaiwiki,2026-03,66.26234779094827,1.885296336206892,1.885296336206892,3.0
"Hawaiʻi::Kaiwiki, Maumau",2026-03,70.11833984375,1.9101736450195261,1.9101736450195261,3.0
Hawaiʻi::Kaiwikinui,2026-03,67.42905145615183,1.8928327470549675,1.8928327470549675,3.0
Hawaiʻi::Kalakalaula,2026-03,71.06290313720703,1.9128955078124932,1.9128955078124932,3.0
"Hawaiʻi::Kalala 1-2, Kokiʻo",2026-03,69.60608623798078,1.9048737980769346,1.9048737980769346,3.0
Hawaiʻi::Kalalau,2026-03,71.68584415211397,1.9166231043198536,1.9166231043198536,3.0
Hawaiʻi::Kalaoa,2026-03,72.78661499023437,1.9243713378906193,1.9243713378906193,3.0
Hawaiʻi::Kalaoa 1-5,2026-03,72.49136234571954,1.9177475873161853,1.9177475873161853,3.0
"Hawaiʻi::Kalapana, Kupahua",2026-03,72.73940933295964,1.9214861266816143,1.9214861266816143,3.0
Hawaiʻi::Kaloko,2026-03,68.27882364241803,1.898685322745905,1.898685322745905,3.0
Hawaiʻi::Kalopā,2026-03,62.039324488146555,1.8630630387931078,1.8630630387931078,3.0
"Hawaiʻi::Kalua, Pakiloa, ʻŌuhi, Kaao",2026-03,71.82058856670673,1.9174100435697028,1.9174100435697028,3.0
Hawaiʻi::Kalāhiki,2026-03,66.74394668407655,1.8881547906425595,1.8881547906425595,3.0
Hawaiʻi::Kamano,2026-03,72.2572900390625,1.9223107910156187,1.9223107910156187,3.0
Hawaiʻi::Kamaui,2026-03,72.42720772879464,1.9178479875836985,1.9178479875836985,3.0
Hawaiʻi::Kamaʻeʻe,2026-03,69.93168106415199,1.9073349738436178,1.9073349738436178,3.0
Hawaiʻi::Kamoamoa,2026-03,69.32664690096954,1.9024205765235536,1.9024205765235536,3.0
Hawaiʻi::Kamoauau,2026-03,71.43980641084559,1.9171174890854843,1.9171174890854843,3.0
Hawaiʻi::Kamoku,2026-03,64.42841298204787,1.8769510472074558,1.8769510472074558,4.0
"Hawaiʻi::Kamāʻoa, Puʻuʻeo, Ke",2026-03,72.78665461753732,1.9222423041044863,1.9222423041044863,3.0
Hawaiʻi::Kanahonua,2026-03,71.17361328125,1.9184655761718687,1.9184655761718687,3.0
Hawaiʻi::Kapaʻa,2026-03,72.06072838824728,1.9217619522758156,1.9217619522758156,3.0
Hawaiʻi::Kapaʻanui,2026-03,72.71907925992399,1.923994074641044,1.923994074641044,3.0
Hawaiʻi::Kapaʻau,2026-03,70.77945201246044,1.9099022201344837,1.9099022201344837,3.0
Hawaiʻi::Kapoaula,2026-03,66.65896638569079,1.8896060341282919,1.8896060341282919,3.0
Hawaiʻi::Kapoho,2026-03,73.81200094288793,1.9259987877155282,1.9259987877155282,3.0
Hawaiʻi::Kapulena,2026-03,68.60464721679688,1.8995031738281227,1.8995031738281227,3.0
"Hawaiʻi::Kapulena, Haukoʻi, K",2026-03,71.30662407309322,1.913319319385593,1.913319319385593,3.0
Hawaiʻi::Kapunapuna,2026-03,72.69954833984374,1.9265624999999886,1.9265624999999886,3.0
Hawaiʻi::Kapuʻa 1,2026-03,73.54129028320312,1.9250762939453097,1.9250762939453097,3.0
Hawaiʻi::Kapuʻa 2,2026-03,69.47198324104619,1.9044216835532666,1.9044216835532666,3.0
Hawaiʻi::Kapāpala,2026-03,58.74050477932499,1.6475063429313224,1.6475063429313224,4.0
Hawaiʻi::Kau,2026-03,71.72459522853387,1.9180896794684514,1.9180896794684514,3.0
Hawaiʻi::Kauaea,2026-03,72.85218572443182,1.9241015624999989,1.9241015624999989,3.0
Hawaiʻi::Kaueleau,2026-03,73.35457326061321,1.9250147405660414,1.9250147405660414,3.0
Hawaiʻi::Kauhakō,2026-03,71.936259765625,1.9216064453124915,1.9216064453124915,3.0
Hawaiʻi::Kauhiula,2026-03,73.79918823242187,1.9293811798095675,1.9293811798095675,3.0
"Hawaiʻi::Kaukulau, Ki (b)",2026-03,74.24605712890624,1.9301986202116836,1.9301986202116836,3.0
"Hawaiʻi::Kaulana, Awalua, ʻŌhiki",2026-03,72.09205782530738,1.9168032786885334,1.9168032786885334,3.0
Hawaiʻi::Kaulanamauna,2026-03,68.12289007482394,1.8972388039172472,1.8972388039172472,3.0
Hawaiʻi::Kauleolī 1-2,2026-03,73.21859241832387,1.924082253196019,1.924082253196019,3.0
"Hawaiʻi::Kaumalumalu, Pāhoehoe",2026-03,65.6417171122865,1.8830266158773412,1.8830266158773412,3.0
"Hawaiʻi::Kaunāmano, Napauku",2026-03,70.55441763604101,1.9099020972988967,1.9099020972988967,3.0
"Hawaiʻi::Kaupakuea, Makea",2026-03,72.58758411567752,1.9216842010241635,1.9216842010241635,3.0
Hawaiʻi::Kaupalaoa,2026-03,69.67108286264781,1.9061754381334453,1.9061754381334453,3.0
Hawaiʻi::Kawaihae 1,2026-03,66.62570094273744,1.8891024354050359,1.8891024354050359,3.0
Hawaiʻi::Kawaihae 2,2026-03,67.70929542824074,1.8959032600308632,1.8959032600308632,3.0
Hawaiʻi::Kawainui,2026-03,71.62755520060911,1.9176728846663167,1.9176728846663167,3.0
Hawaiʻi::Kawela 1,2026-03,69.54047083479634,1.9035183681530725,1.9035183681530725,3.0
Hawaiʻi::Kawela 2,2026-03,71.8537164135514,1.9174120181074699,1.9174120181074699,3.0
Hawaiʻi::Kaūmana,2026-03,68.07205209682643,1.896392790641201,1.896392790641201,3.0
Hawaiʻi::Kaʻakepa,2026-03,72.73951568603516,1.9193218231201286,1.9193218231201286,3.0
Hawaiʻi::Kaʻala,2026-03,62.338352844612736,1.8684765025881944,1.8684765025881944,3.0
"Hawaiʻi::Kaʻalaʻala, Kanaio",2026-03,70.68315278104421,1.9115541215898304,1.9115541215898304,3.0
"Hawaiʻi::Kaʻalāiki, Hiʻonaʻā",2026-03,65.78055449695123,1.8840351880081343,1.8840351880081343,3.0
Hawaiʻi::Kaʻapoko,2026-03,73.27331515225497,1.9244001908735697,1.9244001908735697,3.0
Hawaiʻi::Kaʻapuna,2026-03,65.47536462560876,1.879412603997558,1.879412603997558,4.0
Hawaiʻi::Kaʻauhuhu 1,2026-03,71.68930838448661,1.9150896344866055,1.9150896344866055,3.0
Hawaiʻi::Kaʻauhuhu 2,2026-03,70.94445688790137,1.9143747312213293,1.9143747312213293,3.0
Hawaiʻi::Kaʻawaloa,2026-03,66.3546205634313,1.8882078461299727,1.8882078461299727,3.0
Hawaiʻi::Kaʻieʻie,2026-03,71.6980811866554,1.9189136402027032,1.9189136402027032,3.0
Hawaiʻi::Kaʻohe,2026-03,60.88115413014482,1.8569547327553408,1.8569547327553408,4.0
Hawaiʻi::Kaʻohe 1-3,2026-03,63.661033203125,1.8717158203124953,1.8717158203124953,4.0
Hawaiʻi::Kaʻohe 4,2026-03,63.19322509765625,1.8699261474609372,1.8699261474609372,3.0
Hawaiʻi::Kaʻohe 5,2026-03,71.56225372314452,1.9102395629882665,1.9102395629882665,3.0
Hawaiʻi::Kaʻohe Mauka,2026-03,50.29538127649168,1.4257623492011717,1.4257623492011717,7.0
Hawaiʻi::Kaʻūpūlehu,2026-03,68.43536408847982,1.8990053444180575,1.8990053444180575,3.0
Hawaiʻi::Keahialaka,2026-03,72.4089551276967,1.9219448960977132,1.9219448960977132,3.0
Hawaiʻi::Keahuolū,2026-03,71.49430996509308,1.9130236037234027,1.9130236037234027,3.0
Hawaiʻi::Kealahewa,2026-03,73.05752618963069,1.9232825816761476,1.9232825816761476,3.0
Hawaiʻi::Kealakehe,2026-03,69.38905432792887,1.90319241958683,1.90319241958683,3.0
"Hawaiʻi::Kealakekua, Kīloa 1",2026-03,61.378682976973685,1.8601227384868437,1.8601227384868437,4.0
Hawaiʻi::Kealakomo,2026-03,70.83908826207822,1.910728707342784,1.910728707342784,3.0
Hawaiʻi::Keauhou,2026-03,58.28176440329218,1.7944010416666671,1.7944010416666671,4.0
Hawaiʻi::Keauhou 1,2026-03,66.11931499245978,1.8864414900301512,1.8864414900301512,3.0
Hawaiʻi::Keauhou 2,2026-03,53.39446384910933,1.6365351030387743,1.6365351030387743,6.0
"Hawaiʻi::Keauohana, Kehena",2026-03,73.4089573636968,1.9265063996010525,1.9265063996010525,3.0
Hawaiʻi::Keaīwa,2026-03,71.18037765887604,1.9151071756827633,1.9151071756827633,3.0
Hawaiʻi::Keaʻau,2026-03,71.47481679112795,1.9148886814534052,1.9148886814534052,3.0
Hawaiʻi::Keaʻā,2026-03,70.31412160773027,1.9084832442434276,1.9084832442434276,3.0
"Hawaiʻi::Kehena 1, Kipi",2026-03,69.28159344276685,1.9022913557759722,1.9022913557759722,3.0
Hawaiʻi::Kehena 2,2026-03,67.41796729244403,1.8928590689132534,1.8928590689132534,3.0
Hawaiʻi::Kemau,2026-03,72.0193603515625,1.9196980794270786,1.9196980794270786,3.0
Hawaiʻi::Keonepokoiki,2026-03,73.27116561025943,1.9260373673348994,1.9260373673348994,3.0
Hawaiʻi::Keonepokonui,2026-03,73.32996941332547,1.9252358490566053,1.9252358490566053,3.0
"Hawaiʻi::Keoniki, Kauniho, Wa",2026-03,63.329070893595045,1.870218072055792,1.870218072055792,3.0
Hawaiʻi::Keālia 1,2026-03,61.50315537694412,1.859789926555294,1.859789926555294,4.0
Hawaiʻi::Keālia 2,2026-03,63.508710098266604,1.8701374053955107,1.8701374053955107,4.0
Hawaiʻi::Keʻei 1,2026-03,72.20894312365301,1.917568864493532,1.917568864493532,3.0
Hawaiʻi::Keʻei 2,2026-03,66.7227199388587,1.8896942934782572,1.8896942934782572,3.0
"Hawaiʻi::Keʻekeʻe 1-2, Kanakau",2026-03,69.78200485641892,1.9066775760135215,1.9066775760135215,3.0
"Hawaiʻi::Kiolakaʻa, Puʻumakaʻā",2026-03,67.73423136210762,1.8954500070067297,1.8954500070067297,3.0
Hawaiʻi::Kiʻilae,2026-03,60.28269003378379,1.8529101562499974,1.8529101562499974,4.0
Hawaiʻi::Kiʻiokalani,2026-03,70.67465105754573,1.91177383050686,1.91177383050686,3.0
Hawaiʻi::Kohanaiki,2026-03,73.01797666807433,1.9216691300675706,1.9216691300675706,3.0
Hawaiʻi::Koholālele,2026-03,60.55980168269231,1.8457538311298052,1.8457538311298052,4.0
Hawaiʻi::Kokoiki,2026-03,73.05534319196428,1.9244986397879416,1.9244986397879416,3.0
Hawaiʻi::Kolo,2026-03,70.96466418850807,1.9132513230846797,1.9132513230846797,3.0
"Hawaiʻi::Koloaha, Kulihaʻi",2026-03,71.59859175248579,1.9170310280539695,1.9170310280539695,3.0
Hawaiʻi::Kou,2026-03,72.21648053850447,1.9191796875000051,1.9191796875000051,3.0
Hawaiʻi::Kuilei 1-2,2026-03,71.576076171875,1.91162109375,1.91162109375,3.0
Hawaiʻi::Kukuihaele,2026-03,70.05029192985373,1.9071283868018725,1.9071283868018725,3.0
"Hawaiʻi::Kukuihala, Kamāʻili",2026-03,72.26345252403846,1.9193734975961547,1.9193734975961547,3.0
Hawaiʻi::Kukuikea,2026-03,73.2938249860491,1.9291796003069095,1.9291796003069095,3.0
Hawaiʻi::Kukuiopaʻe 1-2,2026-03,64.46171952813745,1.876338785483071,1.876338785483071,4.0
Hawaiʻi::Kukuipahu,2026-03,72.80791184971099,1.9224245280888823,1.9224245280888823,3.0
Hawaiʻi::Kula,2026-03,73.95022575081168,1.928084415584408,1.928084415584408,3.0
"Hawaiʻi::Kulanakiʻi, Kahīnano",2026-03,70.58373325892856,1.909999302455347,1.909999302455347,3.0
Hawaiʻi::Kulaʻikahonu,2026-03,72.7135977608817,1.922466169084828,1.922466169084828,3.0
Hawaiʻi::Kulaʻimano,2026-03,73.39569905598958,1.9228312174479072,1.9228312174479072,3.0
"Hawaiʻi::Kāhei, Hualua",2026-03,73.18541853913163,1.9257147054756558,1.9257147054756558,3.0
Hawaiʻi::Kāwala,2026-03,72.34792336856617,1.9196798885569706,1.9196798885569706,3.0
Hawaiʻi::Kēōkea,2026-03,63.79199122060644,1.8739731590346622,1.8739731590346622,4.0
Hawaiʻi::Kīkala,2026-03,71.02268826844262,1.9139156153944725,1.9139156153944725,3.0
"Hawaiʻi::Kīkala 1-2, Kēōkea",2026-03,73.2180078125,1.9254994419642912,1.9254994419642912,3.0
Hawaiʻi::Kīpahoehoe,2026-03,66.7911884014423,1.8890557391826803,1.8890557391826803,3.0
Hawaiʻi::Kīʻao,2026-03,70.17798916235903,1.9058123825188034,1.9058123825188034,3.0
Hawaiʻi::Kīʻolokū,2026-03,68.78107299804688,1.9003993443080418,1.9003993443080418,3.0
Hawaiʻi::Kūkaʻiau,2026-03,61.22095404081938,1.8475934042314606,1.8475934042314606,4.0
"Hawaiʻi::Kūkiʻo, Maniniʻōwali",2026-03,72.79670996093749,1.9209638671874956,1.9209638671874956,3.0
Hawaiʻi::Kūkūau 1,2026-03,68.53215009581368,1.8985010686910329,1.8985010686910329,3.0
Hawaiʻi::Kūkūau 2,2026-03,67.93406990840518,1.8957765355603442,1.8957765355603442,3.0
"Hawaiʻi::Laeʻapuki, Pānaui-iki",2026-03,71.79251929593373,1.9167145143072304,1.9167145143072304,3.0
Hawaiʻi::Laimi,2026-03,72.1982900766226,1.9181706355168302,1.9181706355168302,3.0
"Hawaiʻi::Lanihau 1-2, Moeauo",2026-03,70.60215936916978,1.911086535097951,1.911086535097951,3.0
Hawaiʻi::Lanikepu,2026-03,62.6939193725586,1.8687194824218807,1.8687194824218807,3.0
Hawaiʻi::Laupāhoehoe 1,2026-03,64.69263311589806,1.8774802791262175,1.8774802791262175,4.0
"Hawaiʻi::Laupāhoehoe, Welokā",2026-03,65.3176775251116,1.8815970284598222,1.8815970284598222,4.0
"Hawaiʻi::Lepoloa, Kaluakailio",2026-03,73.19404512293198,1.9238740808823565,1.9238740808823565,3.0
"Hawaiʻi::Lālāmilo, Keanuʻiʻomanō",2026-03,69.78346631516256,1.9060165884248903,1.9060165884248903,3.0
Hawaiʻi::Mahaiʻula,2026-03,73.1062255859375,1.9229785816089446,1.9229785816089446,3.0
"Hawaiʻi::Makahanaloa, Pepeʻekeo",2026-03,63.69487242879747,1.872289111946202,1.872289111946202,4.0
Hawaiʻi::Makalawena,2026-03,73.79326477050782,1.9273361206054744,1.9273361206054744,3.0
"Hawaiʻi::Makanikahio 1-2, Auau",2026-03,70.92040405273437,1.9103645324706946,1.9103645324706946,3.0
"Hawaiʻi::Makapala, Niuliʻi",2026-03,71.07234677596831,1.9141123597051148,1.9141123597051148,3.0
Hawaiʻi::Makaʻula,2026-03,72.40760020380435,1.9210836659307091,1.9210836659307091,3.0
Hawaiʻi::Makeanehu,2026-03,70.93571428571428,1.9128714425223166,1.9128714425223166,3.0
"Hawaiʻi::Makiloa, Pahinahina",2026-03,70.13157006240473,1.9078348299352257,1.9078348299352257,3.0
"Hawaiʻi::Makuʻu, Pōpōkī, Hālo",2026-03,72.8173504290803,1.923772465997402,1.923772465997402,3.0
Hawaiʻi::Malama 1,2026-03,73.84907924107142,1.9288434709821303,1.9288434709821303,3.0
Hawaiʻi::Malanahae,2026-03,70.1493735259434,1.9074836011202905,1.9074836011202905,3.0
Hawaiʻi::Manoloa,2026-03,70.11214810075431,1.9091359105603516,1.9091359105603516,3.0
Hawaiʻi::Manowaialeʻe,2026-03,65.71662667410715,1.8833579799107198,1.8833579799107198,3.0
Hawaiʻi::Manukā,2026-03,70.38777073019801,1.9093542117883544,1.9093542117883544,3.0
Hawaiʻi::Maulili,2026-03,72.49502476283482,1.9260681152343722,1.9260681152343722,3.0
Hawaiʻi::Mauluaiki,2026-03,68.86806182861328,1.905674743652341,1.905674743652341,3.0
Hawaiʻi::Mauluanui,2026-03,62.48776899857954,1.865731534090905,1.865731534090905,3.0
Hawaiʻi::Maʻulili,2026-03,,,,
Hawaiʻi::Mohokea,2026-03,65.7727783203125,1.8861356295072085,1.8861356295072085,3.0
Hawaiʻi::Mohokeanui,2026-03,74.4852294921875,1.925329284667967,1.925329284667967,3.0
"Hawaiʻi::Mokuhonua, Halepuna",2026-03,73.81930498395647,1.929022652762285,1.929022652762285,3.0
Hawaiʻi::Mokuoniki,2026-03,71.69712663130326,1.9208371249112162,1.9208371249112162,3.0
Hawaiʻi::Momoualoa,2026-03,62.51279009650735,1.8624454273897086,1.8624454273897086,3.0
Hawaiʻi::Moʻoiki,2026-03,70.12731724330357,1.9102901785714153,1.9102901785714153,3.0
"Hawaiʻi::Māhukona, Hihiu, K",2026-03,71.96849365234375,1.9198120117187472,1.9198120117187472,3.0
Hawaiʻi::Mālamalamaiki,2026-03,71.9761575450068,1.9162974481997281,1.9162974481997281,3.0
Hawaiʻi::Mānienie,2026-03,71.12806396484375,1.915313720703125,1.915313720703125,3.0
"Hawaiʻi::Nakoʻoka, Laupāhoeho",2026-03,67.19004462840026,1.8917751173898978,1.8917751173898978,3.0
"Hawaiʻi::Namoku, Papuaʻa",2026-03,71.19458487374442,1.9169847760881709,1.9169847760881709,3.0
Hawaiʻi::Nanue,2026-03,70.52629089355469,1.9128143310546903,1.9128143310546903,3.0
Hawaiʻi::Nienie,2026-03,65.07243017962598,1.880204232283461,1.880204232283461,4.0
"Hawaiʻi::Niupea, Kealakaha",2026-03,68.69025078125,1.8992460937499942,1.8992460937499942,3.0
Hawaiʻi::Nunuluiki,2026-03,68.47344735952524,1.8983867938701877,1.8983867938701877,3.0
Hawaiʻi::Nunulunui,2026-03,68.82587158203125,1.9005395507812466,1.9005395507812466,3.0
Hawaiʻi::Nānāwale,2026-03,73.99888154871324,1.929788602941187,1.929788602941187,3.0
Hawaiʻi::Ohanaula,2026-03,72.49129214079483,1.9203193996263508,1.9203193996263508,3.0
Hawaiʻi::Okoe 1-2,2026-03,72.61854014295213,1.9225115836934776,1.9225115836934776,3.0
Hawaiʻi::Onomea,2026-03,70.31185681573275,1.909975850523395,1.909975850523395,3.0
"Hawaiʻi::Opea, Peleau, ʻAwa",2026-03,71.33468343904703,1.9158415841584144,1.9158415841584144,3.0
Hawaiʻi::Opihikao,2026-03,73.68076882664161,1.9269324194026893,1.9269324194026893,3.0
Hawaiʻi::Opihilala,2026-03,72.12713971819196,1.9174909319196445,1.9174909319196445,3.0
"Hawaiʻi::Opihipau, Hukiaʻa",2026-03,73.2926742061492,1.9260592552923441,1.9260592552923441,3.0
Hawaiʻi::Paihaʻaloa,2026-03,73.16193411690848,1.9220894949776692,1.9220894949776692,3.0
Hawaiʻi::Palauhulu 1-2,2026-03,70.90274353027344,1.913278198242196,1.913278198242196,3.0
Hawaiʻi::Papaki,2026-03,72.96451568603516,1.9189338684082031,1.9189338684082031,3.0
Hawaiʻi::Papalele,2026-03,72.7111716822574,1.9233822471217081,1.9233822471217081,3.0
Hawaiʻi::Papaʻanui,2026-03,71.2145543715533,1.9150268554687528,1.9150268554687528,3.0
Hawaiʻi::Pauahi,2026-03,61.941606114274364,1.862026201668435,1.862026201668435,3.0
Hawaiʻi::Paukaʻa,2026-03,64.00555889423077,1.8749218750000054,1.8749218750000054,4.0
Hawaiʻi::Paʻalaea,2026-03,72.25951843261718,1.9247268676757727,1.9247268676757727,3.0
Hawaiʻi::Paʻauilo,2026-03,70.76630780619959,1.9129642609626956,1.9129642609626956,3.0
"Hawaiʻi::Pihā, Kahuku",2026-03,62.80225924516476,1.8675826020773698,1.8675826020773698,3.0
Hawaiʻi::Piʻihonua,2026-03,61.719517309930175,1.86191754751745,1.86191754751745,3.0
Hawaiʻi::Pohakuhaku,2026-03,71.76627807617187,1.919885808771312,1.919885808771312,3.0
Hawaiʻi::Pohoiki,2026-03,73.79734552556819,1.926991965553981,1.926991965553981,3.0
Hawaiʻi::Pololū,2026-03,71.10813454198474,1.9156801645992374,1.9156801645992374,3.0
Hawaiʻi::Ponahawai,2026-03,70.37486504157725,1.9092257913090123,1.9092257913090123,3.0
"Hawaiʻi::Poupou 1-2, Pūlama",2026-03,73.12017399714543,1.9231609637920712,1.9231609637920712,3.0
Hawaiʻi::Puaiki,2026-03,71.62090148925782,1.9143402099609403,1.9143402099609403,3.0
Hawaiʻi::Puakea,2026-03,73.15687537560096,1.9243314302884613,1.9243314302884613,3.0
Hawaiʻi::Puanui,2026-03,70.51812133789062,1.9081862505744454,1.9081862505744454,3.0
Hawaiʻi::Puapuaʻa 2,2026-03,73.01526692708333,1.9247884114583371,1.9247884114583371,3.0
Hawaiʻi::Puaʻa 1,2026-03,65.54234759221312,1.881976018186485,1.881976018186485,3.0
"Hawaiʻi::Puaʻa 2-3, Waiʻaha 1",2026-03,71.06357025971283,1.9114340292440772,1.9114340292440772,3.0
"Hawaiʻi::Puaʻakuloa, Kapena",2026-03,70.76715854881084,1.9125972241427007,1.9125972241427007,3.0
"Hawaiʻi::Puehuehu, Laʻaumama",2026-03,73.13472541360295,1.9261273552389753,1.9261273552389753,3.0
Hawaiʻi::Pueopaku,2026-03,73.2455498046875,1.9226162109374911,1.9226162109374911,3.0
Hawaiʻi::Punahoa 1,2026-03,71.38869857788086,1.9161083221435575,1.9161083221435575,3.0
Hawaiʻi::Punahoa 2,2026-03,67.2065234375,1.8917327008928595,1.8917327008928595,3.0
Hawaiʻi::Punaluʻu,2026-03,69.8461159094657,1.905429326764505,1.905429326764505,3.0
Hawaiʻi::Puua,2026-03,73.39121359280588,1.9240187169561835,1.9240187169561835,3.0
Hawaiʻi::Puumoi,2026-03,71.01153846153846,1.9129056490384642,1.9129056490384642,3.0
Hawaiʻi::Puʻuanahulu,2026-03,64.96655317354865,1.8798216475878888,1.8798216475878888,4.0
Hawaiʻi::Puʻuepa,2026-03,73.49021579116138,1.925568811217346,1.925568811217346,3.0
Hawaiʻi::Puʻukapu,2026-03,63.694747658972126,1.8732401459059247,1.8732401459059247,4.0
"Hawaiʻi::Puʻukawaiwai, Panoluʻukia",2026-03,64.9432666015625,1.880635986328123,1.880635986328123,4.0
"Hawaiʻi::Puʻukole, Koea, Lapakahi",2026-03,72.04862522434544,1.9191660288217918,1.9191660288217918,3.0
Hawaiʻi::Puʻuokumau,2026-03,68.47331099076705,1.9005548650568187,1.9005548650568187,3.0
Hawaiʻi::Puʻuwaʻawaʻa,2026-03,67.44882883137433,1.8932804023508254,1.8932804023508254,3.0
Hawaiʻi::Puʻuʻeo,2026-03,71.31095815805288,1.9150648850661014,1.9150648850661014,3.0
Hawaiʻi::Pāhoa,2026-03,72.63322347005209,1.92071533203125,1.92071533203125,3.0
Hawaiʻi::Pāhoehoe,2026-03,70.81857479319854,1.912064855238981,1.912064855238981,3.0
"Hawaiʻi::Pāhoehoe A 1-4, Mau",2026-03,68.55011667351974,1.8989787212171052,1.8989787212171052,3.0
Hawaiʻi::Pāhoehoe B 1-3,2026-03,62.01194542194234,1.86262207031249,1.86262207031249,3.0
Hawaiʻi::Pākiniiki,2026-03,71.5510092163086,1.9146368408203216,1.9146368408203216,3.0
"Hawaiʻi::Pākininui, Puʻulena",2026-03,72.88361498612174,1.9231330158882116,1.9231330158882116,3.0
Hawaiʻi::Pānauinui,2026-03,69.03951064033743,1.9016871165644176,1.9016871165644176,3.0
Hawaiʻi::Pāpaʻa,2026-03,73.83548088073731,1.933837509155282,1.933837509155282,3.0
Hawaiʻi::Pāpaʻikou,2026-03,64.14040914948454,1.875060405927833,1.875060405927833,4.0
Hawaiʻi::Pāpā 1,2026-03,65.8737060546875,1.8848330740201291,1.8848330740201291,3.0
Hawaiʻi::Pāpā 2,2026-03,64.148193359375,1.8756756591796844,1.8756756591796844,4.0
Hawaiʻi::Pāʻauhau,2026-03,64.7987109375,1.8786027644230856,1.8786027644230856,4.0
Hawaiʻi::Pāʻauhau-mauka,2026-03,58.14345287785589,1.8389845123022894,1.8389845123022894,4.0
"Hawaiʻi::Pāʻauʻau 1, Palima",2026-03,71.934740234375,1.91916650390624,1.91916650390624,3.0
Hawaiʻi::Pāʻauʻau 2,2026-03,66.25999002659574,1.886177692819146,1.886177692819146,3.0
Hawaiʻi::Pōhakulua,2026-03,65.61758608610734,1.8854879628057049,1.8854879628057049,3.0
"Hawaiʻi::Pōhakulua, Ahulua",2026-03,70.93204345703126,1.91195882161459,1.91195882161459,3.0
Hawaiʻi::Pūʻālaʻa,2026-03,74.4271251331676,1.9278442382812386,1.9278442382812386,3.0
Hawaiʻi::Umauma,2026-03,67.29840561224489,1.8930444834183646,1.8930444834183646,3.0
"Hawaiʻi::Waiakahiula, Kaʻohe 1",2026-03,69.82060245576226,1.9067895020417467,1.9067895020417467,3.0
"Hawaiʻi::Waiakahiula, Kaʻohe 2",2026-03,73.91937978316327,1.9294772401147924,1.9294772401147924,3.0
Hawaiʻi::Waiea,2026-03,67.58904713834269,1.89390965150983,1.89390965150983,3.0
Hawaiʻi::Waikahekahe,2026-03,73.06780877041457,1.9234487869032648,1.9234487869032648,3.0
Hawaiʻi::Waikahekaheiki,2026-03,70.65162035672171,1.9108781692217036,1.9108781692217036,3.0
Hawaiʻi::Waikahekahenui,2026-03,73.16330934289383,1.9250334439212224,1.9250334439212224,3.0
Hawaiʻi::Waikapu,2026-03,66.46543787606754,1.8866869055706417,1.8866869055706417,3.0
Hawaiʻi::Waikaumalo,2026-03,66.42132927389706,1.887321920955884,1.887321920955884,3.0
Hawaiʻi::Waikaʻalulu,2026-03,72.3627607865767,1.9153589422052448,1.9153589422052448,3.0
Hawaiʻi::Waikoekoe,2026-03,67.16865683065879,1.8912993559966367,1.8912993559966367,3.0
Hawaiʻi::Waikoloa,2026-03,67.98482989875637,1.89773347815688,1.89773347815688,3.0
Hawaiʻi::Waikā,2026-03,66.7033428485577,1.8891887019230893,1.8891887019230893,3.0
Hawaiʻi::Waikākuʻu,2026-03,71.647607421875,1.915620117187487,1.915620117187487,3.0
"Hawaiʻi::Wailau, Nīnole, Kaʻa",2026-03,63.371948562276515,1.8712092148390909,1.8712092148390909,3.0
Hawaiʻi::Wailea,2026-03,73.60261680201481,1.9259553608141573,1.9259553608141573,3.0
Hawaiʻi::Wailua,2026-03,72.64158841646635,1.9208622859074467,1.9208622859074467,3.0
Hawaiʻi::Waimanu,2026-03,70.58643713662791,1.911527071220931,1.911527071220931,3.0
"Hawaiʻi::Waimea, Waikoloa",2026-03,66.52957116467276,1.888420566502461,1.888420566502461,3.0
Hawaiʻi::Wainaku,2026-03,73.22491173377404,1.9243905874399019,1.9243905874399019,3.0
Hawaiʻi::Waiomao,2026-03,70.06275761045258,1.9092217807112064,1.9092217807112064,3.0
Hawaiʻi::Waipiʻo,2026-03,69.00317265998804,1.9012550463516789,1.9012550463516789,3.0
Hawaiʻi::Waipunalei,2026-03,64.3876473721591,1.8781107954545462,1.8781107954545462,4.0
Hawaiʻi::Waiākea,2026-03,65.09498497197227,1.8798818041008971,1.8798818041008971,4.0
Hawaiʻi::Waiʻaleʻale 1-2,2026-03,71.07487227277058,1.9134807307545714,1.9134807307545714,3.0
Hawaiʻi::Waiʻōhinu,2026-03,64.51508659101711,1.876351220888779,1.876351220888779,4.0
Hawaiʻi::Waʻawaʻa,2026-03,74.2246058872768,1.9292027064732338,1.9292027064732338,3.0
"Hawaiʻi::Weha, Mahakuolo",2026-03,70.79393664944557,1.9112950478830726,1.9112950478830726,3.0
Hawaiʻi::ʻAlae,2026-03,69.39664825021404,1.904650042808214,1.904650042808214,3.0
Hawaiʻi::ʻAlikā,2026-03,64.88363486842105,1.8781250000000043,1.8781250000000043,4.0
Hawaiʻi::ʻAnaehoʻomalu,2026-03,74.51257241459216,1.927705822960803,1.927705822960803,3.0
Hawaiʻi::ʻIole,2026-03,72.39800096198694,1.9204790257695805,1.9204790257695805,3.0
Hawaiʻi::ʻOʻoma 1,2026-03,73.46762731215533,1.9238159179687528,1.9238159179687528,3.0
Hawaiʻi::ʻOʻoma 2,2026-03,73.36370849609375,1.924782714843758,1.924782714843758,3.0
Hawaiʻi::ʻOʻōkala,2026-03,71.7031757061298,1.9185283954326735,1.9185283954326735,3.0
Hawaiʻi::ʻUpolu,2026-03,73.17892211914062,1.9252770996093744,1.9252770996093744,3.0
Hawaiʻi::ʻĀinakea,2026-03,72.61329203760901,1.9211153252180253,1.9211153252180253,3.0
Hawaiʻi::ʻĀpua 1,2026-03,68.50652343750001,1.898476562500008,1.898476562500008,3.0
Hawaiʻi::ʻĀpua 2,2026-03,65.61944754464285,1.8840401785714178,1.8840401785714178,3.0
Hawaiʻi::ʻĀwini,2026-03,67.8412890625,1.895751953125,1.895751953125,3.0
Hawaiʻi::ʻĀʻamakaō,2026-03,70.28236464203381,1.907626392802257,1.907626392802257,3.0
Hawaiʻi::ʻĀʻāmanu,2026-03,71.86740144428454,1.915975149054276,1.915975149054276,3.0
Hawaiʻi::ʻŌlaʻa,2026-03,65.5740119485294,1.8830629972275759,1.8830629972275759,3.0
"Hawaiʻi::ʻŌlelomoana 1-4, Opihihali",2026-03,64.9229921875,1.8788710937499928,1.8788710937499928,4.0
Hawaiʻi::ʻŌuli,2026-03,69.70990867614746,1.9064060211181726,1.9064060211181726,3.0
Kahoʻolawe::N/A,2026-03,71.60156806899185,0.6784368635437801,0.6784368635437801,12.0
Kauaʻi::Anahola,2026-03,70.85171671733598,1.124025646917417,1.124025646917417,9.0
Kauaʻi::East Waiakalua,2026-03,72.72798076428865,1.0716584858141402,1.0716584858141402,9.0
Kauaʻi::Hanakoa,2026-03,63.888251296612395,1.3079565224527272,1.3079565224527272,9.0
Kauaʻi::Hanakāpīʻai,2026-03,65.0786688701923,1.2782632211538356,1.2782632211538356,9.0
Kauaʻi::Hanalei,2026-03,69.07619572996184,1.1714187738549668,1.1714187738549668,9.0
Kauaʻi::Hanamāʻulu,2026-03,70.25741087147887,1.1387599031690172,1.1387599031690172,9.0
Kauaʻi::Hanapēpē,2026-03,67.70937904094828,1.2079505657327587,1.2079505657327587,10.0
Kauaʻi::Haʻikū,2026-03,71.07073421280276,1.1172753568339004,1.1172753568339004,9.0
Kauaʻi::Honopū,2026-03,65.20768535025168,1.2746913013842303,1.2746913013842303,10.0
Kauaʻi::Hāʻena,2026-03,68.85159641877385,1.1770366173664115,1.1770366173664115,9.0
Kauaʻi::Kalalau,2026-03,65.7480995377945,1.2603515624999915,1.2603515624999915,11.0
Kauaʻi::Kalapakī,2026-03,73.08350211048578,1.0619020290284311,1.0619020290284311,9.0
Kauaʻi::Kalihikai,2026-03,72.41941228693182,1.0824795809659093,1.0824795809659093,9.0
Kauaʻi::Kalihiwai,2026-03,70.2242509765625,1.1400000000000006,1.1400000000000006,9.0
Kauaʻi::Kalāheo,2026-03,70.6715758957788,1.1282533336060254,1.1282533336060254,9.0
Kauaʻi::Kamalomaloʻo,2026-03,71.5275058362611,1.1042780949519226,1.1042780949519226,9.0
Kauaʻi::Kapaʻa,2026-03,71.38881737385321,1.1089893922018348,1.1089893922018348,9.0
Kauaʻi::Kaʻakaʻaniu,2026-03,73.13677368164062,1.0587280273437472,1.0587280273437472,9.0
Kauaʻi::Keālia,2026-03,71.22379048447537,1.1131996955299712,1.1131996955299712,9.0
Kauaʻi::Kāhili,2026-03,71.99321856831395,1.0934956395348792,1.0934956395348792,8.0
Kauaʻi::Kīlauea,2026-03,71.89515024038462,1.0961144080528982,1.0961144080528982,8.0
Kauaʻi::Kīpū,2026-03,71.9856640625,1.092116044207316,1.092116044207316,8.0
Kauaʻi::Kīpū Kai,2026-03,72.29526620840097,1.0839853261972365,1.0839853261972365,9.0
Kauaʻi::Kōloa,2026-03,71.8348714593596,1.0970914793719118,1.0970914793719118,9.0
Kauaʻi::Lepeuli,2026-03,72.33917410714285,1.084113420758925,1.084113420758925,9.0
Kauaʻi::Lumahaʻi,2026-03,66.91524376502403,1.2290095402644141,1.2290095402644141,10.0
Kauaʻi::Lāwai,2026-03,71.75957071771265,1.0982389457987551,1.0982389457987551,9.0
Kauaʻi::Makaweli,2026-03,67.3369719847941,1.2173306455421198,1.2173306455421198,10.0
Kauaʻi::Moloaʻa,2026-03,71.49362969152706,1.105514557828613,1.105514557828613,9.0
Kauaʻi::Māhāʻulepū,2026-03,72.58225555419922,1.0779647827148438,1.0779647827148438,9.0
Kauaʻi::Niumalu 1,2026-03,71.59669979319852,1.1019330193014696,1.1019330193014696,9.0
Kauaʻi::Niumalu 2,2026-03,73.16193810096154,1.0592882361778777,1.0592882361778777,9.0
Kauaʻi::North Olohena,2026-03,72.38527438256048,1.0829967867943537,1.0829967867943537,9.0
Kauaʻi::Nāmāhana,2026-03,72.86809300013951,1.0649950299944209,1.0649950299944209,9.0
Kauaʻi::Nāwiliwili,2026-03,72.623046875,1.074715035860649,1.074715035860649,9.0
Kauaʻi::Papaʻa,2026-03,72.4406902562792,1.078627427716114,1.078627427716114,9.0
Kauaʻi::Pāʻā,2026-03,72.63688883763838,1.076063408095024,1.076063408095024,9.0
Kauaʻi::Pīlaʻa,2026-03,72.240329683744,1.085630915715143,1.085630915715143,9.0
Kauaʻi::Pōhakuao,2026-03,69.26827270507812,1.1678796386718773,1.1678796386718773,9.0
Kauaʻi::South Olohena,2026-03,72.72371699892241,1.0756802262931018,1.0756802262931018,9.0
Kauaʻi::Wahiawa,2026-03,69.59440169108478,1.156357884585404,1.156357884585404,9.0
Kauaʻi::Waiakalua,2026-03,70.07305438701923,1.1431227463942264,1.1431227463942264,9.0
Kauaʻi::Waikoko,2026-03,73.00317068917411,1.0651778738839397,1.0651778738839397,9.0
Kauaʻi::Wailua,2026-03,70.56857138708179,1.1309857109665558,1.1309857109665558,9.0
Kauaʻi::Waimea,2026-03,66.28265791906327,1.247254776088738,1.247254776088738,10.0
Kauaʻi::Wainiha,2026-03,64.89230975387687,1.283044525375928,1.283044525375928,9.0
Kauaʻi::Waipake,2026-03,72.89867187499999,1.0680073242187405,1.0680073242187405,9.0
Kauaʻi::Waipouli,2026-03,72.35226229039634,1.0843473704268263,1.0843473704268263,9.0
Kauaʻi::Waipā,2026-03,70.53845256223516,1.1332192631091118,1.1332192631091118,9.0
Kauaʻi::Waiʻoli,2026-03,68.63564059349798,1.182469128024195,1.182469128024195,9.0
Kauaʻi::Weliweli,2026-03,72.88760510460806,1.0661132812499972,1.0661132812499972,9.0
Kauaʻi::West Waiakalua,2026-03,72.69565217391305,1.0730681046195656,1.0730681046195656,9.0
Kauaʻi::ʻAliomanu,2026-03,71.59784350837629,1.1023930815077279,1.1023930815077279,9.0
Kauaʻi::ʻEleʻele,2026-03,73.20185408158736,1.0616338556463063,1.0616338556463063,10.0
Lānaʻi::Kalulu,2026-03,69.85933236135563,0.7598412742077301,0.7598412742077301,12.0
Lānaʻi::Kamao,2026-03,70.62526921452702,0.7248933699324311,0.7248933699324311,12.0
Lānaʻi::Kamoku,2026-03,69.7707275390625,0.7619537353515682,0.7619537353515682,11.0
Lānaʻi::Kaohai,2026-03,70.0024911063058,0.7528878348214221,0.7528878348214221,12.0
Lānaʻi::Kaunolū,2026-03,69.80255226868327,0.7605885787366589,0.7605885787366589,11.0
Lānaʻi::Kaʻā,2026-03,70.60503010424155,0.7247747798346467,0.7247747798346467,12.0
Lānaʻi::Keāliaaupuni,2026-03,70.4140127999442,0.7310198102678669,0.7310198102678669,12.0
Lānaʻi::Keāliakapu,2026-03,70.63641367510331,0.7226425297004226,0.7226425297004226,12.0
Lānaʻi::Mahana,2026-03,70.70712575604838,0.7202683971774206,0.7202683971774206,12.0
Lānaʻi::Maunalei,2026-03,70.89528055297399,0.7114827776487118,0.7114827776487118,12.0
Lānaʻi::Paomai,2026-03,70.20330078125001,0.7441266741071502,0.7441266741071502,12.0
Lānaʻi::Paʻawili,2026-03,70.05332589285715,0.7506110491071496,0.7506110491071496,12.0
Lānaʻi::Pālāwai,2026-03,70.21784446022727,0.7432262073863569,0.7432262073863569,12.0
Maui::Aki,2026-03,69.8181142578125,0.7664238281249993,0.7664238281249993,11.0
Maui::Auwahi,2026-03,64.97455630095108,0.9833647354789292,0.9833647354789292,10.0
Maui::Aʻapueo,2026-03,66.14291903409091,0.9283061079545405,0.9283061079545405,11.0
Maui::East Hanawana,2026-03,71.36110229492188,0.6877873011997764,0.6877873011997764,12.0
Maui::East Honomāʻele,2026-03,71.1023771587171,0.7015136718750057,0.7015136718750057,12.0
Maui::East Kaupakulua 1,2026-03,72.65537744140626,0.6287036132812602,0.6287036132812602,12.0
Maui::East Kaupakulua 2,2026-03,68.82420218331472,0.8034772600446445,0.8034772600446445,11.0
Maui::East Makaīwa,2026-03,69.04235674324683,0.7967881024894155,0.7967881024894155,11.0
Maui::Grant 3584,2026-03,65.14322509765626,0.9693676757812568,0.9693676757812568,10.0
Maui::Halakaʻa 1,2026-03,68.41458282470703,0.8320660400390523,0.8320660400390523,11.0
Maui::Halakaʻa 2,2026-03,73.17354431152344,0.6311611175537166,0.6311611175537166,12.0
Maui::Halehaku,2026-03,69.4735101744186,0.7767282885174467,0.7767282885174467,11.0
Maui::Hanakaʻōʻō,2026-03,71.11871303847111,0.7019484561752876,0.7019484561752876,12.0
Maui::Hanehoi,2026-03,71.41556551846591,0.6868572443181904,0.6868572443181904,12.0
Maui::Haneoʻo,2026-03,71.74368519176136,0.6759667968749881,0.6759667968749881,12.0
Maui::Haʻikū,2026-03,70.2044148651541,0.7422038206335628,0.7422038206335628,12.0
Maui::Haʻikū Uka,2026-03,60.12378035835598,1.2052511463994549,1.2052511463994549,7.0
Maui::Honokahua,2026-03,69.13260708512931,0.7931295460668082,0.7931295460668082,11.0
Maui::Honokalani,2026-03,73.24206604003906,0.6091067504882801,0.6091067504882801,13.0
Maui::Honokeana,2026-03,71.31935424804688,0.6930882045200946,0.6930882045200946,12.0
Maui::Honokōhau,2026-03,68.69049627854812,0.8123502497960828,0.8123502497960828,11.0
Maui::Honokōwai,2026-03,68.11293795328498,0.8401173874786707,0.8401173874786707,11.0
Maui::Honolua,2026-03,69.83487742456897,0.7592204337284585,0.7592204337284585,12.0
Maui::Honomanü,2026-03,68.62466728742733,0.8153149981831405,0.8153149981831405,11.0
Maui::Honopou,2026-03,69.21848205873115,0.7878224128454718,0.7878224128454718,11.0
Maui::Hāhākea,2026-03,62.485528738839285,1.0943512834821405,1.0943512834821405,8.0
Maui::Hāliʻimaile,2026-03,70.73022443683746,0.718181316254416,0.718181316254416,12.0
Maui::Hāmoa,2026-03,72.81622455303486,0.6264995868389462,0.6264995868389462,12.0
Maui::Hāmākualoa,2026-03,71.42124611420157,0.687046997709416,0.687046997709416,12.0
Maui::Hāmākuapoko,2026-03,72.27146001732102,0.6489210450346405,0.6489210450346405,12.0
Maui::Kahakuloa,2026-03,69.54852665247542,0.7728128840414286,0.7728128840414286,11.0
Maui::Kahana,2026-03,70.88362025669643,0.7128641183035711,0.7128641183035711,12.0
Maui::Kahikinui,2026-03,61.47013192806604,1.0867445459905696,1.0867445459905696,9.0
Maui::Kahua,2026-03,69.90451202392578,0.7710937499999915,0.7710937499999915,11.0
Maui::Kalialinui,2026-03,56.9509051685292,1.3051814843186733,1.3051814843186733,8.0
Maui::Kalihi,2026-03,71.49651611328125,0.6845654296874955,0.6845654296874955,12.0
Maui::Kaloʻi,2026-03,70.49917322603383,0.7311079211701212,0.7311079211701212,12.0
Maui::Kamaʻole,2026-03,67.06091638513513,0.8882907516891834,0.8882907516891834,11.0
Maui::Kamehameiki,2026-03,64.27032063802083,1.0145365397135464,1.0145365397135464,8.0
Maui::Kamehamenui,2026-03,56.883423639112905,1.2242408014112982,1.2242408014112982,8.0
Maui::Kanahena,2026-03,72.39074155745968,0.646808845766131,0.646808845766131,12.0
Maui::Kanaio,2026-03,67.67796988042605,0.8596437901929335,0.8596437901929335,11.0
Maui::Kapunakea,2026-03,68.16548156738281,0.8463832855224638,0.8463832855224638,11.0
Maui::Kauaʻula,2026-03,63.424137015964675,1.057634701936145,1.057634701936145,8.0
Maui::Kawaipapa,2026-03,66.09783908782174,0.9323779343422274,0.9323779343422274,11.0
Maui::Kawela,2026-03,71.69490369073276,0.67525761045259,0.67525761045259,12.0
Maui::Kaʻonoʻulu,2026-03,65.3535722512285,0.9463077779484053,0.9463077779484053,10.0
Maui::Kaʻāpahu,2026-03,65.66720000000001,0.9532792968750101,0.9532792968750101,11.0
Maui::Keaaula,2026-03,72.109033203125,0.6580139160156193,0.6580139160156193,12.0
Maui::Kealiʻiiki,2026-03,72.46885375976562,0.6365453546697495,0.6365453546697495,12.0
Maui::Keauhou,2026-03,64.72868212090164,0.9967085040983648,0.9967085040983648,8.0
Maui::Keʻanae,2026-03,64.82258429276317,0.9891175693139189,0.9891175693139189,9.0
Maui::Koʻokā,2026-03,,,,
Maui::Koʻolau,2026-03,65.21804542286245,0.9705451324349355,0.9705451324349355,10.0
Maui::Kualapa,2026-03,72.3507635887633,0.6450423869680861,0.6450423869680861,12.0
Maui::Kuholilea,2026-03,69.39980187049278,0.7807138296273877,0.7807138296273877,11.0
Maui::Kuhua,2026-03,68.9216796875,0.8067773437499994,0.8067773437499994,11.0
Maui::Kuiaha,2026-03,72.99427490234375,0.614959716796875,0.614959716796875,12.0
Maui::Kukuiʻula,2026-03,69.49090492562073,0.7785815095248267,0.7785815095248267,11.0
Maui::Kukuiʻulaiki,2026-03,71.45170992337741,0.6837594839242769,0.6837594839242769,12.0
Maui::Kuʻia,2026-03,69.56533809267242,0.7732132273706895,0.7732132273706895,11.0
Maui::Kākiʻo,2026-03,69.17290521978022,0.7883451021634613,0.7883451021634613,11.0
Maui::Kēōkea,2026-03,67.47346331105246,0.869398735524527,0.869398735524527,11.0
Maui::Kīkoʻo,2026-03,71.50357142857143,0.6836752755301347,0.6836752755301347,12.0
Maui::Kōheo 1-2,2026-03,66.5011537701896,0.9117541366748583,0.9117541366748583,11.0
Maui::Launiupoko,2026-03,69.81605073735955,0.7611525632022449,0.7611525632022449,11.0
Maui::Mailepai,2026-03,70.73990652901786,0.7176967075892833,0.7176967075892833,12.0
Maui::Makawao,2026-03,65.31315030184659,0.9682983398437557,0.9682983398437557,10.0
Maui::Makaʻehu,2026-03,69.51706408167178,0.7743541506901863,0.7743541506901863,11.0
Maui::Moaliʻi,2026-03,73.48287436745383,0.6024303089488683,0.6024303089488683,14.0
Maui::Mohopilo,2026-03,72.16513935020583,0.6537720457522482,0.6537720457522482,12.0
Maui::Mokae,2026-03,71.68140869140625,0.6747299194335881,0.6747299194335881,12.0
Maui::Mokupapa,2026-03,72.20789043719952,0.6502004770132288,0.6502004770132288,12.0
Maui::Moʻomoku,2026-03,69.60563450863486,0.7693234092310774,0.7693234092310774,11.0
Maui::Māhinahina 4,2026-03,72.56309814453125,0.6384814453125074,0.6384814453125074,12.0
Maui::Mākila,2026-03,69.06489929199219,0.8109228515625091,0.8109228515625091,11.0
Maui::Mūʻolea,2026-03,69.08884022271455,0.7960004664179081,0.7960004664179081,11.0
Maui::Naholoku,2026-03,65.98631974151682,0.9367203360643828,0.9367203360643828,11.0
Maui::Nakula,2026-03,62.09976374699519,1.0873659104567324,1.0873659104567324,8.0
Maui::Nuʻu,2026-03,59.41863670484875,1.221179242660142,1.221179242660142,7.0
Maui::Nāpili 1,2026-03,68.8912899017334,0.8095653533935518,0.8095653533935518,11.0
Maui::Nāpili 2-3,2026-03,72.23519768965872,0.6517321134868439,0.6517321134868439,12.0
Maui::Nāpili 4-5,2026-03,71.85838470458984,0.6678108215331946,0.6678108215331946,12.0
Maui::Olowalu,2026-03,68.79801912006579,0.8096692537006618,0.8096692537006618,11.0
Maui::Paeahu,2026-03,68.79497420009946,0.8077894458720039,0.8077894458720039,11.0
Maui::Palauea,2026-03,68.12478077168367,0.838787468112244,0.838787468112244,11.0
Maui::Panaʻewa,2026-03,65.42637073863636,0.9625981001420456,0.9625981001420456,10.0
Maui::Papaka Kai,2026-03,72.08800528879917,0.6587402343750028,0.6587402343750028,12.0
Maui::Papaka Uka,2026-03,68.4674201965332,0.8232604980468636,0.8232604980468636,11.0
Maui::Papaʻanui 1,2026-03,49.30220703125,1.4258850740131592,1.4258850740131592,8.0
Maui::Papaʻanui 2,2026-03,67.49019850127551,0.8684823706268219,0.8684823706268219,11.0
Maui::Papaʻanui 3,2026-03,,,,
Maui::Paunau,2026-03,67.47948512027139,0.8704525596217252,0.8704525596217252,11.0
Maui::Paʻakea,2026-03,71.14128646850585,0.7049446105957031,0.7049446105957031,12.0
Maui::Paʻuwela,2026-03,72.790478515625,0.6219211887668905,0.6219211887668905,12.0
Maui::Peahi,2026-03,70.38570490656673,0.7342667863175762,0.7342667863175762,12.0
Maui::Polaiki,2026-03,69.58786865234376,0.7644140625000091,0.7644140625000091,11.0
Maui::Polanui,2026-03,72.7514643742488,0.6275137094350924,0.6275137094350924,12.0
Maui::Puaʻaluʻu,2026-03,70.85871276855468,0.7160003662109347,0.7160003662109347,12.0
Maui::Puʻuhaoa,2026-03,68.19433935546874,0.8348686523437436,0.8348686523437436,11.0
Maui::Puʻuki,2026-03,69.0616484375,0.7985522460937489,0.7985522460937489,11.0
Maui::Puʻuomāile,2026-03,71.01622877854567,0.7004375751201906,0.7004375751201906,12.0
Maui::Pāhoa 1,2026-03,70.81322441101074,0.7134178161621065,0.7134178161621065,12.0
Maui::Pāhoa 2,2026-03,73.10822143554688,0.6113021850586051,0.6113021850586051,12.0
Maui::Pāpaʻaʻea,2026-03,70.91634114583333,0.7070068359374915,0.7070068359374915,12.0
Maui::Pūehuehuiki,2026-03,70.22677764892578,0.7483577728271484,0.7483577728271484,12.0
Maui::Pūehuehunui 1,2026-03,64.82129313151042,0.9883687337239593,0.9883687337239593,9.0
Maui::Pūehuehunui 2,2026-03,72.95919647216797,0.6177612304687585,0.6177612304687585,12.0
Maui::Pūlehuiki,2026-03,63.27545828683036,1.0609622628348205,1.0609622628348205,8.0
Maui::Pūlehunui,2026-03,69.80735004722922,0.7573205289672558,0.7573205289672558,12.0
Maui::Pūʻou,2026-03,69.84282264709472,0.7579639434814425,0.7579639434814425,12.0
Maui::Ukumehame,2026-03,69.30146959181997,0.7845526034822541,0.7845526034822541,11.0
Maui::Ulumalu,2026-03,70.89216778094952,0.7129197340745179,0.7129197340745179,12.0
Maui::Wahikuli,2026-03,70.33232421875,0.737947871767247,0.737947871767247,12.0
Maui::Waiakoa,2026-03,63.779638671875,0.98171793619791,0.98171793619791,9.0
Maui::Waiehu,2026-03,69.60280335771276,0.7710064827127496,0.7710064827127496,11.0
Maui::Waiheʻe,2026-03,68.30408211767147,0.829761390348466,0.829761390348466,11.0
Maui::Waikapū,2026-03,70.59307236310073,0.7268148538585848,0.7268148538585848,12.0
Maui::Wailua,2026-03,65.53292917104868,0.9586078350360623,0.9586078350360623,10.0
Maui::Wailuaiki,2026-03,68.74403501998546,0.8121655841206348,0.8121655841206348,11.0
Maui::Wailuanui,2026-03,69.60636767274845,0.7704404842779553,0.7704404842779553,11.0
Maui::Wailuku,2026-03,71.63619618410952,0.6781485894319417,0.6781485894319417,12.0
Maui::Waineʻe,2026-03,71.52916015625,0.683613281250004,0.683613281250004,12.0
Maui::Waiohonu,2026-03,71.60247885694781,0.6776324522147945,0.6776324522147945,12.0
Maui::Waiohuli,2026-03,64.44580169392523,0.9965646904205627,0.9965646904205627,8.0
Maui::Waipiʻoiki,2026-03,71.03609116498163,0.709458295036768,0.709458295036768,12.0
Maui::Waipiʻonui,2026-03,71.981884765625,0.6608783428485623,0.6608783428485623,12.0
Maui::West Hanawana,2026-03,71.36657897949219,0.6851129150390705,0.6851129150390705,12.0
Maui::West Honomāʻele,2026-03,70.56031040736607,0.7309831891741112,0.7309831891741112,12.0
Maui::West Kaupakulua 1,2026-03,72.54954833984375,0.6305456542968813,0.6305456542968813,12.0
Maui::West Kaupakulua 2,2026-03,68.76631208147322,0.8087637765066944,0.8087637765066944,11.0
Maui::West Makaīwa,2026-03,68.10313862645349,0.8387095748546471,0.8387095748546471,11.0
Maui::Wākiu,2026-03,72.29813121448863,0.6475769835633116,0.6475769835633116,12.0
Maui::ʻAlae 1-2,2026-03,65.21011003101145,0.9717415613072546,0.9717415613072546,10.0
Maui::ʻAlae 3-4,2026-03,63.91942710876465,1.0358562469482422,1.0358562469482422,8.0
Maui::ʻAlaeiki,2026-03,70.15909156799316,0.7418758392333871,0.7418758392333871,12.0
Maui::ʻAlaeloa,2026-03,71.30652724443856,0.6923546742584676,0.6923546742584676,12.0
Maui::ʻAlaenui,2026-03,60.79791790140086,1.172948882004306,1.172948882004306,7.0
Maui::ʻUlaʻino,2026-03,71.45785888671875,0.6849931640625044,0.6849931640625044,12.0
Maui::ʻŌmaʻopio,2026-03,67.27982302295919,0.8773278061224516,0.8773278061224516,11.0
Maui::ʻŌpana,2026-03,69.1393611574636,0.7914977434769526,0.7914977434769526,11.0
Molokaʻi::East ʻŌhiʻa,2026-03,66.26990051269532,0.9251248873197113,0.9251248873197113,11.0
Molokaʻi::Honomuni,2026-03,68.97849527994791,0.7984008789062358,0.7984008789062358,11.0
Molokaʻi::Honoulimaloʻo,2026-03,71.17426942069575,0.6994684183372613,0.6994684183372613,12.0
Molokaʻi::Honouliwai,2026-03,70.10884052998311,0.7438575538429149,0.7438575538429149,12.0
Molokaʻi::Hoʻolehua 1,2026-03,71.86698999297752,0.6660397647471825,0.6660397647471825,12.0
Molokaʻi::Hoʻolehua 2,2026-03,73.52851440429687,0.6190649414062506,0.6190649414062506,12.0
Molokaʻi::Hālawa,2026-03,67.9422881155303,0.8482392282196969,0.8482392282196969,11.0
Molokaʻi::Kahananui,2026-03,68.12936840820312,0.8352751464843635,0.8352751464843635,11.0
Molokaʻi::Kahanui 1,2026-03,64.21412231445312,1.0199377441406199,1.0199377441406199,8.0
Molokaʻi::Kahanui 2,2026-03,69.81923076923077,0.7609374999999972,0.7609374999999972,12.0
Molokaʻi::Kahanui 3,2026-03,73.5066650390625,0.6140991210937443,0.6140991210937443,13.0
Molokaʻi::Kaiamiki,2026-03,71.304833984375,0.699087524414054,0.699087524414054,12.0
Molokaʻi::Kainalu,2026-03,69.00869497903963,0.7989284608422196,0.7989284608422196,11.0
Molokaʻi::Kalamaʻula,2026-03,70.44577367665816,0.7346615911989858,0.7346615911989858,12.0
Molokaʻi::Kalaupapa,2026-03,72.1970884173104,0.653577894575136,0.653577894575136,12.0
Molokaʻi::Kalawao,2026-03,70.9295270134421,0.7104050580193046,0.7104050580193046,12.0
Molokaʻi::Kaluako‘i,2026-03,72.01482987383704,0.6607789152805168,0.6607789152805168,12.0
Molokaʻi::Kalua‘aha,2026-03,69.2236484375,0.7897785644531297,0.7897785644531297,11.0
Molokaʻi::Kamalō,2026-03,67.33178385416666,0.8769791666666578,0.8769791666666578,11.0
Molokaʻi::Kamanoni,2026-03,72.00548706054687,0.6557098388671818,0.6557098388671818,12.0
Molokaʻi::Kamiloloa,2026-03,69.29812518425707,0.7856399248231156,0.7856399248231156,11.0
Molokaʻi::Kamiloloa (Government),2026-03,68.68832282642327,0.8140129467048354,0.8140129467048354,11.0
Molokaʻi::Kapa‘akea,2026-03,70.11083318536932,0.7495443765219107,0.7495443765219107,12.0
Molokaʻi::Kapuaoko‘olau,2026-03,71.45745777803309,0.6874856387867538,0.6874856387867538,12.0
Molokaʻi::Kapulei,2026-03,67.18815183839598,0.8841735413024594,0.8841735413024594,11.0
Molokaʻi::Kaunakakai,2026-03,69.73286415289256,0.767331159607437,0.767331159607437,11.0
Molokaʻi::Kawela,2026-03,67.01661786745116,0.8908924705817043,0.8908924705817043,11.0
Molokaʻi::Kaʻamola,2026-03,71.2572900390625,0.696127929687492,0.696127929687492,12.0
Molokaʻi::Ka‘ili‘ula,2026-03,71.60115905761718,0.6722286987304642,0.6722286987304642,12.0
Molokaʻi::Keawanui,2026-03,68.273486328125,0.83294677734375,0.83294677734375,11.0
Molokaʻi::Keonekūʻino,2026-03,73.15115182059152,0.609262520926336,0.609262520926336,12.0
Molokaʻi::Keōpukaloa,2026-03,70.1913723618237,0.7433087249300314,0.7433087249300314,12.0
Molokaʻi::Keōpukaʻuʻuku,2026-03,71.84537077872984,0.6689043598790363,0.6689043598790363,12.0
Molokaʻi::Kumimi,2026-03,72.77806701660157,0.6263702392578239,0.6263702392578239,12.0
Molokaʻi::Kīloa,2026-03,70.42419372558594,0.7314175415039017,0.7314175415039017,12.0
Molokaʻi::Kīpū,2026-03,70.19220504760742,0.7442481994628878,0.7442481994628878,12.0
Molokaʻi::Kūpeke,2026-03,70.92306365966797,0.7166244506835966,0.7166244506835966,12.0
Molokaʻi::Lūpehu,2026-03,70.88348423549107,0.7077078683035722,0.7077078683035722,12.0
Molokaʻi::Makakupa‘ia 1,2026-03,67.91447466681986,0.8496464269301498,0.8496464269301498,11.0
Molokaʻi::Makakupa‘ia 2,2026-03,67.63347516741072,0.8604827008928595,0.8604827008928595,11.0
Molokaʻi::Makanalua,2026-03,71.61903120723085,0.6765364820939794,0.6765364820939794,12.0
Molokaʻi::Manawai,2026-03,66.93861407111673,0.8963034237132348,0.8963034237132348,11.0
Molokaʻi::Mapulehu,2026-03,69.38236103995902,0.7821076940317653,0.7821076940317653,11.0
Molokaʻi::Moakea,2026-03,71.08451538085937,0.7020965576171818,0.7020965576171818,12.0
Molokaʻi::Moanui,2026-03,69.50904381793478,0.77728271484375,0.77728271484375,11.0
Molokaʻi::Mākolelau,2026-03,69.56308501621461,0.7731846071638984,0.7731846071638984,11.0
Molokaʻi::Nihoa,2026-03,70.90903205871582,0.7136375427246122,0.7136375427246122,12.0
Molokaʻi::Nāʻiwa 1,2026-03,70.88580627441407,0.7074783325195284,0.7074783325195284,12.0
Molokaʻi::Nāʻiwa 2,2026-03,69.01177558898925,0.7891960144042969,0.7891960144042969,11.0
Molokaʻi::Nāʻiwa 3,2026-03,71.85806322674419,0.668230377906994,0.668230377906994,12.0
Molokaʻi::Pelekunu,2026-03,67.89640768788344,0.8494736747507687,0.8494736747507687,11.0
Molokaʻi::Puaʻahala,2026-03,69.73242808948864,0.765591264204545,0.765591264204545,11.0
Molokaʻi::Puna‘ula,2026-03,69.4881112234933,0.7735185895647305,0.7735185895647305,11.0
Molokaʻi::Pālāʻau 1,2026-03,72.22065235411141,0.6496819048408469,0.6496819048408469,12.0
Molokaʻi::Pālāʻau 2,2026-03,68.75361585115132,0.8120862458881675,0.8120862458881675,11.0
Molokaʻi::Pālāʻau 3,2026-03,73.52976641987645,0.6172349087027555,0.6172349087027555,12.0
Molokaʻi::Pōhakupili,2026-03,71.35190374200994,0.6896442760120607,0.6896442760120607,12.0
Molokaʻi::Pūkoʻo 1,2026-03,70.90376892089844,0.7141593933105526,0.7141593933105526,12.0
Molokaʻi::Pūkoʻo 2,2026-03,72.55640694754464,0.6378505161830361,0.6378505161830361,12.0
Molokaʻi::Pūniuʻōhua 1,2026-03,71.66290588378907,0.6707611083984375,0.6707611083984375,12.0
Molokaʻi::Pūniuʻōhua 2,2026-03,71.20681893484934,0.6978790283203153,0.6978790283203153,12.0
Molokaʻi::Pūʻelelū,2026-03,71.08451538085937,0.6967285156249972,0.6967285156249972,12.0
Molokaʻi::Waialua,2026-03,70.2150458984375,0.7404829101562456,0.7404829101562456,12.0
Molokaʻi::Waikolu,2026-03,66.17301331910792,0.9290813429240075,0.9290813429240075,11.0
Molokaʻi::Wailau,2026-03,67.42188667069419,0.8706454580404142,0.8706454580404142,11.0
Molokaʻi::Wawaeolepe,2026-03,69.3048661665483,0.7833576549183192,0.7833576549183192,11.0
Molokaʻi::West ʻŌhiʻa,2026-03,67.84166165865385,0.8565701998197142,0.8565701998197142,11.0
Molokaʻi::‘Aha‘ino 1,2026-03,69.27093075022978,0.7813314998851126,0.7813314998851126,11.0
Molokaʻi::‘Aha‘ino 2,2026-03,69.51204427083334,0.7708780924479299,0.7708780924479299,11.0
Molokaʻi::‘Ualapu‘e,2026-03,69.8275185546875,0.7611240234375032,0.7611240234375032,11.0
Molokaʻi::‘Ïloli 1,2026-03,67.46580505371094,0.8729888916015653,0.8729888916015653,11.0
Molokaʻi::‘Ïloli 2,2026-03,73.53238525390626,0.61733825683595,0.61733825683595,12.0
Molokini::N/A,2026-03,,,,
Niʻihau::Waimea 1,2026-03,,,,
Niʻihau::Waimea 2,2026-03,,,,
Oʻahu::Aukuʻu,2026-03,70.78366588245738,0.9163563121448846,0.9163563121448846,12.0
Oʻahu::Hakipuʻu,2026-03,72.5950987280869,0.974211306688261,0.974211306688261,10.0
Oʻahu::Haleʻaha,2026-03,73.86935424804688,1.0038391113281193,1.0038391113281193,10.0
Oʻahu::Hanakaʻoe,2026-03,72.12737718665082,0.9579289975373655,0.9579289975373655,10.0
Oʻahu::Hauʻula,2026-03,70.45876819957385,0.912508433948858,0.912508433948858,12.0
Oʻahu::Heʻeia 1,2026-03,74.06515808105469,1.0072906494140597,1.0072906494140597,10.0
Oʻahu::Heʻeia 2,2026-03,72.285366941437,0.9653262641486151,0.9653262641486151,10.0
Oʻahu::Honolulu,2026-03,71.25362548828124,0.9342834472656136,0.9342834472656136,11.0
Oʻahu::Honouliuli,2026-03,71.9081421736997,0.9520915112855732,0.9520915112855732,10.0
Oʻahu::Honouliuli-1,2026-03,,,,
Oʻahu::Honouliuli-2,2026-03,,,,
Oʻahu::Hālawa 1,2026-03,71.5830741995074,0.9431457820197124,0.9431457820197124,10.0
Oʻahu::Hālawa 2,2026-03,74.11999816894532,1.0196777343750085,1.0196777343750085,9.0
Oʻahu::Hōʻaeʻae,2026-03,72.15846915409483,0.9606521080280288,0.9606521080280288,10.0
Oʻahu::Kahaluʻu,2026-03,72.33061812361316,0.9652704904770673,0.9652704904770673,10.0
Oʻahu::Kahana,2026-03,71.37092678931452,0.9387333039314569,0.9387333039314569,11.0
Oʻahu::Kahanahāiki,2026-03,70.63493347167969,0.9169581821986696,0.9169581821986696,12.0
Oʻahu::Kahauiki,2026-03,71.77244518649194,0.9486777028729847,0.9486777028729847,10.0
Oʻahu::Kahuku,2026-03,72.98959765625,0.9822246093749953,0.9822246093749953,10.0
Oʻahu::Kailua,2026-03,72.76166230988593,0.9758020437262331,0.9758020437262331,10.0
Oʻahu::Kaipapaʻu,2026-03,68.94122869318181,0.8684352805397566,0.8684352805397566,12.0
Oʻahu::Kalauao,2026-03,70.70810949581185,0.9177344253382671,0.9177344253382671,12.0
Oʻahu::Kalihi,2026-03,70.96213139204545,0.9259325284090778,0.9259325284090778,12.0
Oʻahu::Kaluanui,2026-03,69.17294921875,0.8735727163461604,0.8735727163461604,12.0
Oʻahu::Kamananui,2026-03,70.02132944142903,0.8980291538399285,0.8980291538399285,13.0
Oʻahu::Kapaeloa,2026-03,71.76287877699909,0.9489893296185699,0.9489893296185699,10.0
Oʻahu::Kapaka,2026-03,73.59838562011718,0.9980316162109375,0.9980316162109375,10.0
Oʻahu::Kapano,2026-03,72.56193542480469,0.9721893310546932,0.9721893310546932,10.0
Oʻahu::Kapālama,2026-03,72.38392944335938,0.9667694091796903,0.9667694091796903,10.0
Oʻahu::Kaunala,2026-03,71.29571611120346,0.9364722718583778,0.9364722718583778,11.0
Oʻahu::Kawaihāpai,2026-03,71.08275658392137,0.9280257686491922,0.9280257686491922,11.0
Oʻahu::Kawailoa,2026-03,68.90904932114685,0.8670324825546203,0.8670324825546203,12.0
Oʻahu::Kawela,2026-03,72.51217974494485,0.9671673943014554,0.9671673943014554,10.0
Oʻahu::Kaʻalaea,2026-03,72.116259765625,0.9587744140625034,0.9587744140625034,10.0
Oʻahu::Kaʻaʻawa,2026-03,71.76546719784768,0.9498357305463543,0.9498357305463543,10.0
Oʻahu::Kaʻena,2026-03,70.4263199344758,0.9082584785426207,0.9082584785426207,12.0
Oʻahu::Keana,2026-03,72.35610303217821,0.9692682549504781,0.9692682549504781,10.0
Oʻahu::Keawaʻula,2026-03,71.48689575195313,0.9399948120117188,0.9399948120117188,11.0
Oʻahu::Keaʻau,2026-03,69.85434112548828,0.8952621459960852,0.8952621459960852,13.0
Oʻahu::Keālia,2026-03,70.77043497054304,0.9188316470286821,0.9188316470286821,12.0
Oʻahu::Kikahi,2026-03,70.72877106168377,0.922015289762129,0.922015289762129,12.0
Oʻahu::Kualoa 1,2026-03,73.13314208984374,0.9863525390624943,0.9863525390624943,10.0
Oʻahu::Kualoa 2,2026-03,72.830322265625,0.9788696289062528,0.9788696289062528,10.0
Oʻahu::Kuikuiloloa,2026-03,70.8984100482431,0.9246863299251231,0.9246863299251231,12.0
Oʻahu::Kuliʻouʻou,2026-03,71.7141142578125,0.9505810546874898,0.9505810546874898,10.0
Oʻahu::Kāneʻohe 1,2026-03,72.87775359731987,0.9811188763181065,0.9811188763181065,10.0
Oʻahu::Kāneʻohe 2,2026-03,,,,
Oʻahu::Lauhulu,2026-03,71.00830573156682,0.927274445564521,0.927274445564521,12.0
Oʻahu::Lāʻiemaloʻo,2026-03,70.6114501953125,0.916259765625,0.916259765625,12.0
Oʻahu::Lāʻiewai,2026-03,71.92270447030602,0.9551231036047767,0.9551231036047767,10.0
Oʻahu::Makaua 1,2026-03,72.92241744995117,0.9790637969970675,0.9790637969970675,10.0
Oʻahu::Makaua 2,2026-03,73.32741813659668,0.98680229187012,0.98680229187012,10.0
Oʻahu::Malaekahana,2026-03,71.51368986430921,0.9420949835526358,0.9420949835526358,11.0
Oʻahu::Maunalua,2026-03,72.89011383928572,0.9822924107142939,0.9822924107142939,10.0
Oʻahu::Moanalua,2026-03,72.22151772793053,0.9617549294500662,0.9617549294500662,10.0
Oʻahu::Mokulēʻia 1,2026-03,70.82025400539341,0.9208528315355409,0.9208528315355409,12.0
Oʻahu::Mokulēʻia 2,2026-03,70.46106851708075,0.9091875727872747,0.9091875727872747,12.0
Oʻahu::Mākaha,2026-03,69.45332405053827,0.8815808163875545,0.8815808163875545,13.0
Oʻahu::Mākao,2026-03,72.89410705566407,0.981360626220706,0.981360626220706,10.0
Oʻahu::Mākua,2026-03,69.77387123919549,0.8897686897440309,0.8897686897440309,13.0
Oʻahu::Mānana,2026-03,71.63050228256778,0.9441862175263651,0.9441862175263651,10.0
Oʻahu::N/A 1,2026-03,74.10141992187499,1.0241103515624985,1.0241103515624985,9.0
Oʻahu::N/A 2,2026-03,,,,
Oʻahu::N/A 3,2026-03,,,,
Oʻahu::N/A 4,2026-03,,,,
Oʻahu::Nānākuli,2026-03,70.30944143826844,0.9061451396003974,0.9061451396003974,12.0
Oʻahu::Pahipahiʻālua,2026-03,71.9857142857143,0.9556065150669752,0.9556065150669752,10.0
Oʻahu::Papaʻakoko,2026-03,73.63031921386718,0.9983505249023352,0.9983505249023352,10.0
Oʻahu::Paumalū,2026-03,71.72719366086409,0.9487881449244924,0.9487881449244924,10.0
Oʻahu::Paʻalaʻa,2026-03,69.67741015625,0.8882130681818268,0.8882130681818268,13.0
Oʻahu::Puheʻemiki,2026-03,74.11999588012695,1.0065433502197294,1.0065433502197294,10.0
Oʻahu::Punalau,2026-03,74.11177215576171,1.0110626220703125,1.0110626220703125,10.0
Oʻahu::Punaluʻu,2026-03,70.29877424568966,0.9053407866379359,0.9053407866379359,12.0
Oʻahu::Punanue,2026-03,71.37663959703947,0.9377801192434134,0.9377801192434134,11.0
Oʻahu::Pūpūkea,2026-03,72.2970539249786,0.9650932416523972,0.9650932416523972,10.0
Oʻahu::Ulupehupehu,2026-03,73.85744204313858,1.0058604364809725,1.0058604364809725,10.0
Oʻahu::Waialeʻe,2026-03,72.5364027756911,0.9705153245192264,0.9705153245192264,10.0
Oʻahu::Waiau,2026-03,70.60207474597392,0.9140678920628744,0.9140678920628744,12.0
Oʻahu::Waiawa,2026-03,70.67791248668324,0.9181399258700367,0.9181399258700367,12.0
Oʻahu::Waiheʻe,2026-03,71.36605500252016,0.9364438949092602,0.9364438949092602,11.0
Oʻahu::Waikane,2026-03,71.58864699442675,0.9450257513933167,0.9450257513933167,10.0
Oʻahu::Waikele,2026-03,72.00172426470589,0.9561424632352953,0.9561424632352953,10.0
Oʻahu::Waikīkī,2026-03,71.58559293644717,0.9436411274885188,0.9436411274885188,10.0
Oʻahu::Waimalu,2026-03,70.51647600446428,0.9128723144531108,0.9128723144531108,12.0
Oʻahu::Waimano,2026-03,70.30323543370326,0.9069696444217215,0.9069696444217215,12.0
Oʻahu::Waimea,2026-03,69.84743430397728,0.8932040127840963,0.8932040127840963,13.0
Oʻahu::Waimānalo,2026-03,72.8797088499494,0.9822400050607314,0.9822400050607314,10.0
Oʻahu::Waipiʻo-1,2026-03,70.5971557915648,0.9149335268948704,0.9149335268948704,12.0
Oʻahu::Waipiʻo-2,2026-03,,,,
Oʻahu::Waiāhole,2026-03,71.06920914188508,0.9290133568548384,0.9290133568548384,11.0
Oʻahu::Waiʻanae,2026-03,70.38933796965318,0.9083209898844018,0.9083209898844018,12.0
Oʻahu::Waiʻono,2026-03,72.51469421386719,0.9692550659179631,0.9692550659179631,10.0
Oʻahu::ʻAiea,2026-03,71.70328247070313,0.9485046386718778,0.9485046386718778,10.0
Oʻahu::ʻŌhikilolo,2026-03,71.6254629281851,0.9456862229567378,0.9456862229567378,10.0
Oʻahu::ʻŌiʻo 1,2026-03,71.48358454469775,0.9391797675461078,0.9391797675461078,11.0
Oʻahu::ʻŌiʻo 2,2026-03,72.06288916015625,0.9594580078125006,0.9594580078125006,10.0
Oʻahu::ʻŌpana 1,2026-03,72.90064666748047,0.9924389648437568,0.9924389648437568,10.0
Oʻahu::ʻŌpana 2,2026-03,73.08547973632812,1.0029327392578153,1.0029327392578153,10.0
