division_full,date,mean,anomaly,pchange,rank,pct_drought
"Hawaiʻi::Ahalanui, Laepaoʻo",2025-08,3.1589758752434176,-4.595309887234357,-59.261549393376875,2.0,100.0
"Hawaiʻi::Alaeakila, Kaapahu",2025-08,2.449804833755021,-5.295232600439085,-68.36936096733108,3.0,100.0
Hawaiʻi::Alakahi,2025-08,5.606875195354066,-12.21252038748271,-68.53498667062267,1.0,100.0
Hawaiʻi::Aleamai,2025-08,4.815272053395669,-10.124845441683071,-67.76951683959773,1.0,100.0
"Hawaiʻi::Anapuka, Hoʻopūloa",2025-08,1.5216955231863052,-0.4949077072184318,-24.54165002597475,13.0,11.890243902439025
"Hawaiʻi::Apuakohau, Kukuiwaluhia",2025-08,2.4272424388791682,-2.4247941500801984,-49.97477050353927,6.0,100.0
"Hawaiʻi::Au 1-2, Āhualoa",2025-08,1.6420258563870922,-4.494814826613471,-73.24314022139099,3.0,100.0
Hawaiʻi::Awakeʻe,2025-08,0.6861104355004798,-0.1413455161222954,-17.081938421627633,19.0,0.0
Hawaiʻi::Awalua,2025-08,0.9472077136903299,-0.7408530167707308,-43.8878177426935,9.0,100.0
Hawaiʻi::Haina,2025-08,1.7115222840797246,-4.948359451894684,-74.3010108597775,3.0,100.0
Hawaiʻi::Hakalau,2025-08,6.096012972763651,-10.33918775009681,-62.908801203234276,3.0,100.0
Hawaiʻi::Halaʻula,2025-08,2.4047724967591706,-2.3316540909472825,-49.22812689632233,6.0,100.0
Hawaiʻi::Halelua,2025-08,2.437473377028859,-2.4731840667248552,-50.363603958380565,6.0,100.0
"Hawaiʻi::Halelua, Wailoa, Kumu",2025-08,1.6109341356656768,-1.291360438571675,-44.49446482912615,17.0,0.0
Hawaiʻi::Haleohiu,2025-08,1.6027002131295611,0.6049999971867798,60.63945737598967,29.0,0.0
"Hawaiʻi::Halepuaʻa, Kanekiki",2025-08,3.230979750134216,-4.39959511453114,-57.657452977811616,3.0,100.0
Hawaiʻi::Hamanamana,2025-08,1.9040357034037434,0.4908994239146316,34.738293187979394,26.0,0.0
"Hawaiʻi::Hanapai, Niupuka",2025-08,2.4169216091640893,-4.528152517312289,-65.19948433739285,4.0,100.0
Hawaiʻi::Hauola,2025-08,2.7396023877395637,-4.96926679031719,-64.46168271297398,5.0,100.0
Hawaiʻi::Haʻikū,2025-08,5.989112811093927,-8.92460860605315,-59.841593901519886,4.0,100.0
Hawaiʻi::Hionamoa,2025-08,1.6008079318305488,-0.9861494855182928,-38.1200509488446,20.0,0.0
"Hawaiʻi::Honalo, Māʻihi 1-2",2025-08,2.288483682625355,-1.3401001100967314,-36.93176695504713,8.0,89.06967042136003
Hawaiʻi::Honohina,2025-08,5.418806495646818,-10.263661958349289,-65.44672471975524,3.0,100.0
Hawaiʻi::Honoipu,2025-08,1.267431822743991,-1.060249970456253,-45.54960963966446,9.0,100.0
Hawaiʻi::Honokaia,2025-08,1.7574982247257103,-4.805429891628834,-73.22082165815442,3.0,100.0
Hawaiʻi::Honokua,2025-08,1.6323601858777308,-1.3739828069263393,-45.70279606202887,7.0,100.0
Hawaiʻi::Honokāne,2025-08,4.531441403488457,-6.052222108797934,-57.18456658955582,1.0,100.0
Hawaiʻi::Honokōhau 1-3,2025-08,2.7272243997612997,-0.37781598024133567,-12.167828240643203,19.0,0.0
Hawaiʻi::Honolulu,2025-08,3.840700084455996,-5.157100246960097,-57.31512210772143,3.0,100.0
Hawaiʻi::Honomainoa,2025-08,4.717506091157551,-8.261676869859041,-63.653289229940455,4.0,100.0
Hawaiʻi::Honomakaʻu,2025-08,1.991990217073696,-1.716171384796383,-46.28092216722413,6.0,100.0
"Hawaiʻi::Honomū, Kuhua",2025-08,5.620749327022064,-12.403313764224702,-68.81530374939858,1.0,100.0
Hawaiʻi::Honopue,2025-08,6.314512809922197,-6.969409280382921,-52.46499665538795,3.0,100.0
Hawaiʻi::Honopueo,2025-08,2.2313460484520404,-1.997780539772727,-47.23860821133099,6.0,100.0
Hawaiʻi::Honuaʻula,2025-08,2.7180430783448264,-0.8267866185544746,-23.32373313385614,17.0,0.0
Hawaiʻi::Honuʻapo,2025-08,1.9036000169168308,-2.28817917230561,-54.587302169656006,15.0,0.26109660574412535
Hawaiʻi::Hoʻokena,2025-08,1.960675778915244,-1.567335609822055,-44.42546911343775,6.0,100.0
Hawaiʻi::Hulunanai,2025-08,2.3037128598671264,-2.3439204498851702,-50.432559835709014,7.0,100.0
Hawaiʻi::Humuʻula,2025-08,1.7415951980165392,-3.1438110641836223,-64.35106714682506,5.0,85.28613094639445
"Hawaiʻi::Hālawa, Napapaʻa",2025-08,2.4555791891698635,-2.638625672467024,-51.796614862072346,5.0,100.0
Hawaiʻi::Hāwī,2025-08,1.8770473209891734,-1.5908041395417876,-45.872903082712206,7.0,100.0
Hawaiʻi::Hāʻena,2025-08,1.0665872957896865,-0.823151081029422,-43.55899690278749,9.0,100.0
Hawaiʻi::Hīleaiki,2025-08,2.5276088786606086,-1.8190767602773437,-41.849742801317646,20.0,0.0
Hawaiʻi::Hīleanui,2025-08,5.496681078927634,-2.690602046674969,-32.86318556959558,20.0,0.0
Hawaiʻi::Hōlualoa 1-2,2025-08,3.407842810058226,-0.411556852807192,-10.775433029661809,18.0,8.429351121892056
Hawaiʻi::Hōlualoa 3,2025-08,4.638104358791938,0.39490686382018136,9.30682260932118,21.0,0.0
Hawaiʻi::Hōlualoa 4,2025-08,4.327427217004345,0.1028016651036241,2.43339116900839,20.0,0.0
Hawaiʻi::Hōnaunau,2025-08,2.533992874893815,-1.4764535711806128,-36.815192299246874,8.0,100.0
"Hawaiʻi::Hōʻea, Manowaikohau",2025-08,2.6382761888381223,-6.245702641515023,-70.30298879344303,1.0,100.0
Hawaiʻi::Iliʻililoa,2025-08,3.400291783290273,-5.01006118894562,-59.57016555053926,3.0,100.0
Hawaiʻi::Kahaliʻi,2025-08,3.7628466188125413,-10.14888372946912,-72.95198710290329,1.0,100.0
Hawaiʻi::Kahaluʻu,2025-08,3.5893674474307042,-0.7433040286058894,-17.155790202811385,17.0,21.478260869565215
Hawaiʻi::Kahaualeʻa,2025-08,5.403473163326814,-6.072716422149253,-52.91579035810551,7.0,95.17961876832844
Hawaiʻi::Kahauloa 2,2025-08,2.8477743059576195,-1.4149540260247804,-33.19362426661495,9.0,100.0
"Hawaiʻi::Kahilipaliiki, Kah",2025-08,1.0852764670012807,-1.4809780093145588,-57.709709733879436,10.0,98.94179894179894
Hawaiʻi::Kahilipalinui,2025-08,1.6223399702600652,-2.0244506561313624,-55.51321322043095,13.0,55.40275049115914
"Hawaiʻi::Kahoahuna, Paʻana",2025-08,2.7254333056843203,-9.63086127669651,-77.94295621949165,1.0,100.0
Hawaiʻi::Kahua,2025-08,3.418819552482855,-9.936160048101348,-74.40041351816589,1.0,100.0
Hawaiʻi::Kahue,2025-08,1.4471426421714593,-1.4113277259263184,-49.37353004171643,13.0,100.0
Hawaiʻi::Kahuku,2025-08,1.90385127806321,-1.3659114241215995,-41.77402302646968,11.0,39.04471544715447
Hawaiʻi::Kahuwai,2025-08,3.716642869025175,-5.873995820394811,-61.24718082513911,2.0,100.0
Hawaiʻi::Kahuā 1,2025-08,1.1426266352751286,-2.139717378998302,-65.1886995907083,2.0,65.51538046411225
Hawaiʻi::Kahuā 2,2025-08,0.8219341838331266,-1.7976899164990585,-68.6239646471072,1.0,66.06451612903226
Hawaiʻi::Kaiaʻakea,2025-08,5.1848478324087335,-8.245590089812993,-61.39479693487886,4.0,100.0
Hawaiʻi::Kaiholena,2025-08,0.9905543751892794,-0.9328119873687664,-48.49892384143298,8.0,48.37476099426386
Hawaiʻi::Kaihoʻonā,2025-08,0.7476147302426527,-0.7344792293965413,-49.556860050583126,10.0,23.140495867768596
Hawaiʻi::Kaihuiki,2025-08,4.533672663170522,-8.22417251707062,-64.46364884414729,4.0,100.0
Hawaiʻi::Kaimū,2025-08,3.375140464000327,-4.2027403896703195,-55.46062904426052,6.0,100.0
Hawaiʻi::Kainehe,2025-08,3.097054655887741,-5.96654750126449,-65.82975949089065,4.0,100.0
"Hawaiʻi::Kaipuhaʻa, Lamaloloa",2025-08,1.0573354308263727,-0.9135917278776069,-46.3533988987374,9.0,52.84090909090909
Hawaiʻi::Kaiwiki,2025-08,2.4628925604444536,-7.901727389405567,-76.23750246163061,1.0,100.0
"Hawaiʻi::Kaiwiki, Maumau",2025-08,6.537836498643654,-10.84304425682975,-62.38489527301528,2.0,100.0
Hawaiʻi::Kaiwikinui,2025-08,8.421434299879182,-12.874126411281923,-60.45450780046628,3.0,100.0
Hawaiʻi::Kalakalaula,2025-08,2.547428882028174,-4.6316458634504185,-64.51591643292815,4.0,100.0
"Hawaiʻi::Kalala 1-2, Kokiʻo",2025-08,0.7793883075864296,-1.04619153841274,-57.307355835764184,9.0,53.72766481823783
Hawaiʻi::Kalalau,2025-08,5.410128215479413,-10.211334629008778,-65.36733935011534,1.0,100.0
Hawaiʻi::Kalaoa,2025-08,4.461077192011155,-10.008808877668837,-69.1699217911685,1.0,100.0
Hawaiʻi::Kalaoa 1-5,2025-08,2.033247028355442,0.46245516497451566,29.440893841857623,26.0,0.0
"Hawaiʻi::Kalapana, Kupahua",2025-08,2.886708863540495,-3.1288824950348,-52.012882999017904,7.0,100.0
Hawaiʻi::Kaloko,2025-08,2.454921652057021,-0.41226595115732145,-14.378757451906493,19.0,0.0
Hawaiʻi::Kalopā,2025-08,1.4673555984679905,-3.823287588796645,-72.26508107747404,4.0,100.0
"Hawaiʻi::Kalua, Pakiloa, ʻŌuhi, Kaao",2025-08,1.8398831585260829,-4.698383185734972,-71.85977043989597,3.0,100.0
Hawaiʻi::Kalāhiki,2025-08,2.0875123031496066,-1.7115561726659165,-45.051995865868335,6.0,100.0
Hawaiʻi::Kamano,2025-08,0.8959335309984445,-0.6791540259585472,-43.1184935058878,11.0,100.0
Hawaiʻi::Kamaui,2025-08,2.7172878726383307,-4.771783052344553,-63.716622530924404,4.0,100.0
Hawaiʻi::Kamaʻeʻe,2025-08,7.495859255234828,-11.628937688357952,-60.80554853814486,4.0,100.0
Hawaiʻi::Kamoamoa,2025-08,3.6052397182273705,-3.3451035159215636,-48.12860895108254,11.0,73.57222844344905
Hawaiʻi::Kamoauau,2025-08,2.76777642918384,-5.056240352119986,-64.62461026671512,3.0,100.0
Hawaiʻi::Kamoku,2025-08,1.3443492856286594,-3.541983282175365,-72.48756061986943,3.0,100.0
"Hawaiʻi::Kamāʻoa, Puʻuʻeo, Ke",2025-08,0.8668978250969561,-0.7769412962255653,-47.26382808072429,14.0,17.393705135284375
Hawaiʻi::Kanahonua,2025-08,2.6989739892565723,-4.765841731390495,-63.84406406990822,4.0,100.0
Hawaiʻi::Kapaʻa,2025-08,1.1947744702189216,-0.9216296943040148,-43.54696091385558,9.0,100.0
Hawaiʻi::Kapaʻanui,2025-08,0.8506336623534322,-0.6514462344004087,-43.369612748846144,11.0,100.0
Hawaiʻi::Kapaʻau,2025-08,2.210308767285166,-2.0365595305361137,-47.954383977033274,6.0,100.0
Hawaiʻi::Kapoaula,2025-08,1.8891412669034577,-4.746293007531667,-71.52950072639699,3.0,100.0
Hawaiʻi::Kapoho,2025-08,3.319725066453747,-4.933676503327709,-59.77749248735935,2.0,100.0
Hawaiʻi::Kapulena,2025-08,2.1647703123983213,-4.722649132475435,-68.56921043178893,3.0,100.0
"Hawaiʻi::Kapulena, Haukoʻi, K",2025-08,2.038501354834741,-4.24773588560849,-67.57199455152904,4.0,100.0
Hawaiʻi::Kapunapuna,2025-08,0.8525638129767471,-0.6580974548820436,-43.56353531290506,10.0,100.0
Hawaiʻi::Kapuʻa,2025-08,1.2704624032639182,-0.5335165814043945,-29.574434399660653,12.0,48.41841114706465
Hawaiʻi::Kapāpala,2025-08,1.7530145716359549,-1.9429367263937456,-52.56932707499471,16.0,18.896584666825888
Hawaiʻi::Kau,2025-08,1.8023173322394572,0.2701917494664692,17.63509156850251,23.0,0.0
Hawaiʻi::Kauaea,2025-08,3.6715677645396867,-6.2494538417683145,-62.99203942661285,2.0,100.0
Hawaiʻi::Kaueleau,2025-08,3.4642980380321116,-5.478887362742986,-61.26326490187864,3.0,100.0
Hawaiʻi::Kauhakō,2025-08,2.081004919551072,-1.6757635215031716,-44.606516153359465,7.0,100.0
Hawaiʻi::Kauhiula,2025-08,4.934826948511319,-7.438532311146655,-60.11732266918977,4.0,100.0
"Hawaiʻi::Kaukulau, Ki (b)",2025-08,3.201974894150489,-4.704436054379922,-59.501537233583214,3.0,100.0
"Hawaiʻi::Kaulana, Awalua, ʻŌhiki",2025-08,1.364501312335958,0.058602080257545985,4.487488683508718,21.0,0.0
Hawaiʻi::Kaulanamauna,2025-08,1.207590767646895,-0.4903490641481578,-28.87906008010681,12.0,10.862014524786865
Hawaiʻi::Kauleolī 1-2,2025-08,2.0175751849091013,-1.4655799035288335,-42.076217289138604,8.0,100.0
"Hawaiʻi::Kaumalumalu, Pāhoehoe",2025-08,3.257481024757723,-0.5675450011356755,-14.837676849613487,18.0,14.488828706838186
"Hawaiʻi::Kaunāmano, Napauku",2025-08,1.8493432949787527,-2.30825614571616,-55.51896421581084,13.0,45.09803921568628
"Hawaiʻi::Kaupakuea, Makea",2025-08,3.7065327161253285,-10.664878865239501,-74.20898639538285,1.0,100.0
Hawaiʻi::Kaupalaoa,2025-08,1.0872278123172359,-1.148099706663493,-51.36158781720751,8.0,47.12301587301587
Hawaiʻi::Kawaihae 1,2025-08,1.036379807808107,-2.060085506889764,-66.53023036012179,1.0,68.804537521815
Hawaiʻi::Kawaihae 2,2025-08,0.7723585239194861,-1.6451305215453838,-68.05120894473524,1.0,68.24570536179073
Hawaiʻi::Kawainui,2025-08,4.348637938812336,-11.956523879981697,-73.32968548769686,1.0,100.0
Hawaiʻi::Kawela,2025-08,1.3738464264459676,-2.326660731044157,-62.874104332829305,4.0,42.332863888658764
Hawaiʻi::Kaūmana,2025-08,6.2731047857929045,-13.228511821606977,-67.83289861512006,4.0,100.0
Hawaiʻi::Kaʻakepa,2025-08,3.780702365664985,-10.661332498385214,-73.82153968429968,1.0,100.0
Hawaiʻi::Kaʻala,2025-08,1.8073393139090037,-6.364531658274161,-77.88340858462965,1.0,100.0
"Hawaiʻi::Kaʻalaʻala, Kanaio",2025-08,1.5526899792007132,-1.7673094288552964,-53.23222120362141,15.0,0.0
"Hawaiʻi::Kaʻalāiki, Hiʻonaʻā",2025-08,4.650974471407126,-3.0193876394947043,-39.364342854208545,19.0,0.0
Hawaiʻi::Kaʻapoko,2025-08,4.540884904035433,-8.392024483267717,-64.8889142570392,1.0,100.0
Hawaiʻi::Kaʻapuna,2025-08,1.6530531034694882,-1.0528935371397388,-38.910358443087645,11.0,66.12377850162866
Hawaiʻi::Kaʻauhuhu,2025-08,1.9876682027873573,-2.020463207801122,-50.409105910638665,7.0,96.46945026600032
Hawaiʻi::Kaʻawaloa,2025-08,3.0842100981076963,-1.6712241236982481,-35.143460002766616,9.0,100.0
Hawaiʻi::Kaʻieʻie,2025-08,5.121112670139608,-10.173756187998602,-66.51744635643131,1.0,100.0
Hawaiʻi::Kaʻohe,2025-08,1.553388388216458,-3.5475217088047986,-69.5468385313519,4.0,100.0
Hawaiʻi::Kaʻohe 1-3,2025-08,1.5275658474819553,-1.272712511277887,-45.44949995048108,7.0,100.0
Hawaiʻi::Kaʻohe 4,2025-08,1.5083968680920843,-1.2404708891849263,-45.126612071499544,7.0,100.0
Hawaiʻi::Kaʻohe 5,2025-08,1.7569334175330134,-1.5755666897991516,-47.27881887633224,7.0,100.0
Hawaiʻi::Kaʻohe Mauka,2025-08,0.6849064310271386,-0.9593907319487381,-58.34655398981633,8.0,53.82091592617908
Hawaiʻi::Kaʻūpūlehu,2025-08,0.7299845815798259,-0.6761916921373711,-48.08726365079911,13.0,0.0
Hawaiʻi::Keahialaka,2025-08,3.7643143023479992,-6.97643835868374,-64.95297470162203,2.0,100.0
Hawaiʻi::Keahuolū,2025-08,3.191705309472894,-0.06165515422307788,-1.8951221332859838,22.0,0.0
Hawaiʻi::Kealahewa,2025-08,1.6736995225624698,-1.410644178162161,-45.735635034148316,9.0,100.0
Hawaiʻi::Kealakehe,2025-08,2.826035053300091,-0.3572889298090063,-11.2237689818819,19.0,0.0
"Hawaiʻi::Kealakekua, Kīloa 1",2025-08,1.898556188445359,-1.1787992488985508,-38.30559299695266,9.0,100.0
Hawaiʻi::Kealakomo,2025-08,1.8563207620965785,-1.76612590716742,-48.75505613796263,13.0,78.74794069192751
Hawaiʻi::Keauhou,2025-08,2.3006737977149707,-2.965784257905048,-56.31458993089592,9.0,45.943174277613565
Hawaiʻi::Keauhou 1,2025-08,3.1908956774716244,-1.1738855097037821,-26.89448701696412,13.0,28.333333333333332
Hawaiʻi::Keauhou 2,2025-08,0.9364558615069862,-0.99024435309692,-51.39587080497087,6.0,67.14553404122424
"Hawaiʻi::Keauohana, Kehena",2025-08,3.222884866993693,-4.365600244872365,-57.529272055181444,6.0,100.0
Hawaiʻi::Keaīwa,2025-08,1.5144947419039274,-1.5107347168375107,-49.93785553926245,16.0,0.0
Hawaiʻi::Keaʻau,2025-08,4.629186141170856,-7.992320071371426,-63.32302925485449,2.0,100.0
Hawaiʻi::Keaʻā,2025-08,2.5169505509189043,-4.663128481690494,-64.94536425730416,4.0,100.0
"Hawaiʻi::Kehena 1, Kipi",2025-08,1.1019585076279528,-1.1954741015428674,-52.035219521600375,8.0,48.974130240856375
Hawaiʻi::Kehena 2,2025-08,2.082001948464716,-3.108134141146952,-59.885407385907406,2.0,64.07004830917874
Hawaiʻi::Kemau,2025-08,2.689375589525919,-5.021378502410506,-65.1217564785479,3.0,100.0
Hawaiʻi::Keonepokoiki,2025-08,3.9567323159418253,-6.797122161487628,-63.20638033324381,2.0,100.0
Hawaiʻi::Keonepokonui,2025-08,3.9511051131659802,-6.79993821116804,-63.249100631721866,2.0,100.0
"Hawaiʻi::Keoniki, Kauniho, Wa",2025-08,3.3248405341767495,-3.585962381369631,-51.889229445434395,4.0,100.0
Hawaiʻi::Keālia 1,2025-08,2.0225843961887575,-1.5464710181084143,-43.32998058571611,7.0,100.0
Hawaiʻi::Keālia 2,2025-08,2.286508264422779,-1.7678929693796892,-43.60429240797289,6.0,100.0
Hawaiʻi::Keʻei 1,2025-08,2.9842896746928664,-1.3842219888411913,-31.6863521367224,10.0,100.0
Hawaiʻi::Keʻei 2,2025-08,2.6153836995173996,-1.3522867983235964,-34.08263864298817,8.0,100.0
"Hawaiʻi::Keʻekeʻe 1-2, Kanakau",2025-08,2.96769140077774,-1.7219706135875077,-36.718437454827516,10.0,100.0
"Hawaiʻi::Kiolakaʻa, Puʻumakaʻā",2025-08,2.1834412005890083,-1.909010011154121,-46.647104934966386,11.0,9.371184371184372
Hawaiʻi::Kiʻilae,2025-08,1.915122607536178,-1.4088159964221112,-42.38393557403354,7.0,100.0
Hawaiʻi::Kiʻiokalani,2025-08,0.6584793966183915,-0.6142797137540423,-48.26362732334261,11.0,28.31168831168831
Hawaiʻi::Kohanaiki,2025-08,2.1282325709009826,0.2416371245906208,12.808104941798387,23.0,0.0
Hawaiʻi::Koholālele,2025-08,1.7334653253424657,-4.0338617708638305,-69.94334990150418,3.0,100.0
Hawaiʻi::Kokoiki,2025-08,1.4376876443911308,-1.2120868263456,-45.74301849955544,9.0,100.0
Hawaiʻi::Kolo,2025-08,1.7638495206309701,-1.541951943847215,-46.643815740780106,8.0,100.0
"Hawaiʻi::Koloaha, Kulihaʻi",2025-08,1.6311930859182764,-4.601145166111744,-73.82694873169058,3.0,100.0
Hawaiʻi::Kou,2025-08,1.0153982293351027,-0.7718458486756539,-43.18637046679913,10.0,100.0
Hawaiʻi::Kuilei 1-2,2025-08,1.6677011849755758,-4.318831280530038,-72.14245150118425,4.0,100.0
Hawaiʻi::Kukuihaele,2025-08,2.9056629257959603,-5.180299648557858,-64.06534288185024,3.0,100.0
"Hawaiʻi::Kukuihala, Kamāʻili",2025-08,3.5004650104900543,-5.571537553745338,-61.414638215712614,4.0,100.0
Hawaiʻi::Kukuikea,2025-08,3.468437294947507,-9.715631706925308,-73.69220917719097,1.0,100.0
Hawaiʻi::Kukuiopaʻe 1-2,2025-08,1.6125529256007465,-1.3126563014673593,-44.87392865169564,7.0,100.0
Hawaiʻi::Kukuipahu,2025-08,1.083280611862499,-0.8689159069118246,-44.509653539253776,10.0,100.0
Hawaiʻi::Kula,2025-08,3.2074022668553153,-4.5293056629640045,-58.543061261326166,2.0,100.0
"Hawaiʻi::Kulanakiʻi, Kahīnano",2025-08,5.6170325761181745,-10.20932939262779,-64.50837793795732,4.0,100.0
Hawaiʻi::Kulaʻikahonu,2025-08,3.704489654498611,-10.329676915672765,-73.60377877819806,1.0,100.0
Hawaiʻi::Kulaʻimano,2025-08,3.4671605868602366,-9.633016270915354,-73.53348260483745,1.0,100.0
"Hawaiʻi::Kāhei, Hualua",2025-08,1.7590454895583705,-1.487430727918521,-45.81677573706448,8.0,100.0
Hawaiʻi::Kāwala,2025-08,1.2625563765277148,-1.8341259110083983,-59.228740332535935,12.0,92.57731958762886
Hawaiʻi::Kēōkea,2025-08,2.444788620741279,-1.606814730493336,-39.65873732441512,8.0,100.0
Hawaiʻi::Kīkala,2025-08,6.1207322146503405,-10.105148920242227,-62.27796713308743,2.0,100.0
"Hawaiʻi::Kīkala 1-2, Kēōkea",2025-08,3.0800726633214364,-3.768645164517257,-55.02701760026459,6.0,100.0
Hawaiʻi::Kīpahoehoe,2025-08,1.668663688186952,-0.9525177889627148,-36.3392537779759,11.0,47.172619047619044
Hawaiʻi::Kīʻao,2025-08,1.50026293391556,-1.0086189760474207,-40.20193106905949,13.0,0.0
Hawaiʻi::Kīʻolokū,2025-08,2.4814026737668615,-2.725467979792581,-52.343685125526164,15.0,5.18783542039356
Hawaiʻi::Kūkaʻiau,2025-08,1.8499323326771655,-4.80449080957633,-72.19995943854732,2.0,100.0
"Hawaiʻi::Kūkiʻo, Maniniʻōwali",2025-08,0.5555299773929626,-0.2773768147145669,-33.30226351170842,18.0,0.0
Hawaiʻi::Kūkūau 1,2025-08,6.3907197461199585,-12.454615817340557,-66.08858608752493,5.0,100.0
Hawaiʻi::Kūkūau 2,2025-08,6.5499849976900215,-12.969338479732443,-66.44358599176743,5.0,100.0
"Hawaiʻi::Laeʻapuki, Pānaui-iki",2025-08,2.249730425587716,-1.9899469534262502,-46.936282540655434,13.0,41.66666666666667
Hawaiʻi::Laimi,2025-08,4.133021637523581,-10.890381580262673,-72.48944478418522,1.0,100.0
"Hawaiʻi::Lanihau 1-2, Moeauo",2025-08,4.919524379993104,0.5652261691584286,12.980878703989374,23.0,0.0
Hawaiʻi::Lanikepu,2025-08,3.0718870559881184,-3.8234016982008106,-55.44947912265561,3.0,100.0
Hawaiʻi::Laupāhoehoe 1,2025-08,8.383676765806502,-7.098072242632728,-45.84799972382649,6.0,100.0
"Hawaiʻi::Laupāhoehoe, Welokā",2025-08,2.563063260724902,-10.87288487513265,-80.92383779091364,1.0,100.0
"Hawaiʻi::Lepoloa, Kaluakailio",2025-08,5.433761957123524,-8.12593138687254,-59.927102927224574,4.0,100.0
"Hawaiʻi::Lālāmilo, Keanuʻiʻomanō",2025-08,0.5066003443491703,-0.7091816945816095,-58.331318597641044,3.0,62.34703482899279
Hawaiʻi::Mahaiʻula,2025-08,0.9306542370680229,-0.0001215496714033204,-0.013058963623142534,21.0,0.0
"Hawaiʻi::Makahanaloa, Pepeʻekeo",2025-08,5.513063626897182,-10.206627322060285,-64.92893120610104,3.0,100.0
Hawaiʻi::Makalawena,2025-08,0.7539828396941011,-0.058186587097426745,-7.164340983296137,21.0,0.0
"Hawaiʻi::Makanikahio 1-2, Auau",2025-08,3.122167433830452,-3.7565385556637287,-54.611122519280144,4.0,100.0
"Hawaiʻi::Makapala, Niuliʻi",2025-08,2.883691082059865,-3.3848729560481767,-53.99758119197246,3.0,100.0
Hawaiʻi::Makaʻula,2025-08,1.889623062253937,0.27111085906742094,16.75062186949593,23.0,0.0
Hawaiʻi::Makeanehu,2025-08,0.812333631662423,-0.7254011604076622,-47.173359421173885,10.0,30.47091412742382
"Hawaiʻi::Makiloa, Pahinahina",2025-08,0.5379104439849505,-0.6768583957089789,-55.719110796381536,9.0,46.22186495176849
"Hawaiʻi::Makuʻu, Pōpōkī, Hālo",2025-08,4.071626787149552,-7.0643689931681335,-63.43724560002125,2.0,100.0
Hawaiʻi::Malama 1,2025-08,3.498486949197456,-5.433701994056634,-60.832815209986805,3.0,100.0
Hawaiʻi::Malanahae,2025-08,1.9458461491141734,-4.555553334153544,-70.0703494051998,4.0,100.0
Hawaiʻi::Manoloa,2025-08,6.239234744094489,-10.54005273266623,-62.815854053780185,4.0,100.0
Hawaiʻi::Manowaialeʻe,2025-08,2.5101403950482752,-8.920202540600394,-78.03967554446935,1.0,100.0
Hawaiʻi::Manukā,2025-08,1.0085596346451822,-0.5382344356021478,-34.79677391807463,12.0,26.57618213660245
Hawaiʻi::Maulili,2025-08,2.4643985618130744,-2.3933174353572015,-49.268368853826786,6.0,100.0
Hawaiʻi::Mauluaiki,2025-08,5.565309699751887,-12.02446484503158,-68.36053989445607,2.0,100.0
Hawaiʻi::Mauluanui,2025-08,3.862045902787811,-10.821038884348889,-73.69731252814664,1.0,100.0
Hawaiʻi::Maʻulili,2025-08,,,,,100.0
Hawaiʻi::Mohokea,2025-08,4.459299395161291,-2.1446448556959616,-32.475211392306456,21.0,0.0
Hawaiʻi::Mohokeanui,2025-08,1.1515422297066382,-1.1399076366674872,-49.74613031666363,20.0,0.0
"Hawaiʻi::Mokuhonua, Halepuna",2025-08,4.8522521055162855,-7.5317260480046535,-60.81830858094075,2.0,100.0
Hawaiʻi::Mokuoniki,2025-08,4.5391701525590555,-11.337353900098424,-71.40954696693026,1.0,100.0
Hawaiʻi::Momoualoa,2025-08,2.3691556194635828,-3.7534914031742135,-61.30504321572193,1.0,100.0
Hawaiʻi::Moʻoiki,2025-08,2.525076211176728,-4.759964696795714,-65.33888768677481,4.0,100.0
"Hawaiʻi::Māhukona, Hihiu, K",2025-08,0.9704267762942052,-0.733814579394167,-43.0581370968883,11.0,92.20338983050847
Hawaiʻi::Mālamalamaiki,2025-08,4.455291595131309,-12.199183186208172,-73.24868148875375,1.0,100.0
Hawaiʻi::Mānienie,2025-08,2.7981761679204165,-5.102496770423228,-64.58306539509725,3.0,100.0
"Hawaiʻi::Nakoʻoka, Laupāhoeho",2025-08,6.879971221871378,-7.09390550681482,-50.765479362302756,5.0,100.0
"Hawaiʻi::Namoku, Papuaʻa",2025-08,1.6844958935908048,-4.954545192404483,-74.6274217651076,3.0,100.0
Hawaiʻi::Nanue,2025-08,6.62071223406269,-9.82887777924995,-59.75150609404518,4.0,100.0
Hawaiʻi::Nienie,2025-08,1.502238602883663,-4.9175652311362565,-76.5999298152542,3.0,100.0
"Hawaiʻi::Niupea, Kealakaha",2025-08,3.032763287401575,-7.529069881889763,-71.28563537417565,2.0,100.0
Hawaiʻi::Nunuluiki,2025-08,2.211086483452264,-2.2220324418676176,-50.12345662951693,7.0,100.0
Hawaiʻi::Nunulunui,2025-08,2.009661651453893,-1.7363000518111087,-46.35124940806895,8.0,100.0
Hawaiʻi::Nānāwale,2025-08,3.840022508543086,-5.508394394049146,-58.92328563696938,3.0,100.0
Hawaiʻi::Ohanaula,2025-08,2.1587503290377223,-1.901506760294589,-46.83217634889426,6.0,100.0
Hawaiʻi::Okoe 1-2,2025-08,1.240451357076667,-0.6103352019287149,-32.97707123271474,11.0,12.82051282051282
Hawaiʻi::Onomea,2025-08,5.535424818753601,-12.462714704964473,-69.24446100965615,1.0,100.0
"Hawaiʻi::Opea, Peleau, ʻAwa",2025-08,6.510643345790272,-9.565502577253529,-59.50121766151791,4.0,100.0
Hawaiʻi::Opihikao,2025-08,3.523388367292157,-5.55309448179773,-61.18112681008975,3.0,100.0
Hawaiʻi::Opihilala,2025-08,2.8052759303760797,-4.8195229032059625,-63.20852534468514,5.0,100.0
"Hawaiʻi::Opihipau, Hukiaʻa",2025-08,1.5756111639176404,-1.3357899738260415,-45.881344089233636,9.0,100.0
Hawaiʻi::Paihaʻaloa,2025-08,4.48349808019603,-8.668089538734417,-65.90907341298882,1.0,100.0
Hawaiʻi::Palauhulu 1-2,2025-08,1.4449682040477363,-1.5950697050319884,-52.46874390177737,13.0,0.0
Hawaiʻi::Papaki,2025-08,1.6232898541948615,-4.0308660472159,-71.29032374593993,4.0,100.0
Hawaiʻi::Papalele,2025-08,2.371388593057948,-4.723163995217151,-66.57451525587318,3.0,100.0
Hawaiʻi::Papaʻanui,2025-08,1.7562080302024232,-4.950185672394266,-73.81292974907771,3.0,100.0
Hawaiʻi::Pauahi,2025-08,2.0754723504075914,-3.7408174413516804,-64.31621489444706,1.0,100.0
Hawaiʻi::Paukaʻa,2025-08,7.272697211510038,-10.461056332468893,-58.98952134710754,6.0,100.0
Hawaiʻi::Paʻalaea,2025-08,1.7333082173155647,-4.602108670714589,-72.6409761512238,3.0,100.0
Hawaiʻi::Paʻauilo,2025-08,2.8601568068235816,-5.08631627261234,-64.00721706054519,4.0,100.0
"Hawaiʻi::Pihā, Kahuku",2025-08,4.991278569870706,-10.338339235582946,-67.44029346840588,3.0,100.0
Hawaiʻi::Piʻihonua,2025-08,5.448945426153126,-10.108550657185294,-64.97543436961702,5.0,100.0
Hawaiʻi::Pohakuhaku,2025-08,2.7305164068222396,-5.012131030689206,-64.73407282380596,3.0,100.0
Hawaiʻi::Pohoiki,2025-08,3.3687569362144467,-5.062891221326129,-60.04628189802125,2.0,100.0
Hawaiʻi::Pololū,2025-08,3.6975682316026286,-4.646529586762181,-55.68642276143354,3.0,100.0
Hawaiʻi::Ponahawai,2025-08,4.85807293838833,-11.968178437896206,-71.12801401959646,1.0,100.0
"Hawaiʻi::Poupou 1-2, Pūlama",2025-08,2.545227076319944,-2.4824505526313283,-49.37569064365698,9.0,100.0
Hawaiʻi::Puaiki,2025-08,0.6297493338540202,-0.588186383470865,-48.29371329734687,11.0,26.750700280112046
Hawaiʻi::Puakea,2025-08,1.1047029211353105,-0.9214422564051399,-45.47760282033117,9.0,100.0
Hawaiʻi::Puanui,2025-08,0.7528457491416631,-0.7538123393621972,-50.032077291719645,10.0,38.75
Hawaiʻi::Puapuaʻa 2,2025-08,3.9097349769755345,0.45125783227291905,13.04787666340705,23.0,0.0
Hawaiʻi::Puaʻa 1,2025-08,3.9720593718702517,-0.1557893064045448,-3.774104104747749,21.0,0.0
"Hawaiʻi::Puaʻa 2-3, Waiʻaha 1",2025-08,4.631631910269029,0.606099542732939,15.05638229668278,23.0,0.0
"Hawaiʻi::Puaʻakuloa, Kapena",2025-08,6.2177539486746545,-9.702285654739683,-60.94385376188922,4.0,100.0
"Hawaiʻi::Puehuehu, Laʻaumama",2025-08,2.071648914838545,-1.8274572731725094,-46.86862026973163,6.0,100.0
Hawaiʻi::Pueopaku,2025-08,4.9352662093996065,-7.874039585383858,-61.471243731182746,2.0,100.0
Hawaiʻi::Punahoa 1,2025-08,4.181829483006741,-11.439665983469043,-73.23028712596002,1.0,100.0
Hawaiʻi::Punahoa 2,2025-08,6.342387787115338,-13.729659394207978,-68.401888806754,2.0,100.0
Hawaiʻi::Punaluʻu,2025-08,3.0635479240225183,-1.5988587770929672,-34.29256346749928,21.0,0.0
Hawaiʻi::Puua,2025-08,3.8102529359123083,-6.259438364882126,-62.16117433896208,2.0,100.0
Hawaiʻi::Puumoi,2025-08,5.077954944446549,-11.335424080102968,-69.06209905436629,1.0,100.0
Hawaiʻi::Puʻuanahulu,2025-08,0.7105412747159288,-0.6715824324601591,-48.59061667007474,15.0,2.3179945054945055
Hawaiʻi::Puʻuepa,2025-08,1.3898229425277648,-1.1937064913804498,-46.20448583682979,8.0,100.0
Hawaiʻi::Puʻukapu,2025-08,2.9636073901392748,-3.242788256394794,-52.24913848677555,3.0,100.0
"Hawaiʻi::Puʻukawaiwai, Panoluʻukia",2025-08,1.1085660038344818,-2.6705649068036417,-70.66611265796836,1.0,100.0
"Hawaiʻi::Puʻukole, Koea, Lapakahi",2025-08,0.8710992802880365,-0.6563658574448318,-42.970922296730066,11.0,51.79372197309418
Hawaiʻi::Puʻuokumau,2025-08,1.7961413998999876,-1.4850357361847537,-45.25923699312283,8.0,100.0
Hawaiʻi::Puʻuwaʻawaʻa,2025-08,0.7532218456483907,-0.7662283497446419,-50.428000343008506,14.0,0.0
Hawaiʻi::Puʻuʻeo,2025-08,5.291073240826207,-10.636045608776325,-66.77947034370094,1.0,100.0
Hawaiʻi::Pāhoa,2025-08,1.981385544358447,-1.6756068388734786,-45.8192597435118,7.0,100.0
Hawaiʻi::Pāhoehoe,2025-08,6.195402512013665,-10.083344038279684,-61.941771788921784,2.0,100.0
"Hawaiʻi::Pāhoehoe A 1-4, Mau",2025-08,1.7786055590603536,-1.570840619241079,-46.89851801224291,7.0,100.0
Hawaiʻi::Pāhoehoe B 1-3,2025-08,1.5190783271607275,-1.264460637019231,-45.42636741540085,7.0,100.0
Hawaiʻi::Pākiniiki,2025-08,1.1015949089868848,-0.8683893686446307,-44.0810304175972,14.0,5.6976744186046515
"Hawaiʻi::Pākininui, Puʻulena",2025-08,0.9078816722952636,-0.6424918947828626,-41.441102223751095,14.0,0.10940919037199125
Hawaiʻi::Pānauinui,2025-08,2.7604146970016643,-2.596854337177456,-48.473472596012066,12.0,70.38404726735598
Hawaiʻi::Pāpaʻa,2025-08,4.901260616272453,-7.36313166580801,-60.03666138897319,4.0,100.0
Hawaiʻi::Pāpaʻikou,2025-08,7.427681023379023,-10.703066775217913,-59.032682458062645,5.0,100.0
Hawaiʻi::Pāpā 1,2025-08,1.6027109486364717,-0.6284887648910535,-28.16819852927523,11.0,24.59016393442623
Hawaiʻi::Pāpā 2,2025-08,1.5735043050728101,-0.5121372629970675,-24.555382422254677,11.0,22.029372496662216
Hawaiʻi::Pāʻauhau,2025-08,1.5227720449688544,-4.549917238145158,-74.92425556494152,3.0,100.0
Hawaiʻi::Pāʻauhau-mauka,2025-08,0.8034465526878585,-2.163866560950715,-72.92343201009018,4.0,93.66300366300366
"Hawaiʻi::Pāʻauʻau 1, Palima",2025-08,1.7315496378851833,-1.0706997091014914,-38.2085809120748,20.0,0.0
Hawaiʻi::Pāʻauʻau 2,2025-08,2.850129918585245,-1.9723028687735367,-40.898504048487844,19.0,0.0
Hawaiʻi::Pōhakulua,2025-08,1.6273089551550197,-2.515166899913878,-60.71651321361885,4.0,100.0
"Hawaiʻi::Pōhakulua, Ahulua",2025-08,0.6134099506991152,-0.6102335060188603,-49.87020546455686,10.0,26.041666666666668
Hawaiʻi::Pūʻālaʻa,2025-08,2.851809154489703,-3.9575121375302853,-58.11903959015991,2.0,100.0
Hawaiʻi::Umauma,2025-08,8.39775766950644,-12.138038385011996,-59.106734176692875,5.0,100.0
"Hawaiʻi::Waiakahiula, Kaʻohe",2025-08,5.088743269014075,-7.739768965417158,-60.33255317513684,3.0,100.0
Hawaiʻi::Waiea,2025-08,1.8914008591917617,-1.6030993711650825,-45.874925325198234,7.0,100.0
Hawaiʻi::Waikahekahe,2025-08,4.101121819292338,-7.060638992490707,-63.257393806871946,2.0,100.0
Hawaiʻi::Waikahekaheiki,2025-08,5.438928362798282,-9.224605148727235,-62.90847387825526,2.0,100.0
Hawaiʻi::Waikahekahenui,2025-08,4.238780409354761,-6.942010175082637,-62.088723714629424,2.0,100.0
Hawaiʻi::Waikapu,2025-08,6.9149668588743625,-7.215550600765117,-51.063597786667415,4.0,100.0
Hawaiʻi::Waikaumalo,2025-08,6.524230913341088,-12.153513714283584,-65.06949289963173,3.0,100.0
Hawaiʻi::Waikaʻalulu,2025-08,2.4512422161607463,-4.907843904488413,-66.69094265274725,3.0,100.0
Hawaiʻi::Waikoekoe,2025-08,2.1879365838729097,-4.267989500973407,-66.10964011796003,3.0,100.0
Hawaiʻi::Waikoloa,2025-08,2.155605987594946,-4.683658955139485,-68.48190550236083,3.0,100.0
Hawaiʻi::Waikā,2025-08,0.7951040806373293,-1.8570017866561874,-70.01989662468732,1.0,66.78321678321679
Hawaiʻi::Waikākuʻu,2025-08,1.680016846720849,-1.514856109689816,-47.41522214991945,7.0,100.0
"Hawaiʻi::Wailau, Nīnole, Kaʻa",2025-08,3.731894557849752,-2.356993374399274,-38.709751281769464,18.0,5.404249251390275
Hawaiʻi::Wailea,2025-08,4.288931576680999,-8.992004773945816,-67.70610547743063,1.0,100.0
Hawaiʻi::Wailua,2025-08,5.650455745186393,-9.003043988245366,-61.43954790339296,4.0,100.0
Hawaiʻi::Waimanu,2025-08,7.239089538317158,-7.273668541704817,-50.11913312134397,6.0,100.0
"Hawaiʻi::Waimea, Waikoloa",2025-08,0.4895660599836891,-0.6623839320935396,-57.501101319434035,9.0,33.04980991043237
Hawaiʻi::Wainaku,2025-08,4.868717518196755,-8.453482622297278,-63.4541031747613,1.0,100.0
Hawaiʻi::Waiomao,2025-08,1.6339511461282406,-1.6757913586271347,-50.63207655034763,11.0,8.522727272727272
Hawaiʻi::Waipiʻo,2025-08,5.296346186913007,-5.951779435656012,-52.91352208686174,3.0,100.0
Hawaiʻi::Waipunalei,2025-08,1.9276562462027316,-10.103155169297414,-83.97733802294336,1.0,100.0
Hawaiʻi::Waiākea,2025-08,5.320406862819031,-8.578889963327297,-61.721755212748064,6.0,100.0
Hawaiʻi::Waiʻaleʻale 1-2,2025-08,2.2630031315360486,-4.3417178176519435,-65.73658222737978,4.0,100.0
Hawaiʻi::Waiʻōhinu,2025-08,3.418925855814543,-2.523478510498688,-42.46561416796173,13.0,12.11049723756906
Hawaiʻi::Waʻawaʻa,2025-08,3.4094680425688977,-4.597465294865485,-57.418553410095264,3.0,100.0
"Hawaiʻi::Weha, Mahakuolo",2025-08,2.1307760300583234,-4.991257360282992,-70.08191462640406,3.0,100.0
Hawaiʻi::ʻAlae,2025-08,6.64119831772522,-10.898022494861625,-62.13515760654983,2.0,100.0
Hawaiʻi::ʻAlikā,2025-08,1.5867445756942182,-0.6765496963524436,-29.892255050893148,11.0,32.24543080939948
Hawaiʻi::ʻAnaehoʻomalu,2025-08,0.19651097575510582,-0.21000479150006154,-51.6596915583456,13.0,0.0
Hawaiʻi::ʻIole,2025-08,2.3632083131296318,-2.245426858227913,-48.72216555962463,6.0,100.0
Hawaiʻi::ʻOʻoma 1,2025-08,1.9366850311067696,0.6087528416603012,45.84216321422648,27.0,0.0
Hawaiʻi::ʻOʻoma 2,2025-08,2.0628441037155514,0.4528638061182373,28.128530938799535,25.0,0.0
Hawaiʻi::ʻOʻōkala,2025-08,3.1476350212268267,-8.433597108059029,-72.82124228157645,2.0,100.0
Hawaiʻi::ʻUpolu,2025-08,1.2727051484555045,-1.085403058495475,-46.028551840667866,8.0,100.0
Hawaiʻi::ʻĀinakea,2025-08,2.308226303255062,-2.154897477414933,-48.28227007164575,6.0,100.0
Hawaiʻi::ʻĀpua,2025-08,2.7899124827201316,-2.7958725049270976,-50.05334990713164,5.0,68.01163381192003
Hawaiʻi::ʻĀwini,2025-08,5.206626840915719,-6.117864173228346,-54.02330370157259,3.0,100.0
Hawaiʻi::ʻĀʻamakaō,2025-08,2.6112993371551054,-2.983604337317792,-53.32717971411511,4.0,100.0
Hawaiʻi::ʻĀʻāmanu,2025-08,2.970443761305597,-5.033081340444776,-62.88580689706389,5.0,100.0
Hawaiʻi::ʻŌlaʻa,2025-08,5.46315064185389,-8.955404407852734,-62.11027649427986,5.0,100.0
"Hawaiʻi::ʻŌlelomoana 1-4, Opihihali",2025-08,1.6536977860951239,-1.2193755710206209,-42.4415049480234,10.0,93.78980891719745
Hawaiʻi::ʻŌuli,2025-08,0.8422374417193432,-1.1089443591284467,-56.83449684937659,3.0,66.31139944392956
Kahoʻolawe::N/A,2025-08,0.17562064247822443,-0.329883024272964,-65.25828514619543,13.0,73.44379758172862
Kauaʻi::Anahola,2025-08,2.3548837961977727,-3.213691438116266,-57.711197261253176,7.0,100.0
Kauaʻi::East Waiakalua,2025-08,1.5218694152770418,-2.7820542641849,-64.63995347920995,3.0,100.0
Kauaʻi::Hanakoa,2025-08,1.060402352425298,-4.968192875004207,-82.41045695686165,1.0,100.0
Kauaʻi::Hanakāpīʻai,2025-08,1.4514040498704406,-6.738183562364414,-82.27744645283344,1.0,100.0
Kauaʻi::Hanalei,2025-08,4.340564508643355,-7.601344973625058,-63.65267618978094,2.0,100.0
Kauaʻi::Hanamāʻulu,2025-08,4.1411932468862975,-4.356627006419304,-51.26758246886431,6.0,67.69283984780353
Kauaʻi::Hanapēpē,2025-08,2.0954666987661548,-5.317882229190344,-71.73387197702328,1.0,100.0
Kauaʻi::Haʻikū,2025-08,3.0076241213252324,-3.909348492175935,-56.51820110643951,4.0,80.91517857142857
Kauaʻi::Honopū,2025-08,0.23925784432727032,-1.6401437398458278,-87.26946670992942,1.0,100.0
Kauaʻi::Hāʻena,2025-08,1.1619016114759995,-6.4222353698989245,-84.6798440702035,1.0,100.0
Kauaʻi::Kalalau,2025-08,0.4233651649294876,-2.4604334293075123,-85.31918401737406,1.0,100.0
Kauaʻi::Kalapakī,2025-08,2.572714493168545,-0.2466941845169237,-8.749855473930152,23.0,18.773946360153257
Kauaʻi::Kalihikai,2025-08,2.022117134878095,-4.619512591458354,-69.55390140375225,1.0,100.0
Kauaʻi::Kalihiwai,2025-08,3.5449755224546786,-5.755029423329714,-61.88200390085187,2.0,100.0
Kauaʻi::Kalāheo,2025-08,1.0912677498224692,-3.2446330365348066,-74.83180996077917,1.0,100.0
Kauaʻi::Kamalomaloʻo,2025-08,2.088494889066601,-2.7170837654082303,-56.54019964647029,6.0,100.0
Kauaʻi::Kapaʻa,2025-08,2.5878711562181778,-3.0516842092996574,-54.112142030889444,6.0,100.0
Kauaʻi::Kaʻakaʻaniu,2025-08,0.965224558912863,-1.628236845722349,-62.78238198618467,8.0,100.0
Kauaʻi::Keālia,2025-08,2.260156470175671,-2.804124484121731,-55.370634240626636,6.0,100.0
Kauaʻi::Kāhili,2025-08,2.140390645971278,-3.7470573219585126,-63.64484819856666,3.0,100.0
Kauaʻi::Kīlauea,2025-08,2.269859679029755,-4.082245815746139,-64.26602673874773,2.0,100.0
Kauaʻi::Kīpū,2025-08,2.307036765204996,-1.9486870781777283,-45.78979158170155,10.0,79.01785714285714
Kauaʻi::Kīpū Kai,2025-08,1.9192583663364025,-1.5488532617752047,-44.65984454538904,11.0,90.44117647058823
Kauaʻi::Kōloa,2025-08,1.7265093499929467,-3.4223367187700386,-66.46803328482993,3.0,100.0
Kauaʻi::Lepeuli,2025-08,1.5181461844857285,-2.449232687161664,-61.734277627602985,6.0,100.0
Kauaʻi::Lumahaʻi,2025-08,3.0822191014074964,-7.699874432072621,-71.41353771568838,1.0,100.0
Kauaʻi::Lāwai,2025-08,1.15722737021728,-3.113639133372345,-72.90415494737097,1.0,100.0
Kauaʻi::Makaweli,2025-08,1.025899035931144,-3.229898405162417,-75.89408212841231,1.0,100.0
Kauaʻi::Moloaʻa,2025-08,1.634382313004942,-2.4528160996324435,-60.01216119208882,9.0,100.0
Kauaʻi::Māhāʻulepū,2025-08,1.491022206866305,-1.796598099450247,-54.64737202159316,6.0,100.0
Kauaʻi::Niumalu,2025-08,2.35884349461644,-0.6965355915205205,-22.797026878951986,20.0,25.36231884057971
Kauaʻi::North Olohena,2025-08,2.365917077470696,-2.5359594790641404,-51.73446229859415,6.0,100.0
Kauaʻi::Nāmāhana,2025-08,1.39496896612899,-3.0785842741031884,-68.81742786509028,2.0,100.0
Kauaʻi::Nāwiliwili,2025-08,2.7940514018154583,-0.8155279183476467,-22.593433916027525,19.0,25.037257824143072
Kauaʻi::Papaʻa,2025-08,1.0536340065438827,-1.6288075201260959,-60.72108204155789,10.0,100.0
Kauaʻi::Pāʻā,2025-08,1.3755732149248392,-2.0937751655332857,-60.35067499496273,5.0,100.0
Kauaʻi::Pīlaʻa,2025-08,1.667349599911039,-2.8483122208131437,-63.076296097752426,3.0,100.0
Kauaʻi::Pōhakuao,2025-08,0.526643483068148,-2.647768952125727,-83.40973349179865,1.0,100.0
Kauaʻi::South Olohena,2025-08,1.9769354392224412,-1.9545699415962252,-49.71556063823117,6.0,100.0
Kauaʻi::Wahiawa,2025-08,1.2948824312226865,-3.685179096557765,-73.99866600042192,1.0,100.0
Kauaʻi::Waiakalua,2025-08,3.02703448497289,-4.499049001610202,-59.779419264093356,5.0,100.0
Kauaʻi::Waikoko,2025-08,1.1626260111651083,-5.213284512370094,-81.76533364335114,1.0,100.0
Kauaʻi::Wailua,2025-08,4.147314504721001,-4.04911604495055,-49.40096814597919,6.0,88.16044260027662
Kauaʻi::Waimea,2025-08,0.473283665137585,-1.673566809438467,-77.95451193539475,1.0,99.90971107544141
Kauaʻi::Wainiha,2025-08,3.0225435213770995,-8.134781641706308,-72.90978368742103,1.0,100.0
Kauaʻi::Waipake,2025-08,1.249787338136688,-2.1276114556420196,-62.99556509468641,6.0,100.0
Kauaʻi::Waipouli,2025-08,2.306664365300818,-2.8706973317693607,-55.447108000854215,6.0,100.0
Kauaʻi::Waipā,2025-08,1.6731118640418559,-6.093893851709511,-78.45872752933847,1.0,100.0
Kauaʻi::Waiʻoli,2025-08,2.5050449875044554,-6.936196461047116,-73.46699582724085,1.0,100.0
Kauaʻi::Weliweli,2025-08,1.34855896156291,-2.34409682706898,-63.47997108978998,5.0,100.0
Kauaʻi::West Waiakalua,2025-08,1.570109598726917,-2.933840957258273,-65.13927985642657,3.0,100.0
Kauaʻi::ʻAliomanu,2025-08,1.2449086397936053,-1.8492288239804546,-59.76556780786547,9.0,100.0
Kauaʻi::ʻEleʻele,2025-08,0.12928545901177427,-1.2054690560320083,-90.31391483942399,1.0,100.0
Lānaʻi::Kalulu,2025-08,0.21489362943339593,-0.4754707597393779,-68.8724342095786,6.0,100.0
Lānaʻi::Kamao,2025-08,0.08617366539922058,-0.18368901108447275,-68.067586625145,6.0,100.0
Lānaʻi::Kamoku,2025-08,0.21604000021673944,-0.4780680687157467,-68.87516369763553,8.0,100.0
Lānaʻi::Kaohai,2025-08,0.1857975551060268,-0.4219175037660088,-69.42686339698724,5.0,100.0
Lānaʻi::Kaunolū,2025-08,0.22004052016181425,-0.489943958513913,-69.0076999187029,6.0,100.0
Lānaʻi::Kaʻā,2025-08,0.24153414501549222,-0.5299462880909066,-68.69212300784548,9.0,100.0
Lānaʻi::Keāliaaupuni,2025-08,0.19711850566131295,-0.4310448950783673,-68.61986778771251,7.0,100.0
Lānaʻi::Keāliakapu,2025-08,0.20199546401829452,-0.4459459758507771,-68.82504319231204,8.0,100.0
Lānaʻi::Mahana,2025-08,0.17942035028027067,-0.4008932315484016,-69.08217282888934,6.0,100.0
Lānaʻi::Maunalei,2025-08,0.16373004208529632,-0.36094593753571147,-68.79406558623775,5.0,100.0
Lānaʻi::Paomai,2025-08,0.24726575618039823,-0.5498357929718451,-68.97939083879871,6.0,100.0
Lānaʻi::Paʻawili,2025-08,0.27132311135176723,-0.6286413076411741,-69.85179573483835,5.0,100.0
Lānaʻi::Pālāwai,2025-08,0.23433350732341937,-0.5215956343765835,-69.000598813213,5.0,100.0
Maui::Aki,2025-08,0.3452461445147319,-1.2420910167499408,-78.2499803482415,3.0,100.0
Maui::Auwahi,2025-08,0.43522981609319383,-0.7825733259289722,-64.261069702079,14.0,27.64900662251656
Maui::Aʻapueo,2025-08,0.37438723403593105,-1.3732123473274338,-78.57705861065392,7.0,61.57142857142858
Maui::East Hanawana,2025-08,1.8946576173684286,-7.010271603335601,-78.7234960502175,1.0,100.0
Maui::East Honomāʻele,2025-08,3.9642557708135353,-6.530310956803218,-62.225636620314376,5.0,100.0
Maui::East Kaupakulua,2025-08,0.8917260669786661,-4.823477390366154,-84.39729970010646,1.0,100.0
Maui::East Makaīwa,2025-08,2.4205069016445036,-10.913428828391659,-81.8470183848866,1.0,100.0
Maui::Grant 3584,2025-08,1.2406344676580956,-4.287682480699434,-77.55855029211577,1.0,100.0
Maui::Halakaʻa,2025-08,0.19989610120603823,-0.6446271538063968,-76.33030233097668,6.0,96.49122807017544
Maui::Halehaku,2025-08,1.2913753342433612,-6.376242799382878,-83.15806405929305,2.0,100.0
Maui::Hanakaʻōʻō,2025-08,0.34815214981151976,-1.4000606475314035,-80.0852533318215,2.0,100.0
Maui::Hanehoi,2025-08,1.7950375374220802,-6.556576083303715,-78.50669799944502,1.0,100.0
Maui::Haneoʻo,2025-08,2.091431366465873,-3.2584002637487703,-60.906594617783114,4.0,100.0
Maui::Haʻikū,2025-08,0.663375333408557,-3.445117459392809,-83.85355976354928,2.0,100.0
Maui::Haʻikū Uka,2025-08,1.4907706318469705,-10.842887219345545,-87.91298858916512,1.0,100.0
Maui::Honokahua,2025-08,1.4840043281849387,-5.1892069305639685,-77.76176610264906,2.0,100.0
Maui::Honokalani,2025-08,1.9873435717441392,-3.17686065914124,-61.51694466577248,5.0,100.0
Maui::Honokeana,2025-08,0.8843720962138676,-3.3299220591425356,-79.01494144423158,2.0,100.0
Maui::Honokōhau,2025-08,1.887020037356836,-5.3551900317325405,-73.94414109291218,2.0,100.0
Maui::Honokōwai,2025-08,1.2998523723558382,-4.982949935926171,-79.31094583952819,2.0,100.0
Maui::Honolua,2025-08,1.4309824545552412,-4.294610745220568,-75.00726292235935,2.0,100.0
Maui::Honomanü,2025-08,2.704599374566326,-12.55242214133255,-82.27308408952595,1.0,100.0
Maui::Honopou,2025-08,1.597058374207828,-7.489934936896141,-82.42478761092207,1.0,100.0
Maui::Hāhākea,2025-08,2.4961494986466537,-8.334319690751547,-76.95252666347918,2.0,100.0
Maui::Hāliʻimaile,2025-08,0.39123265555982334,-1.4442190950883427,-78.68466684446133,3.0,98.06122448979592
Maui::Hāmoa,2025-08,1.8420994260107513,-2.855874517337977,-60.78949248710184,4.0,100.0
Maui::Hāmākualoa,2025-08,0.8961894261122558,-4.770316173414487,-84.18444294509999,1.0,100.0
Maui::Hāmākuapoko,2025-08,0.43958593490683034,-2.0087365147972025,-82.04542318517032,1.0,100.0
Maui::Kahakuloa,2025-08,1.249299427946682,-3.0989312997647733,-71.26878709575266,2.0,100.0
Maui::Kahana,2025-08,0.7392943830291171,-3.349741207475417,-81.92007952325262,2.0,100.0
Maui::Kahikinui,2025-08,0.3342300756611494,-1.1960751261878015,-78.15925377125265,13.0,78.26574053327359
Maui::Kahua,2025-08,0.47490007295383246,-2.0082917100801243,-80.87541702584079,2.0,100.0
Maui::Kalialinui,2025-08,0.45336928121810627,-2.933267974892666,-86.61299551937377,1.0,71.66666666666667
Maui::Kalihi,2025-08,0.44941954897996994,-0.43118722256044095,-48.96478615604807,17.0,0.0
Maui::Kaloʻi,2025-08,0.4443151482646035,-0.43476848379293054,-49.45701045250219,17.0,0.0
Maui::Kamaʻole,2025-08,0.5946503543746485,-0.5201313031671823,-46.6576840090917,17.0,16.039823008849556
Maui::Kamehameiki,2025-08,0.2786472951333354,-0.9256190302490876,-76.86165516212961,10.0,71.04166666666667
Maui::Kamehamenui,2025-08,0.30181967870638154,-1.449539233853518,-82.76654336573294,5.0,69.81218506642234
Maui::Kanahena,2025-08,0.41671847239365056,-0.42767839380893613,-50.648979280594354,16.0,0.0
Maui::Kanaio,2025-08,0.43144365157480313,-0.557740034448819,-56.38386907601102,15.0,12.815405046480743
Maui::Kapunakea,2025-08,0.6619399363600363,-2.7301192095899207,-80.48560158066884,2.0,100.0
Maui::Kauaʻula,2025-08,2.0864673924884145,-6.135391876140606,-74.62292500615462,3.0,100.0
Maui::Kawaipapa,2025-08,6.3208321694687495,-10.563635239806432,-62.5642194316623,3.0,100.0
Maui::Kawela,2025-08,3.336519634899822,-5.384282505174063,-61.74067956928152,5.0,100.0
Maui::Kaʻonoʻulu,2025-08,0.2669175685869522,-0.6920750784170446,-72.16688058862252,8.0,33.222345541990386
Maui::Kaʻāpahu,2025-08,3.519390378937008,-7.028027189960632,-66.63268182995778,3.0,100.0
Maui::Keaaula,2025-08,1.035397146630475,-4.6193092993655345,-81.6896393027861,1.0,100.0
Maui::Kealiʻiiki,2025-08,1.104083203893947,-4.461918868417815,-80.16380178178085,1.0,100.0
Maui::Keauhou,2025-08,0.7596052491589487,-0.5826258286978026,-43.407267072680824,15.0,0.0
Maui::Keʻanae,2025-08,2.626482891838356,-10.673795362853493,-80.25242147913839,1.0,100.0
Maui::Koʻokā,2025-08,,,,,100.0
Maui::Koʻolau,2025-08,5.3251515249304715,-11.333756762148397,-68.03421068677822,1.0,100.0
Maui::Kualapa,2025-08,0.4070993283821882,-0.4111207056772491,-50.24573935663184,17.0,0.0
Maui::Kuholilea,2025-08,0.3393920676625909,-1.1146528774286892,-76.65876362293018,4.0,100.0
Maui::Kuhua,2025-08,0.39137607484351933,-1.321684018833431,-77.15339489326021,2.0,100.0
Maui::Kuiaha,2025-08,0.6765426008302917,-3.078068143322295,-81.98101888767202,1.0,100.0
Maui::Kukuiʻula,2025-08,2.9253640692580682,-5.665741186786072,-65.94892063276757,3.0,100.0
Maui::Kukuiʻulaiki,2025-08,1.9274889527969161,-3.7673250133284126,-66.15360985868423,3.0,100.0
Maui::Kuʻia,2025-08,0.3315016311819055,-1.0016395455374598,-75.13379400689769,5.0,98.52941176470588
Maui::Kākiʻo,2025-08,3.575848582998117,-5.872470499186924,-62.1536005304855,3.0,100.0
Maui::Kēōkea,2025-08,0.49434083715307153,-0.5575102445750906,-53.002773325965194,15.0,18.593500266382527
Maui::Kīkoʻo,2025-08,2.3415808708392984,-4.363650344488189,-65.0782978894646,3.0,100.0
Maui::Kōheo 1-2,2025-08,0.3073332823550051,-0.5436400833196632,-63.884500414258525,13.0,21.006118286879673
Maui::Launiupoko,2025-08,0.25444418880081615,-0.9135649093091989,-78.21556448382647,6.0,97.06498951781971
Maui::Mailepai,2025-08,0.9853361225354644,-4.252298968000093,-81.18738504108516,2.0,100.0
Maui::Makawao,2025-08,0.5981058662810133,-3.718075212867702,-86.1427068208413,1.0,97.93650793650794
Maui::Makaʻehu,2025-08,0.31725390775958895,-0.9005989246820806,-73.94973355495445,7.0,69.0828402366864
Maui::Moaliʻi,2025-08,0.054688354688793225,-0.175136915683405,-76.2043770903755,11.0,100.0
Maui::Mohopilo,2025-08,0.46020667061847714,-0.43345994642305946,-48.503540152145206,17.0,0.0
Maui::Mokae,2025-08,2.1611426379319774,-3.382482280047026,-61.015713185735365,3.0,100.0
Maui::Mokupapa,2025-08,1.6504139680293872,-5.641901726395529,-77.36776577992704,2.0,100.0
Maui::Moʻomoku,2025-08,0.8500297663372877,-4.110389200424782,-82.86375058169436,2.0,100.0
Maui::Māhinahina 4,2025-08,0.38117596483606053,-1.8343336107492179,-82.79511092903473,2.0,100.0
Maui::Mākila,2025-08,0.3001699973279097,-0.9250458845003384,-75.50064427176697,7.0,100.0
Maui::Mūʻolea,2025-08,3.0662174563330002,-5.117920294871608,-62.53463040890668,3.0,100.0
Maui::Naholoku,2025-08,1.3808084716178572,-3.067054953348759,-68.95569086345719,5.0,95.82417582417582
Maui::Nakula,2025-08,0.31481317436194306,-1.391840210118357,-81.55377200638733,11.0,71.3216957605985
Maui::Nuʻu,2025-08,0.5886174524685411,-1.7290243478749003,-74.60274265068414,7.0,77.55749405233942
Maui::Nāpili 1,2025-08,1.5782679760549951,-6.187370480514887,-79.67626248786087,2.0,100.0
Maui::Nāpili 2-3,2025-08,0.7469768717264834,-2.432734245926779,-76.50802717330565,2.0,100.0
Maui::Nāpili 4-5,2025-08,0.8794020605212435,-3.1532361021400654,-78.19288453242011,2.0,100.0
Maui::Olowalu,2025-08,0.7134474995724901,-2.255241718952333,-75.96759219117553,5.0,85.86839266450917
Maui::Paeahu,2025-08,0.620077108440026,-0.3595220177426429,-36.70093287482187,18.0,4.0
Maui::Palauea,2025-08,0.72053546232311,-0.4255572337357524,-37.131135657625386,17.0,0.0
Maui::Panaʻewa,2025-08,1.5564222303632946,-4.718290485600921,-75.19532286468792,3.0,100.0
Maui::Papaka Kai,2025-08,0.3689793597577647,-0.371878930172791,-50.19568994870113,16.0,0.0
Maui::Papaka Uka,2025-08,0.662902972203853,-0.5618935932950399,-45.87648341960898,17.0,0.0
Maui::Papaʻanui,2025-08,0.5803328355335665,-1.1136239788186746,-65.74098993453488,10.0,59.77922885572139
Maui::Paunau,2025-08,1.5779622395833333,-4.934069215469161,-75.76851017267371,2.0,98.98762654668167
Maui::Paʻakea,2025-08,4.04947019562008,-10.553042914923722,-72.2686761863193,1.0,100.0
Maui::Paʻuwela,2025-08,0.6498648224257911,-3.0056374705362074,-82.22228382466106,1.0,100.0
Maui::Peahi,2025-08,1.1516133858700928,-5.554753320767371,-82.82805822815637,1.0,100.0
Maui::Polaiki,2025-08,0.18140707741885048,-0.6045456733603489,-76.91883166780671,6.0,100.0
Maui::Polanui,2025-08,0.03496943496343658,-0.14024788864015597,-80.04225025000919,7.0,100.0
Maui::Puaʻaluʻu,2025-08,2.8386826402559056,-5.074310302734375,-64.12630896163569,3.0,100.0
Maui::Puʻuhaoa,2025-08,4.044636266169854,-7.166643964426322,-63.92351111577938,3.0,100.0
Maui::Puʻuki,2025-08,0.42466209763482937,-1.4599136936114798,-77.46643570360247,3.0,100.0
Maui::Puʻuomāile,2025-08,1.9253434308870572,-7.13745133207226,-78.75552209616224,1.0,100.0
Maui::Pāhoa,2025-08,0.061156759111900036,-0.2138065071556512,-77.75820750820152,8.0,97.03703703703704
Maui::Pāpaʻaʻea,2025-08,2.018765426996186,-7.726875765742905,-79.285452982814,1.0,100.0
Maui::Pūehuehuiki,2025-08,0.1696837042260358,-0.5311613383255607,-75.78869879591913,9.0,100.0
Maui::Pūehuehunui,2025-08,0.4047640426840319,-1.2793290551659098,-75.96545920170395,6.0,98.56630824372759
Maui::Pūlehuiki,2025-08,0.28074855627359635,-1.0406791461958478,-78.75414933795153,9.0,67.54385964912281
Maui::Pūlehunui,2025-08,0.13088854974814731,-0.39583736115016877,-75.15053901090215,12.0,40.85274229902329
Maui::Pūʻou,2025-08,0.29742394845316733,-0.952404690539743,-76.2028217970084,6.0,100.0
Maui::Ukumehame,2025-08,0.5013236051223616,-1.4042339803813078,-73.69150064337448,11.0,62.4390243902439
Maui::Ulumalu,2025-08,0.994986155849837,-4.9854599141016465,-83.3626765593773,1.0,100.0
Maui::Wahikuli,2025-08,0.46662149641109024,-1.69023389958825,-78.36565690603985,2.0,100.0
Maui::Waiakoa,2025-08,0.2446165346695265,-0.8585674707461645,-77.82631605709761,8.0,39.02743142144639
Maui::Waiehu,2025-08,1.0690655191620269,-4.2419049522493655,-79.87061828122116,3.0,100.0
Maui::Waiheʻe,2025-08,1.7755188743496908,-5.85106350841887,-76.71933789948582,2.0,100.0
Maui::Waikapū,2025-08,0.6205285563472913,-1.7700913409639323,-74.04319452685843,10.0,40.32669729453803
Maui::Wailua,2025-08,5.140200370461505,-9.009046802092447,-63.671562820443015,3.0,100.0
Maui::Wailuaiki,2025-08,3.783352589044046,-12.149618314007137,-76.25456914429229,1.0,100.0
Maui::Wailuanui,2025-08,3.44773454105478,-11.880451974693251,-77.50722476195988,1.0,100.0
Maui::Wailuku,2025-08,0.6008212225981624,-1.92274054110857,-76.19153883059131,4.0,70.75718015665797
Maui::Waineʻe,2025-08,0.07542171628456416,-0.2525457697590505,-77.00329468801849,9.0,97.5
Maui::Waiohonu,2025-08,2.173835778197426,-3.4637822043646,-61.440527099895434,3.0,100.0
Maui::Waiohuli,2025-08,0.4061830379661293,-0.7657531948579626,-65.3408584366981,10.0,32.41404011461318
Maui::Waipiʻoiki,2025-08,1.7260160971814253,-6.640054147074542,-79.36885482922541,2.0,100.0
Maui::Waipiʻonui,2025-08,1.7300720558123597,-6.0491449036399745,-77.76033160111068,2.0,100.0
Maui::West Hanawana,2025-08,1.8680540756380062,-6.8896756710342855,-78.66965378387226,1.0,100.0
Maui::West Honomāʻele,2025-08,4.307895252250753,-7.208901034731068,-62.59467351072063,5.0,100.0
Maui::West Kaupakulua,2025-08,0.8274628771021416,-4.4870900784113665,-84.43024495138953,1.0,100.0
Maui::West Makaīwa,2025-08,2.0843978815586137,-10.432023086227833,-83.34669401961443,1.0,100.0
Maui::Wākiu,2025-08,2.4060780122211285,-3.80523268331693,-61.26295833261807,5.0,100.0
Maui::ʻAlae 1-2,2025-08,0.2720408144630115,-0.6542232243094857,-70.63031672658639,11.0,43.75
Maui::ʻAlae 3-4,2025-08,0.29999277052648693,-0.7946843139053421,-72.59531830958238,10.0,47.96747967479675
Maui::ʻAlaeiki,2025-08,3.1646784584666174,-5.846499679178287,-64.88052494217239,3.0,100.0
Maui::ʻAlaeloa,2025-08,0.834988364375806,-3.3144264935864536,-79.87696113890475,2.0,100.0
Maui::ʻAlaenui,2025-08,5.851534923975021,-11.202609540456152,-65.68848741618659,2.0,100.0
Maui::ʻUlaʻino,2025-08,3.9394044250328086,-6.987287599792213,-63.94696202581134,4.0,100.0
Maui::ʻŌmaʻopio,2025-08,0.28236490776808354,-0.7559915295942882,-72.80655297083287,11.0,37.142857142857146
Maui::ʻŌpana,2025-08,1.012851488256856,-5.491571812211513,-84.42826609725842,1.0,100.0
Molokaʻi::East ʻŌhiʻa,2025-08,1.3782118749743686,-3.967034447537319,-74.21612042142975,2.0,100.0
Molokaʻi::Honomuni,2025-08,2.6670263185842558,-7.747882168035488,-74.39222512602352,3.0,100.0
Molokaʻi::Honoulimaloʻo,2025-08,1.3434047603402381,-3.74071662700765,-73.57646173273176,3.0,100.0
Molokaʻi::Honouliwai,2025-08,1.5440547520482146,-4.355796093923284,-73.82891885982987,3.0,100.0
Molokaʻi::Hoʻolehua,2025-08,0.30012169698323204,-0.4976894261561395,-62.381861034694666,17.0,41.112828438948995
Molokaʻi::Hālawa,2025-08,1.234404441891151,-3.4936154446226153,-73.8917248336418,3.0,100.0
Molokaʻi::Kahananui,2025-08,1.3036848482318617,-3.8881994303934673,-74.88994788271664,2.0,100.0
Molokaʻi::Kahanui,2025-08,0.9444100666744372,-0.7136402357600035,-43.04092793277729,15.0,12.533537753928709
Molokaʻi::Kaiamiki,2025-08,1.4818520933937214,-3.2615575515066233,-68.75976977896342,3.0,100.0
Molokaʻi::Kainalu,2025-08,2.430265114781149,-7.007039482254516,-74.24831327851264,3.0,100.0
Molokaʻi::Kalamaʻula,2025-08,0.7748936129993028,-0.496330841945538,-39.04352532040253,17.0,0.11210762331838565
Molokaʻi::Kalaupapa,2025-08,0.6763050385016212,-0.9307381301745601,-57.91618721364314,12.0,55.3072625698324
Molokaʻi::Kalawao,2025-08,0.9971685216059473,-1.112830896913077,-52.740815336060884,9.0,70.08547008547008
Molokaʻi::Kaluako‘i,2025-08,0.38747941488262316,-0.6990813335766878,-64.33890922048771,9.0,100.0
Molokaʻi::Kalua‘aha,2025-08,1.4665329087503978,-4.405532821137061,-75.02526408575292,2.0,100.0
Molokaʻi::Kamalō,2025-08,0.8152321028487804,-1.8244450689808924,-69.11621953059857,2.0,100.0
Molokaʻi::Kamanoni,2025-08,2.2678333192359745,-6.5065442182886315,-74.1539122343741,3.0,100.0
Molokaʻi::Kamiloloa,2025-08,1.0029561230330246,-0.5147100965300531,-33.914578179003904,19.0,5.838509316770186
Molokaʻi::Kamiloloa (Government),2025-08,1.2456775952106975,-0.5759541009594045,-31.617483499563708,19.0,8.41683366733467
Molokaʻi::Kapa‘akea,2025-08,0.9415004969128057,-0.408121659918946,-30.239697670421677,20.0,0.0
Molokaʻi::Kapuaoko‘olau,2025-08,0.18315606045837074,-0.46825217523379004,-71.88306035711133,3.0,100.0
Molokaʻi::Kapulei,2025-08,0.924182834879005,-2.477878260864954,-72.83461969465584,2.0,100.0
Molokaʻi::Kaunakakai,2025-08,1.086207254868057,-0.4549741093517239,-29.521127098630167,21.0,0.0
Molokaʻi::Kawela,2025-08,1.1969904044112543,-1.5807244472045165,-56.90736924580375,7.0,59.97248968363136
Molokaʻi::Kaʻamola,2025-08,0.43458746303024165,-1.3907449783247454,-76.19132530687742,2.0,100.0
Molokaʻi::Ka‘ili‘ula,2025-08,2.131028062715305,-6.163458035686823,-74.30789517959609,3.0,100.0
Molokaʻi::Keawanui,2025-08,0.7991836828196769,-2.4090586584696934,-75.08967223160296,2.0,100.0
Molokaʻi::Keonekūʻino,2025-08,0.1279707906127289,-0.39105521725231585,-75.34405045729359,2.0,100.0
Molokaʻi::Keōpukaloa,2025-08,0.914499464319927,-2.5483211923865103,-73.59090882893926,3.0,100.0
Molokaʻi::Keōpukaʻuʻuku,2025-08,0.7745114403382093,-2.112403391108641,-73.1716560564399,4.0,100.0
Molokaʻi::Kumimi,2025-08,1.6264889267381617,-4.498253903259652,-73.44396374045402,3.0,100.0
Molokaʻi::Kīloa,2025-08,1.3779956487220104,-2.9849554347241023,-68.41597298786148,3.0,100.0
Molokaʻi::Kīpū,2025-08,0.4474327230655663,-0.5091350885826773,-53.22519557765554,16.0,0.0
Molokaʻi::Kūpeke,2025-08,1.9743275079201528,-5.764326681302288,-74.48745660880179,2.0,100.0
Molokaʻi::Lūpehu,2025-08,1.21854459206889,-3.392551527248593,-73.57364582004735,3.0,100.0
Molokaʻi::Makakupa‘ia,2025-08,1.2374050287611333,-0.7776306974339531,-38.59140993506467,17.0,27.09205020920502
Molokaʻi::Makanalua,2025-08,0.7544477938278892,-1.0161457013211548,-57.39011829113368,9.0,66.5625
Molokaʻi::Manawai,2025-08,1.3936168440370735,-4.090319363343554,-74.58728928754759,2.0,100.0
Molokaʻi::Mapulehu,2025-08,2.160699456025028,-6.419553695924728,-74.81776565608631,2.0,100.0
Molokaʻi::Moakea,2025-08,1.0092315273334973,-2.788571591514928,-73.42591240907933,3.0,100.0
Molokaʻi::Moanui,2025-08,1.7384992924017355,-4.934642965440185,-73.94781610779023,3.0,100.0
Molokaʻi::Mākolelau,2025-08,0.33943553097178103,-0.6631524994617372,-66.14406708755446,4.0,92.56410256410257
Molokaʻi::Nihoa,2025-08,0.5304579847440946,-0.5955712025559793,-52.89127575671504,16.0,0.0
Molokaʻi::Nāʻiwa,2025-08,0.3412874918026033,-0.4358706880423544,-56.08519595448512,19.0,13.782542113323123
Molokaʻi::Pelekunu,2025-08,1.6483602830019097,-3.6088496757714883,-68.64572090656044,3.0,100.0
Molokaʻi::Puaʻahala,2025-08,0.4992423915557105,-1.525482418030266,-75.34270389773128,2.0,100.0
Molokaʻi::Puna‘ula,2025-08,2.2267804483729083,-6.5768805075818175,-74.70619939234788,2.0,100.0
Molokaʻi::Pālāʻau,2025-08,0.30156021829451535,-0.5428778494973285,-64.28865185068247,14.0,46.36911087495572
Molokaʻi::Pōhakupili,2025-08,1.1075560287630062,-3.067195107081342,-73.47013048865243,3.0,100.0
Molokaʻi::Pūkoʻo 1,2025-08,1.9127009567834783,-5.6255968682930755,-74.62688525756073,2.0,100.0
Molokaʻi::Pūkoʻo 2,2025-08,1.3029716843561059,-3.825767182391996,-74.5946963140617,2.0,100.0
Molokaʻi::Pūniuʻōhua 1,2025-08,2.1829812357744833,-6.179076267352568,-73.89420923070497,3.0,100.0
Molokaʻi::Pūniuʻōhua 2,2025-08,2.293896669746116,-6.533815021321798,-74.01482116744779,3.0,100.0
Molokaʻi::Pūʻelelū,2025-08,2.290418997002816,-6.525542225007519,-74.01963394207712,3.0,100.0
Molokaʻi::Waialua,2025-08,1.967419417415413,-5.596493008522063,-73.98939455368469,3.0,100.0
Molokaʻi::Waikolu,2025-08,1.7184622325542416,-2.053949378180552,-54.4465872264793,8.0,87.1264367816092
Molokaʻi::Wailau,2025-08,2.036883277645393,-5.677058780995303,-73.59478121353273,3.0,100.0
Molokaʻi::Wawaeolepe,2025-08,1.2908585782856246,-2.748507602321194,-68.04304139389255,3.0,100.0
Molokaʻi::West ʻŌhiʻa,2025-08,1.0118595633919785,-2.988694558932086,-74.70701476714048,2.0,100.0
Molokaʻi::‘Aha‘ino 1,2025-08,2.415214913321382,-7.053800739507171,-74.4934953972759,2.0,100.0
Molokaʻi::‘Aha‘ino 2,2025-08,2.5945895685479696,-7.569724255659449,-74.47353935128731,2.0,100.0
Molokaʻi::‘Ualapu‘e,2025-08,1.0733445535494588,-3.254569755013534,-75.19949617704322,2.0,100.0
Molokaʻi::‘Ïloli,2025-08,0.7317111248106469,-0.8978731801190714,-55.098295767999275,12.0,26.674786845310592
Molokini::N/A,2025-08,0.25137097816767656,-0.3021975765078087,-54.590813360951095,15.0,0.0
Niʻihau::Waimea,2025-08,,,,,100.0
Oʻahu::Aukuʻu,2025-08,0.3808524889088024,-1.4641392167943503,-79.35749587754087,5.0,100.0
Oʻahu::Hakipuʻu,2025-08,1.7239518339016218,-3.0681359227069267,-64.02503623761483,2.0,100.0
Oʻahu::Haleʻaha,2025-08,0.923485342911848,-2.3032684326171875,-71.38035911152099,1.0,100.0
Oʻahu::Hanakaʻoe,2025-08,0.5460914392362507,-2.506684247040967,-82.11164214616124,1.0,100.0
Oʻahu::Hauʻula,2025-08,1.861495196179313,-5.62090011520222,-75.12166734430915,1.0,100.0
Oʻahu::Heʻeia,2025-08,1.1722744613722809,-3.0981219189994,-72.54881381127787,1.0,100.0
Oʻahu::Honolulu,2025-08,0.8723630720218276,-4.287206859336407,-83.09232971686495,1.0,100.0
Oʻahu::Honouliuli,2025-08,0.22734194709067457,-1.0788903530779077,-82.59559597007869,1.0,100.0
Oʻahu::Honouliuli-1,2025-08,,,,,100.0
Oʻahu::Honouliuli-2,2025-08,,,,,100.0
Oʻahu::Hālawa,2025-08,0.9409892716739466,-3.336851042013522,-78.0031697615468,1.0,100.0
Oʻahu::Hōʻaeʻae,2025-08,0.21702542590212306,-1.0212257913272507,-82.4732313699861,2.0,100.0
Oʻahu::Kahaluʻu,2025-08,1.5497909179866325,-3.8251708134956965,-71.1664753088535,1.0,100.0
Oʻahu::Kahana,2025-08,3.712474571297739,-6.885717556528696,-64.97068059796418,2.0,100.0
Oʻahu::Kahanahāiki,2025-08,0.39719368477932626,-1.186809564370638,-74.9246925476652,6.0,100.0
Oʻahu::Kahauiki,2025-08,0.5663391831468968,-2.868758505934542,-83.51315641045602,1.0,100.0
Oʻahu::Kahuku,2025-08,0.5040188045952264,-2.1864857270648788,-81.26675503927753,1.0,100.0
Oʻahu::Kailua,2025-08,0.7451708668470084,-2.5803892790981244,-77.59262096776094,1.0,100.0
Oʻahu::Kaipapaʻu,2025-08,2.3922523433144907,-7.541137805891141,-75.9170604659498,1.0,100.0
Oʻahu::Kalauao,2025-08,1.3092614868190042,-4.13228608314269,-75.93953797176451,1.0,100.0
Oʻahu::Kalihi,2025-08,1.0787451007100675,-4.646901803290214,-81.15941973375286,1.0,100.0
Oʻahu::Kaluanui,2025-08,2.2109391477432507,-5.777113477880695,-72.32192561362157,1.0,100.0
Oʻahu::Kamananui,2025-08,0.9211531417515197,-2.9185091668483416,-76.00952720012975,1.0,100.0
Oʻahu::Kapaeloa,2025-08,0.5586462829222333,-2.7561693779016436,-83.14698794492286,1.0,100.0
Oʻahu::Kapaka,2025-08,1.0249877760066872,-2.9178386509777385,-74.0037306995879,2.0,100.0
Oʻahu::Kapano,2025-08,1.0297989532390606,-2.539637908535054,-71.14954002219778,1.0,100.0
Oʻahu::Kapālama,2025-08,0.41938319879243924,-2.560564486363348,-85.92649123065009,1.0,100.0
Oʻahu::Kaunala,2025-08,0.7123926455158477,-3.4077222092240445,-82.70939838737038,1.0,100.0
Oʻahu::Kawaihāpai,2025-08,0.37734840987752166,-1.2789881413493598,-77.21789031353488,4.0,100.0
Oʻahu::Kawailoa,2025-08,1.5367664733485642,-5.395065995471484,-77.83029984840132,1.0,100.0
Oʻahu::Kawela,2025-08,0.5005774910994403,-2.318245094279292,-82.24161060380523,1.0,100.0
Oʻahu::Kaʻalaea,2025-08,2.0874583247707017,-4.272244618386043,-67.17679515177863,1.0,100.0
Oʻahu::Kaʻaʻawa,2025-08,1.3702298382135827,-2.5378271868848428,-64.93833561246274,2.0,100.0
Oʻahu::Kaʻena,2025-08,0.3453359018426417,-0.9122462203200126,-72.53969376975795,5.0,100.0
Oʻahu::Keana,2025-08,0.6510603510600199,-2.8445035108133725,-81.3746686718779,1.0,100.0
Oʻahu::Keawaʻula,2025-08,0.3406069044547115,-0.8674970264015878,-71.80648984286553,6.0,100.0
Oʻahu::Keaʻau,2025-08,0.30791161618944335,-0.9132378915392598,-74.78510090364378,6.0,100.0
Oʻahu::Keālia,2025-08,0.37264960680344006,-1.1474306838534272,-75.484873457414,4.0,100.0
Oʻahu::Kikahi,2025-08,0.384613868902843,-1.4102646788996256,-78.57159363937248,4.0,100.0
Oʻahu::Kualoa 1,2025-08,1.1403227478187543,-1.9894411182153258,-63.5652146095057,2.0,100.0
Oʻahu::Kualoa 2,2025-08,1.0091185081662155,-1.7628298781988192,-63.595335572264666,2.0,100.0
Oʻahu::Kuikuiloloa,2025-08,0.6308323560418624,-2.9484910723154303,-82.37565370471764,1.0,100.0
Oʻahu::Kuliʻouʻou,2025-08,0.4687329195083063,-1.9026685131435876,-80.23392779247287,1.0,100.0
Oʻahu::Kāneʻohe,2025-08,0.9135792072582409,-2.678143143287155,-74.56431432904284,1.0,100.0
Oʻahu::Lauhulu,2025-08,0.6324016919251467,-2.869272262648891,-81.94001782778558,1.0,100.0
Oʻahu::Lāʻiemaloʻo,2025-08,1.5898476885082582,-5.806679822534569,-78.5054853627644,1.0,100.0
Oʻahu::Lāʻiewai,2025-08,1.081671767347441,-4.350583374343832,-80.08797931735816,1.0,100.0
Oʻahu::Makaua 1,2025-08,0.9560401045431303,-1.8534802264115942,-65.97141177411409,1.0,100.0
Oʻahu::Makaua 2,2025-08,0.9700240488127461,-1.9072621262918308,-66.28684149648446,1.0,100.0
Oʻahu::Malaekahana,2025-08,0.98994402201243,-4.243598903622821,-81.08462974167219,1.0,100.0
Oʻahu::Maunalua,2025-08,0.2649593394019334,-1.0132177940023577,-79.2705304705114,2.0,100.0
Oʻahu::Moanalua,2025-08,0.6627763022740799,-2.837897375638047,-81.06717839894824,1.0,100.0
Oʻahu::Mokulēʻia 1,2025-08,0.3857790082241824,-1.674398969453488,-81.27448150576532,4.0,100.0
Oʻahu::Mokulēʻia 2,2025-08,0.38817911618681844,-1.587233879912854,-80.34947036628526,5.0,100.0
Oʻahu::Mākaha,2025-08,0.35866853470227567,-1.2869609044870414,-78.20478133406718,5.0,100.0
Oʻahu::Mākao,2025-08,1.0355957730292593,-3.033455566755771,-74.54945424493047,2.0,100.0
Oʻahu::Mākua,2025-08,0.43776994081537507,-1.4104091930428928,-76.31344641893644,6.0,100.0
Oʻahu::Mānana,2025-08,1.0525583327740993,-3.191084107872525,-75.19681859403508,1.0,100.0
Oʻahu::N/A,2025-08,0.1472465455062746,-1.000734969011442,-87.17343932422685,1.0,100.0
Oʻahu::Nānākuli,2025-08,0.31030353668524685,-1.2510541641712964,-80.12604437054893,3.0,100.0
Oʻahu::Pahipahiʻālua,2025-08,0.5557766877127943,-2.6256083016914324,-82.53035424622175,1.0,100.0
Oʻahu::Papaʻakoko,2025-08,0.9493559990029323,-2.4118220211639807,-71.75525981346897,1.0,100.0
Oʻahu::Paumalū,2025-08,0.6625021370730647,-3.2628130013134014,-83.12231977009132,1.0,100.0
Oʻahu::Paʻalaʻa,2025-08,0.8862440119129956,-3.048499694638044,-77.47644883610923,1.0,100.0
Oʻahu::Puheʻemiki,2025-08,0.8973758427176889,-2.1496033856249235,-70.54867212843419,1.0,100.0
Oʻahu::Punalau,2025-08,0.3393852053664801,-1.4567823635311576,-81.10503656544856,1.0,100.0
Oʻahu::Punaluʻu,2025-08,3.2504228913061515,-6.790732558282048,-67.62899541168387,1.0,100.0
Oʻahu::Punanue,2025-08,0.5808418859297748,-2.791066724200582,-82.7740916766033,1.0,100.0
Oʻahu::Pūpūkea,2025-08,0.5151918199327258,-2.670115239768308,-83.825991960063,1.0,100.0
Oʻahu::Ulupehupehu,2025-08,0.3769359188129896,-1.6438427872545138,-81.34699669581741,1.0,100.0
Oʻahu::Waialeʻe,2025-08,0.5185448135233984,-2.5025330682097797,-82.83576809923511,1.0,100.0
Oʻahu::Waiau,2025-08,1.4727043091781495,-4.267301784725641,-74.34315774085599,1.0,100.0
Oʻahu::Waiawa,2025-08,1.6425224224467754,-4.407353140478715,-72.8503106326287,1.0,100.0
Oʻahu::Waiheʻe,2025-08,2.404964295516246,-5.497090127668837,-69.56532862568065,1.0,100.0
Oʻahu::Waikane,2025-08,2.9012089332772417,-5.123525358378841,-63.846666720244606,2.0,100.0
Oʻahu::Waikele,2025-08,0.2483263516482139,-1.1972900827940745,-82.82211340907888,1.0,100.0
Oʻahu::Waikīkī,2025-08,0.7053894097925141,-3.2627974590927358,-82.22388629619468,1.0,100.0
Oʻahu::Waimalu,2025-08,1.7265409740247488,-4.9470140047223765,-74.12861691372647,1.0,100.0
Oʻahu::Waimano,2025-08,1.9633178176946633,-5.160033503299067,-72.43828460476979,1.0,100.0
Oʻahu::Waimea,2025-08,1.2012526144192914,-5.346192175196851,-81.65310815106976,1.0,100.0
Oʻahu::Waimānalo,2025-08,0.4454665033910709,-1.7312000597302017,-79.53446288290083,2.0,100.0
Oʻahu::Waipiʻo-1,2025-08,1.453767774231576,-4.007182189743515,-73.378848298889,1.0,100.0
Oʻahu::Waipiʻo-2,2025-08,,,,,100.0
Oʻahu::Waiāhole,2025-08,2.8878877570360717,-5.34850396194669,-64.93746466210155,1.0,100.0
Oʻahu::Waiʻanae,2025-08,0.559798644935942,-1.9941226483096524,-78.0808184490081,1.0,100.0
Oʻahu::Waiʻono,2025-08,1.4383523659329516,-3.5044071140166437,-70.89981068737701,1.0,100.0
Oʻahu::ʻAiea,2025-08,0.6806906825959946,-2.580712049003295,-79.12889824979679,1.0,100.0
Oʻahu::ʻŌhikilolo,2025-08,0.28006913793368604,-0.7900219053734007,-73.82754115312095,6.0,100.0
Oʻahu::ʻŌiʻo 1,2025-08,0.6677778349148008,-3.0160661432060984,-81.87279811846349,1.0,100.0
Oʻahu::ʻŌiʻo 2,2025-08,0.5749751107863802,-2.6182239460495285,-81.99375921912885,1.0,100.0
Oʻahu::ʻŌpana 1,2025-08,0.4695960918436526,-2.190808023367654,-82.34869322451208,1.0,100.0
Oʻahu::ʻŌpana 2,2025-08,0.4518913409215572,-2.115619389090951,-82.39963184421217,1.0,100.0
