division_full,date,mean,anomaly,pchange,rank,ytd_pnormal
Hawai‘i::Aamakao,2025-03,7.032594747481162,-1.9634417862585734,-21.82563153111554,40.0,68.57205440984458
Hawai‘i::Alakahi,2025-03,10.72511413368251,-4.662462541303428,-30.300174223552258,40.0,50.133422512786474
Hawai‘i::Aleamai,2025-03,9.791865311269685,-4.211854194495219,-30.07668207551092,40.0,50.56301766903778
Hawai‘i::Alia,2025-03,11.057374542049432,-4.8064774373906385,-30.298299830456987,40.0,50.055597151486694
Hawai‘i::Alilipali,2025-03,7.894049108847986,-4.927560042124515,-38.431681890340315,37.0,45.84417175250571
Hawai‘i::Hakalau,2025-03,15.712968877648574,-6.9242777806747675,-30.58798574396778,39.0,48.38989878351551
Hawai‘i::Halawa,2025-03,6.124069574311024,-1.8697542445866144,-23.38998565575663,39.0,68.92449450307546
Hawai‘i::Halelua,2025-03,5.464049011390666,-1.7580391791236059,-24.342532696189895,39.0,68.726964320123
Hawai‘i::Hanaula,2025-03,5.333547173790777,-1.3471549365988338,-20.164870612982163,39.0,74.21913168114578
Hawai‘i::Hanawī,2025-03,15.463322139879574,-5.941437007874013,-27.75755133174466,41.0,50.704873245867866
Hawai‘i::Hapahapai,2025-03,5.562490036181657,-1.4674635844100035,-20.874441904020664,38.0,73.2763881195742
Hawai‘i::Haʻakoa,2025-03,10.439380753531728,-5.534155714451135,-34.6457763159944,34.0,44.10380513933749
Hawai‘i::Honokaia,2025-03,4.831811632619153,-3.420880627414866,-41.45169260680471,40.0,47.4626475920731
Hawai‘i::Honokeʻā,2025-03,9.664502996695726,-4.6327721695223385,-32.403182534170995,41.0,56.63458951973347
Hawai‘i::Honokoa,2025-03,3.0697187848368754,-1.1131393117820956,-26.611931030647508,37.0,71.65677163108882
Hawai‘i::Honokāne Iki,2025-03,9.889223751936234,-4.375079415822254,-30.671525726620967,40.0,58.36889147168808
Hawai‘i::Honokāne Nui,2025-03,9.463393873251196,-3.94283607920592,-29.41047627251292,40.0,60.72852851160433
Hawai‘i::Honokōhau,2025-03,2.147932615926526,-0.6029843840987925,-21.919395753970143,29.0,138.76748798248778
Hawai‘i::Honoliʻi,2025-03,14.35105395279947,-5.85800769976367,-28.987034630678615,39.0,50.22228387356647
Hawai‘i::Honomu,2025-03,16.235542642901546,-6.630388178245813,-28.996799780893923,40.0,49.58745949375694
Hawai‘i::Honopue,2025-03,10.43427668368058,-5.276409853842939,-33.584845838790834,38.0,54.78605638481899
Hawai‘i::Hualua,2025-03,4.030444807356161,-0.994156705880191,-19.785782081649167,45.0,76.36815151620509
Hawai‘i::Hāloa,2025-03,4.677218082114736,-2.385517937489957,-33.77611637852884,33.0,57.349359846175496
Hawai‘i::Hīlea,2025-03,4.597243085984099,-1.424604474300434,-23.65726564876912,45.0,73.87461314465334
Hawai‘i::Kaapoko,2025-03,9.354557427834338,-3.8516025092658097,-29.16519660227254,40.0,51.2931025068172
Hawai‘i::Kahaupu,2025-03,5.610272807459677,-4.00876983882874,-41.675351552532675,39.0,46.18145333503605
Hawai‘i::Kahawailiili,2025-03,4.639031249269843,-3.27908508376364,-41.41243884083477,37.0,47.17884710929074
Hawai‘i::Kahoʻopuʻu,2025-03,7.866818771676979,-5.089262828962786,-39.28087971220774,39.0,48.25531569808603
Hawai‘i::Kaieie,2025-03,13.93641647261699,-5.234896383474169,-27.30588365423771,41.0,51.141587814611775
Hawai‘i::Kaimu,2025-03,9.400817910060653,-5.558570265947543,-37.15773800737623,40.0,51.46450970824008
Hawai‘i::Kainapahoa,2025-03,6.395786913158311,-4.129225266341551,-39.232498698521866,42.0,48.29869865059883
Hawai‘i::Kaiwiki,2025-03,10.956379548510952,-6.6190305361737,-37.66074591876279,34.0,42.93494494307735
Hawai‘i::Kaiwilahilahi,2025-03,9.633254684627838,-5.202752261721857,-35.06841349249948,34.0,43.847478381861904
Hawai‘i::Kalaoa,2025-03,11.039695543852705,-4.55414037759971,-29.20474731515282,40.0,50.73409013153649
Hawai‘i::Kalapahapuʻu,2025-03,7.943069341244317,-4.81865417406011,-37.758647319708544,35.0,45.51245065900796
Hawai‘i::Kalele,2025-03,6.7295120519603016,-3.11437331472482,-31.63764305164364,39.0,58.70417198139085
Hawai‘i::Kaluahine Falls,2025-03,6.950889374412804,-4.6802968029986145,-40.23920459710361,40.0,46.782346673774036
Hawai‘i::Kalōpā,2025-03,3.121141679307765,-2.0248671131970144,-39.34830263302808,38.0,50.21667685351363
Hawai‘i::Kamakoa,2025-03,1.408727394911161,-0.5572712055357174,-28.345452810040033,40.0,92.33076363432102
Hawai‘i::Kaohaoha,2025-03,10.543177064692198,-5.836650290428896,-35.6331612286749,36.0,43.98299098388386
Hawai‘i::Kapehu,2025-03,10.930594640678718,-4.773597137698237,-30.396961556920015,40.0,49.272273272595434
Hawai‘i::Kapehu Camp,2025-03,11.560471902682087,-5.49932524913878,-32.23558404709292,34.0,45.79846817075015
Hawai‘i::Kapua,2025-03,4.283562307282696,-1.154522933359221,-21.23032064173639,42.0,74.81017864279681
Hawai‘i::Kapue,2025-03,14.222059570858587,-5.689513607614067,-28.573903009156858,39.0,50.38155764515956
Hawai‘i::Kapulena,2025-03,6.586279241111679,-3.927826883414978,-37.35768725267463,40.0,49.06272349801526
Hawai‘i::Kapāpala,2025-03,4.106763885146173,-0.933440901449937,-18.519900301121176,46.0,74.22156396102825
Hawai‘i::Kaumoali,2025-03,4.687044217460106,-3.0814876622943315,-39.66628070774856,40.0,47.737472381662876
Hawai‘i::Kaunā,2025-03,2.1668821199830313,-0.4167263501453742,-16.129624707595998,46.0,99.62654139239206
Hawai‘i::Kawaihae,2025-03,2.2950160170910294,-0.9605129902351575,-29.504052584806818,37.0,75.28460434983388
Hawai‘i::Kawaikalia,2025-03,6.550830100741084,-3.795458328508568,-36.684250148860656,40.0,49.35624197950258
Hawai‘i::Kawainui,2025-03,17.044770018501787,-6.651492782152232,-28.069796651515233,40.0,50.35272222579653
Hawai‘i::Kawela,2025-03,6.53458580535506,-3.59027549941674,-35.459996846817646,40.0,49.93064805994576
Hawai‘i::Kaʻahakini,2025-03,10.118501607417416,-3.790230862414388,-27.25072806336193,37.0,52.134140415609885
Hawai‘i::Kaʻaheiki,2025-03,10.979085072861988,-4.991529836846565,-31.254462430323887,35.0,47.135951285595496
Hawai‘i::Kaʻala,2025-03,8.200179506370297,-4.971301194772529,-37.742918260823885,34.0,43.75413551559191
Hawai‘i::Kaʻawaliʻi,2025-03,9.383984160410181,-5.473877674811,-36.841624558891404,35.0,42.97812767234579
Hawai‘i::Kaʻula,2025-03,5.627346927827742,-3.194711045079674,-36.212764129306876,33.0,45.669780495776976
Hawai‘i::Keaakaukau,2025-03,6.500657449557087,-3.5643020818686733,-35.41297976151693,41.0,49.832357360922956
Hawai‘i::Keahua,2025-03,8.065744550999794,-5.0834388274450895,-38.65973027479592,37.0,46.817536600331714
Hawai‘i::Kealahewa,2025-03,3.5471267538763054,-0.8214371271115888,-18.803367639569263,46.0,78.36303306685953
Hawai‘i::Kealakaha,2025-03,9.713838453170329,-5.869610087287608,-37.665668623019194,35.0,43.55525665829571
Hawai‘i::Kealakekua,2025-03,1.8785103653879225,-0.48207414231613654,-20.421812510538302,30.0,119.39440881330334
Hawai‘i::Keauhou Point,2025-03,5.699113288354517,-1.0655318840461323,-15.751482256503845,50.0,65.54927012329655
Hawai‘i::Keawanui,2025-03,2.410440760334646,-0.5941395997375327,-19.774461939279263,41.0,79.32901933467006
Hawai‘i::Kekualele,2025-03,10.12629993358945,-6.110920665851751,-37.63526293448311,36.0,44.57792713655583
Hawai‘i::Keāhole,2025-03,1.477782612558752,-0.36687449719808485,-19.888492840083778,34.0,140.841382402168
Hawai‘i::Keʻehia,2025-03,10.579403587735127,-6.310304656742128,-37.3618334041118,36.0,43.775183556348466
Hawai‘i::Kihalani,2025-03,11.953198173974473,-5.682437849250698,-32.221337760471116,34.0,45.57034713306074
Hawai‘i::Kilauea,2025-03,6.769220075942043,-2.1608341836825815,-24.19732423634134,41.0,57.74888791207482
Hawai‘i::Kiʻilae,2025-03,2.0743226648828266,-0.4065357763217552,-16.38689937199164,38.0,113.71370344920008
Hawai‘i::Kiʻolakaʻa,2025-03,2.8052643116665665,-0.8111905139724107,-22.430544637843905,43.0,88.44567305859607
Hawai‘i::Koholālele,2025-03,4.978473406389488,-2.943345367433171,-37.15491923596309,38.0,47.90527970901523
Hawai‘i::Kolekole,2025-03,14.169788711701443,-6.003156841821539,-29.758454589062993,38.0,49.33095224608803
Hawai‘i::Kukui,2025-03,8.500925499623216,-4.939697145477055,-36.75199636140222,40.0,50.650555381899224
Hawai‘i::Kukuilamalamahii,2025-03,7.888324250116941,-5.131358962052703,-39.41231809124483,39.0,46.0632709877015
Hawai‘i::Kulanakiʻi,2025-03,13.182877231343953,-6.32091903595502,-32.40866008507782,35.0,45.940069389437795
Hawai‘i::Kumakua,2025-03,4.700317157031127,-1.1746241140080844,-19.993801806980557,40.0,74.73454825527178
Hawai‘i::Kuwaikahi,2025-03,11.402821985331471,-5.299519681070613,-31.72920173062298,34.0,46.175345689908795
Hawai‘i::Kāʻilikaula,2025-03,9.668769359367763,-4.800747778195923,-33.17835510718537,41.0,55.07007505154758
Hawai‘i::Kīholo,2025-03,1.4935287945138362,-0.3686278417464466,-19.795748358030266,38.0,109.48426758394454
Hawai‘i::Kīlau,2025-03,11.804197165736566,-6.282993045734271,-34.737253118229596,34.0,43.59338639706994
Hawai‘i::Kīlauea Crater,2025-03,5.2551051287959245,-1.0859141772354786,-17.12523057929483,49.0,66.83821695667385
Hawai‘i::Kōlealiʻiliʻi,2025-03,9.02045479563821,-4.805992686101327,-34.75941808225546,41.0,52.606145246312785
Hawai‘i::Kūkaʻiau,2025-03,9.6078085454162,-5.880614776668541,-37.96780766111583,35.0,44.966332366939895
Hawai‘i::Kūpapaʻulua,2025-03,11.263337033598784,-6.806540661909448,-37.66788451258529,35.0,43.243325257741546
Hawai‘i::Lamimaumau,2025-03,3.5807094852889487,-1.786929496361783,-33.290791397677815,32.0,59.021686695268514
Hawai‘i::Lapakahi,2025-03,3.163066585194509,-0.7280863296914792,-18.711326581541254,41.0,79.13375338052691
Hawai‘i::Laupāhoehoe,2025-03,11.992049594978006,-6.564799620392961,-35.37669323171102,34.0,43.20485425927826
Hawai‘i::Laʻimi,2025-03,12.25640802896893,-5.181240772637796,-29.712955178684354,40.0,49.39712579852929
Hawai‘i::Makahanaloa,2025-03,9.413896271783813,-4.323271362248148,-31.471344584438445,40.0,50.05532394930751
Hawai‘i::Malanahae,2025-03,6.57833554874584,-3.9212436708539657,-37.34667446038304,41.0,49.482292011795955
Hawai‘i::Manoloa,2025-03,13.720073870160762,-6.539901933645014,-32.279909892175255,35.0,46.14120735982657
Hawai‘i::Manowaiʻōpae,2025-03,12.316733987617047,-6.280993753657695,-33.772909470644706,34.0,44.24982800864984
Hawai‘i::Manuwaikaalio,2025-03,7.629858302319144,-4.909994290569635,-39.15511968102434,41.0,48.28476287034024
Hawai‘i::Maulua,2025-03,13.362804233146843,-6.758122776799283,-33.587531893826885,34.0,44.74945152617724
Hawai‘i::Māhukona,2025-03,2.986704769148175,-0.6766234565139584,-18.470183801006833,43.0,79.1004594962332
Hawai‘i::Mākea,2025-03,10.178820261682644,-4.519909705580281,-30.750341802639024,40.0,49.48360605724635
Hawai‘i::Māʻili,2025-03,13.39271440193892,-5.519624945951483,-29.18531041781024,40.0,49.769376267847605
Hawai‘i::Nakooko,2025-03,10.263641583154378,-5.605575936530663,-35.32358120100882,41.0,52.80754568785676
Hawai‘i::Naluea,2025-03,8.077046552042324,-5.198365218996063,-39.15784541114428,39.0,48.442062248017834
Hawai‘i::Nienie,2025-03,7.130134458256931,-4.364010029033187,-37.96724526874339,41.0,48.44188960679389
Hawai‘i::Niuliʻi,2025-03,6.9328006362485946,-2.3333856949521925,-25.181726457359222,39.0,64.49209371678786
Hawai‘i::Nānue,2025-03,15.340696862748329,-7.273634916647447,-32.16382861807376,37.0,46.75994990857732
Hawai‘i::Nāʻālehu,2025-03,3.2965846920502124,-1.4242814985040932,-30.169918845695133,43.0,73.08761936449334
Hawai‘i::Nīnole,2025-03,13.420609826115488,-6.455157070209971,-32.47752453468033,36.0,46.12614158004863
Hawai‘i::Ohanaula,2025-03,4.21164353301718,-1.1926058070866148,-22.067927144599686,41.0,74.03854862998682
Hawai‘i::Ohiahuea,2025-03,10.581571590660543,-5.604351213910762,-34.62484828067977,38.0,54.108885267549326
Hawai‘i::Onomea,2025-03,10.73629544475886,-4.687663401205709,-30.39208965752759,40.0,50.12206168897669
Hawai‘i::Ouhi,2025-03,6.555370153926073,-3.7168605267115042,-36.18357728003053,42.0,48.26104376326823
Hawai‘i::Pae,2025-03,8.683181722645998,-5.315270131028544,-37.97041406141856,41.0,49.8062742989847
Hawai‘i::Paeohe,2025-03,12.660250785230431,-6.166951478549098,-32.755538460503544,34.0,45.31166124932849
Hawai‘i::Pali Akamoa,2025-03,4.976108291050095,-1.5026567113681102,-23.193567150641243,37.0,71.02283749585446
Hawai‘i::Paopao,2025-03,9.232230065480097,-5.388813702974629,-36.856559547418435,41.0,50.84611296551886
Hawai‘i::Papuaa,2025-03,7.368223065847432,-4.292066417517737,-36.809261242106345,40.0,48.320312037851274
Hawai‘i::Paukaa,2025-03,9.894922792775272,-4.026083545331154,-28.920923154171863,40.0,51.05865319301807
Hawai‘i::Paʻauilo,2025-03,8.219262706620542,-4.9503429955274445,-37.58915116737348,36.0,45.92256836782067
Hawai‘i::Peleau,2025-03,10.079501414862206,-4.6280957800196845,-31.46738191626719,38.0,47.54697888261131
Hawai‘i::Pohakuhaku,2025-03,7.7393114865128245,-4.793940516098854,-38.24977360305125,36.0,45.933362714450745
Hawai‘i::Pololū,2025-03,8.037927556576786,-2.916531317269019,-26.62414776354084,40.0,62.33542186742491
Hawai‘i::Poupou,2025-03,10.817069082185041,-4.904040046751968,-31.193982603462516,35.0,47.159785899381724
Hawai‘i::Punalulu,2025-03,9.010856346532405,-5.292324017640825,-37.00102972131358,41.0,51.23766870369783
Hawai‘i::Puuokalepa,2025-03,10.990209283050147,-4.3787637924782405,-28.49093280962559,41.0,51.06723148843594
Hawai‘i::Puʻumaile,2025-03,5.781227475294282,-3.390393073202498,-36.96612888938346,36.0,46.04538674939052
Hawai‘i::Pāhala,2025-03,3.9355959515755723,-1.0680817304254075,-21.345933897130635,49.0,72.95795095938863
Hawai‘i::Pāhale,2025-03,12.27975897544057,-6.393523929625987,-34.23888537505772,34.0,44.048017715646516
Hawai‘i::Pāheʻeheʻe,2025-03,13.10062804649419,-5.58202929711911,-29.87813347134655,40.0,49.046447145345205
Hawai‘i::Pāhoehoe,2025-03,15.850141465646645,-6.174644237352856,-28.034979865942333,40.0,50.48123891248816
Hawai‘i::Pāpaʻikou,2025-03,9.817897045706202,-3.9696909987081703,-28.791772614038695,40.0,51.2744911343484
Hawai‘i::Pōhakuloa,2025-03,1.8452914789496202,-0.24383592943116672,-11.671663894360366,45.0,96.03781571488634
Hawai‘i::Pōhakupuka,2025-03,12.749628554591505,-6.373388052309545,-33.32836122732613,34.0,45.2116556586543
Hawai‘i::Pūkoʻa,2025-03,7.44943053077838,-4.780314554796861,-39.08760584417376,40.0,48.31710282712402
Hawai‘i::Pūkīhae,2025-03,13.083885541132098,-5.486886391167886,-29.54581754151313,40.0,49.61768904571262
Hawai‘i::South Point,2025-03,1.9527832127926104,-0.7932137421183691,-28.88618433096856,40.0,82.78430622420488
Hawai‘i::Umauma,2025-03,8.563791369445385,-3.866136029392031,-31.10344819675805,37.0,48.976591539019395
Hawai‘i::Waiaalala,2025-03,8.296881802222138,-4.917526014063448,-37.21336651955779,40.0,50.18638260645477
Hawai‘i::Waiaama,2025-03,16.82846558719032,-6.7924488669099325,-28.75607919460062,40.0,50.052106414646616
Hawai‘i::Waiehu,2025-03,11.457415054775764,-5.235914565324373,-31.36530988413422,37.0,47.14545582665197
Hawai‘i::Waikaalulu,2025-03,7.265082628328425,-4.858450385436075,-40.07454246150866,39.0,46.448060587724434
Hawai‘i::Waikaloa,2025-03,10.309639096375795,-5.745004162846511,-35.78406614264939,39.0,53.0980805969163
Hawai‘i::Waikama,2025-03,7.217983773233703,-2.4832913603433493,-25.59757687675961,40.0,63.57358073643072
Hawai‘i::Waikaumalo,2025-03,9.228653070136026,-4.526040028586834,-32.905423596889136,36.0,46.51572089134536
Hawai‘i::Waikoekoe,2025-03,6.783742650245329,-4.350222122348396,-39.07163540750979,40.0,47.57176383768863
Hawai‘i::Waikoloa 1.0,2025-03,3.8501916621149523,-2.890105327128581,-42.8780116327328,37.0,47.58072066853592
Hawai‘i::Waikoloa 2.0,2025-03,2.590802440321335,-1.4495513491136967,-35.87684209496885,32.0,63.51828755160781
Hawai‘i::Waikolu,2025-03,10.38880355714813,-4.697811897658301,-31.138938430101167,36.0,47.32543521932793
Hawai‘i::Wailoa,2025-03,10.064909091823292,-4.004946400378115,-28.46473016441401,38.0,51.500112441034204
Hawai‘i::Wailoa/Waipio,2025-03,8.030909783586619,-4.709472400842497,-36.964922501290914,35.0,52.84490703705794
Hawai‘i::Wailuku,2025-03,8.039433384993373,-3.3113377492783904,-29.172799892690616,40.0,53.6692939514377
Hawai‘i::Waimaauou,2025-03,10.051750123031496,-4.503532517419698,-30.9408798761746,41.0,50.07602518501898
Hawai‘i::Waimaile,2025-03,8.53806959737943,-4.902723417507383,-36.476444597258535,40.0,50.81833221610197
Hawai‘i::Waimanu,2025-03,9.736281189283158,-5.950557316699049,-37.93343900639885,39.0,51.496854452518114
Hawai‘i::Wainaia,2025-03,6.149978453795397,-1.661678843227743,-21.271783695131816,39.0,72.41331192411846
Hawai‘i::Wainaku,2025-03,10.348125207715514,-4.40503386561765,-29.8582415042206,40.0,49.97120915627709
Hawai‘i::Waipahi,2025-03,8.46641730974619,-3.9315573496921594,-31.71128718753379,40.0,58.260488042408674
Hawai‘i::Waipunahina,2025-03,5.195026985731878,-3.2807354565121605,-38.70726060183861,40.0,47.635925790617115
Hawai‘i::Waipunahoe,2025-03,4.630506003112216,-3.054210495205208,-39.74395797000358,40.0,49.65569588006152
Hawai‘i::Waipunalau,2025-03,7.134772080356275,-4.423023104099834,-38.268744457838174,38.0,46.41203700514953
Hawai‘i::Waipunalei,2025-03,10.92122340112547,-5.597687342198736,-33.88654027603443,34.0,44.84696590025359
Hawai‘i::Waipāhoehoe,2025-03,7.706811051583752,-5.003251247091982,-39.364490350399564,41.0,48.12054121274449
Hawai‘i::Waiulili,2025-03,2.8691560039370083,-1.8303579732159463,-38.94781422322332,37.0,53.89071074417656
Hawai‘i::Waiʻaha,2025-03,1.9213759304170253,-0.4840237748820273,-20.122384392736542,28.0,125.66364911906128
Hawai‘i::Waiʻaleʻale,2025-03,6.60412886011319,-4.027533209960082,-37.88244193066536,41.0,48.455976489503115
Hawai‘i::Waiʻāpuka,2025-03,9.577743379119571,-5.3212380887652415,-35.71544873879684,40.0,51.84055943723737
Hawai‘i::Āhole,2025-03,12.786208218900814,-6.011532218376935,-31.980078874030422,35.0,46.399520505435994
Hawai‘i::ʻĀʻāmanu,2025-03,8.471044686229998,-5.032731090852806,-37.269065881513164,36.0,45.82236580841988
Hawai‘i::ʻŌpeʻa,2025-03,12.564385729070173,-5.744805688638644,-31.376621487949574,38.0,47.28708056882832
Kaho‘olawe::Ahupū,2025-03,0.3613604930618649,-0.9587256441014284,-72.62599137368527,25.0,101.75441642050629
Kaho‘olawe::Ahupūiki,2025-03,0.2957971898370235,-0.842861731642436,-74.02231833807667,25.0,103.83748922359648
Kaho‘olawe::Hakioawa,2025-03,0.5055087438438345,-1.3362426255701685,-72.5528237829043,25.0,92.06024031460272
Kaho‘olawe::Honokanaiʻa,2025-03,0.2271778789294692,-0.6226562434036422,-73.26797395404868,22.0,110.22817743304219
Kaho‘olawe::Honokoʻa,2025-03,0.25531501546667584,-0.7455176775705301,-74.48974066865493,22.0,105.72381355267507
Kaho‘olawe::Kamōhio,2025-03,0.3899920667852028,-0.8678891455166851,-68.99611322824927,26.0,103.115860911844
Kaho‘olawe::Kaukamaka,2025-03,0.3937582646283457,-0.8950394448030106,-69.4476284565962,27.0,99.23261206108383
Kaho‘olawe::Kaukamoku,2025-03,0.37239481875068353,-0.9955281201727224,-72.77662299867792,25.0,101.00867897624259
Kaho‘olawe::Kaulana,2025-03,0.4667170967642717,-1.1973150484386907,-71.9526393699957,25.0,97.73195773915889
Kaho‘olawe::Keālia Luna,2025-03,0.46739088644192917,-1.1720555277491946,-71.49093240278108,24.0,95.97529831408981
Kaho‘olawe::Kuheeia,2025-03,0.4026582788366899,-1.023607259804664,-71.76835112904304,25.0,100.69769797509723
Kaho‘olawe::Kānaloa,2025-03,0.33603610141383694,-0.8189000407541831,-70.90435660078683,25.0,104.52770320997851
Kaho‘olawe::Lae ʻO Kākā,2025-03,0.38776824710875984,-0.7749582846333662,-66.65009041053167,28.0,104.67087083442294
Kaho‘olawe::Laepakī,2025-03,0.23248955754950498,-0.6426205883768127,-73.43310911983416,22.0,107.92549612745121
Kaho‘olawe::Makaʻalae,2025-03,0.2653081764903764,-0.7914065883063408,-74.89311351285846,24.0,104.68188059643163
Kaho‘olawe::Moaʻula Iki,2025-03,0.3670441190019298,-0.9705769296080422,-72.55993247240282,25.0,101.45137762812841
Kaho‘olawe::Olohia,2025-03,0.3870659465562095,-1.00000022479293,-72.0946300507259,25.0,101.03182277065856
Kaho‘olawe::Pali ʻO Kalapakea,2025-03,0.3770695324358458,-0.9798038889070062,-72.21041207641368,25.0,94.20992692593224
Kaho‘olawe::Papaka Iki,2025-03,0.5050334455510813,-1.2774570527597295,-71.66697684898294,25.0,96.08112290684187
Kaho‘olawe::Papaka Nui,2025-03,0.48618210867960465,-1.223247231624176,-71.5588063679072,25.0,97.42125322464493
Kaho‘olawe::Waihonu,2025-03,0.23559003688856384,-0.668108163149257,-73.93045190543656,22.0,108.49974649380106
Kaho‘olawe::Waikahalulu,2025-03,0.2773899719791874,-0.7563696823594119,-73.16687966927266,23.0,106.12049641421821
Kaho‘olawe::Waʻaiki,2025-03,0.4895663271294162,-1.2120861143577755,-71.2299459517391,25.0,96.92106464984859
Kaho‘olawe::ʻOawawahie,2025-03,0.41579730204820303,-1.1462746885652175,-73.38168121912737,24.0,90.82345475513827
Kaua‘i::Aepo,2025-03,1.5615890704437658,-3.68542814234066,-70.23853730384315,16.0,42.98107058510261
Kaua‘i::Aliomanu,2025-03,2.7088695456036747,-3.426343093832021,-55.84717751766741,26.0,71.71592072880323
Kaua‘i::Anahola,2025-03,4.276525047765169,-4.561950077357059,-51.61467349034341,23.0,60.51350580074416
Kaua‘i::Aʻakukui,2025-03,1.141522411123117,-2.7470618708008816,-70.64426720980539,15.0,62.08998833203795
Kaua‘i::Hanakoa,2025-03,4.098522135992657,-8.99811150109484,-68.70552960734642,12.0,53.576719762205016
Kaua‘i::Hanakāpīʻai,2025-03,5.73214648473265,-9.440049327046331,-62.2194008313386,16.0,58.81035831147643
Kaua‘i::Hanalei,2025-03,9.161611534359006,-7.0315624976852025,-43.42300332084769,29.0,52.443155557092346
Kaua‘i::Hanamāʻulu,2025-03,3.1103685508606485,-3.8497943991103587,-55.31184293790701,25.0,51.40759331093644
Kaua‘i::Hanapēpē,2025-03,4.175534040276863,-6.004769789417376,-58.98419035296835,24.0,50.40324956577008
Kaua‘i::Hikimoe,2025-03,1.2381124698631987,-3.0960420346274513,-71.4335871372287,21.0,97.25270070101524
Kaua‘i::Honopū,2025-03,1.214746124923521,-5.519242531240025,-81.96097161803685,4.0,50.748947452372306
Kaua‘i::Hoʻolulu,2025-03,4.431943397822343,-7.964141124815454,-64.24723153727531,14.0,54.42520911021137
Kaua‘i::Hulāʻia 1.0,2025-03,3.383308746656369,-5.485502984936393,-61.85161159071356,21.0,46.90263759861818
Kaua‘i::Hulāʻia 2.0,2025-03,,,,,
Kaua‘i::Hāʻeleʻele,2025-03,1.1637223186901,-2.907775524530492,-71.41783285903487,22.0,97.34429059679603
Kaua‘i::Hōʻea,2025-03,0.6449878909779592,-2.5750701170278276,-79.9696810003306,27.0,90.65986611412178
Kaua‘i::Kalaheo,2025-03,1.5405263662751905,-3.765696420826105,-70.96755209713395,23.0,44.24815281673492
Kaua‘i::Kalalau,2025-03,2.1254609524632904,-7.373004479011492,-77.62311219852194,5.0,49.67344962616298
Kaua‘i::Kalihikai Center,2025-03,4.6835026778574065,-2.9759120190237454,-38.85299512814617,30.0,62.518611417082916
Kaua‘i::Kalihikai East,2025-03,4.755366768423967,-3.0137998726111386,-38.79180370122171,30.0,61.93693877732126
Kaua‘i::Kalihikai West,2025-03,4.616732173615017,-2.968984803413245,-39.13914548096359,30.0,62.95445934303591
Kaua‘i::Kalihiwai,2025-03,7.200421983326537,-5.849626837139631,-44.82455903127168,27.0,52.60891161082717
Kaua‘i::Kapaʻa,2025-03,5.152832181718683,-5.0102883220695595,-49.29872001618011,29.0,53.54316995405024
Kaua‘i::Kapilimao,2025-03,0.46940709080547505,-2.5882667388357583,-84.64822878571871,26.0,75.39892546928546
Kaua‘i::Kauapea,2025-03,3.7251160752094394,-3.3558114678229725,-47.392258251887775,28.0,57.2697597832601
Kaua‘i::Kauhao,2025-03,1.2200105417940033,-3.165586055603439,-72.18142356006939,15.0,94.68698965193985
Kaua‘i::Kaumakani,2025-03,0.5007262095194716,-2.8341315420980306,-84.98508041979886,16.0,43.33959335200183
Kaua‘i::Kawailoa,2025-03,2.212192916214137,-2.827541307471264,-56.104968674391145,25.0,52.38147527373549
Kaua‘i::Kaʻawaloa,2025-03,0.6648837258588199,-2.403528350132634,-78.33134176921185,26.0,90.32322719965818
Kaua‘i::Kaʻulaʻula,2025-03,1.0898900139096765,-2.8022428209596866,-71.99761518555012,23.0,97.93987494446367
Kaua‘i::Kilauea,2025-03,5.6223482013478785,-4.948054436310696,-46.81046319543726,27.0,55.790196092159924
Kaua‘i::Kipu Kai,2025-03,1.9873186933176321,-3.5801618852819184,-64.30488323647599,19.0,48.29687934884019
Kaua‘i::Kukamahu,2025-03,0.591263555434477,-2.198389935144826,-78.80512553149767,16.0,48.36985402144353
Kaua‘i::Kulihaili,2025-03,3.7513063916171054,-3.7042844736869665,-49.68465331065198,29.0,61.603679526732094
Kaua‘i::Kumukumu,2025-03,2.1453176729151755,-2.865800599498927,-57.188843761181666,26.0,58.935613536603114
Kaua‘i::Kāʻaweiki,2025-03,1.1212984715364607,-2.8513462865106103,-71.7745094306473,20.0,98.77949921613074
Kaua‘i::Lawai,2025-03,2.492164854867984,-4.91349947570523,-66.3478555923816,20.0,44.47143253237965
Kaua‘i::Lihue Airport,2025-03,1.7877027610935872,-3.2534627622201397,-64.53790789399689,24.0,45.69891579970839
Kaua‘i::Limahuli,2025-03,5.398125361226195,-7.254794025962508,-57.33691809740059,18.0,60.756344492440604
Kaua‘i::Lumahaʻi,2025-03,8.872684260944387,-6.9904629311518836,-44.06731430087748,27.0,57.73707635736337
Kaua‘i::Mahaulepu,2025-03,1.6649194638023763,-3.780917018551393,-69.42766333147826,18.0,41.6328791746566
Kaua‘i::Mahinauli,2025-03,0.9024044244066939,-2.4737473131862213,-73.271212476662,15.0,58.912259932178266
Kaua‘i::Manoa,2025-03,5.1595119074915,-6.244356104878759,-54.75647471634397,18.0,62.34461155481007
Kaua‘i::Maunapuluʻō,2025-03,4.821163101682603,-7.139899443721878,-59.6928526760783,16.0,58.38557891347465
Kaua‘i::Milolii,2025-03,1.2734593203765923,-3.9143138771797834,-75.45267936970652,12.0,77.60345857189247
Kaua‘i::Moikeha,2025-03,2.2478673669707017,-2.7717165148282823,-55.21805352986588,23.0,53.366956016470866
Kaua‘i::Moloaa,2025-03,4.08228079039508,-4.178358495363986,-50.58153916207514,25.0,69.28462040116624
Kaua‘i::Mākaha,2025-03,1.2582288963701982,-3.4922210540443803,-73.51347957554229,13.0,86.9592342468777
Kaua‘i::Nahomalu,2025-03,0.8187274186923653,-2.436930694535579,-74.85216843360107,25.0,95.1226793107883
Kaua‘i::Niu,2025-03,0.6068214044045276,-2.370441759965551,-79.61814690529995,28.0,89.08750711023504
Kaua‘i::Nualolo,2025-03,1.296812042476624,-4.80264919010673,-78.7389083555602,8.0,62.83444000408308
Kaua‘i::Nākeikianāʻiʻiwi,2025-03,1.3128108384061539,-5.2971695400761725,-80.13896012944626,5.0,47.31429967484178
Kaua‘i::Nāwiliwili,2025-03,2.450258615237191,-3.340034632932932,-57.68334158185281,22.0,51.10733646092631
Kaua‘i::Papaa,2025-03,3.311213555822575,-3.77446929396159,-53.26895620337514,25.0,73.80516864232514
Kaua‘i::Paua,2025-03,0.5731554016610304,-2.7344642175512317,-82.67166519596555,26.0,86.04596664524445
Kaua‘i::Pilaa,2025-03,3.8943604907683955,-3.8844384248574526,-49.93622366371361,27.0,65.03084735097141
Kaua‘i::Puali,2025-03,2.2132614474586396,-3.1508193344687245,-58.739222292931345,21.0,51.779853087771144
Kaua‘i::Puʻukumu,2025-03,4.4576381783999866,-3.6636695276885627,-45.111817705686825,28.0,57.18730963948686
Kaua‘i::Pōhakuao,2025-03,2.5853815514271656,-7.149233359990157,-73.44135772238018,8.0,47.925398925657646
Kaua‘i::Wahiawa,2025-03,2.9045455730124856,-5.533054078666568,-65.57616273682183,23.0,46.2756747694248
Kaua‘i::Waiahuakua,2025-03,4.525182611619265,-8.748466746495724,-65.90852681479984,12.0,54.08623215881734
Kaua‘i::Waikaea,2025-03,3.09862390248094,-3.5352182539682544,-53.29065978049291,26.0,50.89723901839941
Kaua‘i::Waikoko,2025-03,5.7895438126691685,-4.986899068036418,-46.27592910982795,28.0,63.404816818211195
Kaua‘i::Waikomo 1.0,2025-03,2.0657923158442197,-4.611557760491232,-69.06269265160452,17.0,41.84512981917924
Kaua‘i::Waikomo 2.0,2025-03,,,,,
Kaua‘i::Waileia,2025-03,4.929640264693476,-3.3715150230244655,-40.615009672362405,30.0,64.54715573841611
Kaua‘i::Wailua,2025-03,6.359604111061562,-6.042616529442696,-48.722053127390666,27.0,49.77633298866358
Kaua‘i::Waimea,2025-03,3.6742507750823847,-4.56445406738597,-55.40256817864637,25.0,63.315950307561984
Kaua‘i::Wainiha,2025-03,8.880744310201857,-7.555154646154881,-45.96739531081659,25.0,59.21439725924047
Kaua‘i::Waiolaa,2025-03,2.993667482391117,-7.3573483444574315,-71.07851507070332,9.0,48.72450410172507
Kaua‘i::Waioli,2025-03,8.41771181675521,-6.700110604820859,-44.31928367711543,31.0,56.606754742023135
Kaua‘i::Waipa,2025-03,7.255411738083521,-6.001215485271373,-45.26954997043831,29.0,60.876178144952455
Kaua‘i::Waipake,2025-03,3.1995809788913108,-3.3985336183562986,-51.50764765095154,27.0,71.3561807088703
Kaua‘i::Waipao,2025-03,1.2521960600727347,-2.9184264316338107,-69.97579947447225,16.0,62.78992720325586
Kaua‘i::ʻAnini,2025-03,5.3820133330006605,-3.7282968784414408,-40.92392895424003,26.0,60.40830273178182
Kaua‘i::ʻAwaʻawapuhi,2025-03,1.243383319150536,-5.389784320376295,-81.25505962277728,5.0,55.30306343462114
Lāna‘i::Anapuka,2025-03,0.9480525224308417,-0.665356724119388,-41.23917880984288,39.0,101.50875417429508
Lāna‘i::Halulu,2025-03,1.4880721509489896,-0.7482350853373583,-33.45851022598715,53.0,96.529268393606
Lāna‘i::Hauola,2025-03,2.4664120520535078,-0.9254191459377239,-27.28376183596022,56.0,102.43547450544558
Lāna‘i::Hawaiʻilānui,2025-03,1.5534684789462354,-1.0802083653727854,-41.01522051586745,47.0,82.72217399845458
Lāna‘i::Honopū,2025-03,1.4810986579511471,-0.7286636472687009,-32.97475233184442,52.0,86.4756884784735
Lāna‘i::Hāʻua,2025-03,1.8073560330276328,-1.0016459774449926,-35.658428641582276,43.0,101.57364671812176
Lāna‘i::Kaa,2025-03,1.7355421972399934,-1.0195272984675747,-37.00550204109228,46.0,101.39854018673857
Lāna‘i::Kaapahu,2025-03,0.8303452886202648,-0.9889037942138384,-54.357800894052524,35.0,73.34204102300009
Lāna‘i::Kahua,2025-03,1.4643813427723984,-0.9106208913299372,-38.34189619927321,48.0,88.33515861155796
Lāna‘i::Kalamaiki,2025-03,1.1196555630741472,-0.4236776677329397,-27.452118523449226,46.0,101.02375026248913
Lāna‘i::Kalamanui,2025-03,0.7936331981749047,-0.49938442200187616,-38.62162542948181,36.0,96.1930127586149
Lāna‘i::Kapoho,2025-03,0.9681206436496258,-0.8101100598956305,-45.55708425686921,35.0,98.30345538922263
Lāna‘i::Kapua,2025-03,1.0427744458359642,-0.8661188815044201,-45.37282775833068,34.0,99.37335062703139
Lāna‘i::Kaumalapau,2025-03,0.9622400238757998,-0.5138260248139148,-34.81050358620685,41.0,100.66459493092663
Lāna‘i::Kawaiū,2025-03,0.9188736691593049,-0.7537592123583636,-45.064234996650185,36.0,97.93834083609158
Lāna‘i::Kuahua,2025-03,1.5657957916393264,-0.7741119386819435,-33.083011293597366,52.0,93.51335584530067
Lāna‘i::Kāheʻa,2025-03,0.8700356207328317,-0.8314898481495441,-48.867317201881036,34.0,101.44860070582237
Lāna‘i::Lapaiki,2025-03,1.1598090242815717,-1.4049347272287893,-54.77875621692937,35.0,73.02144630766172
Lāna‘i::Lōpā,2025-03,1.1348840670610325,-0.9070865067977676,-44.42211452066162,35.0,100.22477130263012
Lāna‘i::Mahanalua,2025-03,1.0772980216919907,-0.665551133043184,-38.18753511943002,40.0,100.67838638457425
Lāna‘i::Maunalei,2025-03,2.4477876669456577,-0.48705907352793254,-16.595724294936666,64.0,103.3815895528384
Lāna‘i::Mānele,2025-03,1.0249914651675676,-0.6628142747866432,-39.27076790274602,41.0,100.73799509020942
Lāna‘i::Naha,2025-03,0.9176923322108362,-0.8639465130492762,-48.49167469309098,33.0,98.07041897852977
Lāna‘i::Nāhoko,2025-03,1.9151448432805378,-1.0496182684773883,-35.40310739548523,50.0,101.10735914237819
Lāna‘i::Paliamanō,2025-03,1.8095674203826126,-0.4774171686614874,-20.87539946480511,59.0,96.6906560639523
Lāna‘i::Poaiwa,2025-03,1.2377738804567069,-0.8652027507069979,-41.14181479174253,41.0,92.90823506891093
Lāna‘i::Puʻumaiʻekahi,2025-03,0.7055032852263272,-1.2540039736319406,-63.99588304473045,25.0,70.85459109688296
Lāna‘i::Pālāwai Basin,2025-03,2.010711700197521,-0.35332051673786946,-14.945672660751466,57.0,107.78400154309287
Lāna‘i::Ulaʻula,2025-03,0.8162498974737533,-0.6265336802933879,-43.42534042860498,35.0,101.04083761655951
Lāna‘i::Wahane,2025-03,1.9358334235070203,-0.8381861908757076,-30.215582706404902,60.0,101.16400218844326
Lāna‘i::Waiopa,2025-03,1.5788396338956445,-0.9733370599677313,-38.13752638318844,40.0,101.53073014797269
Lāna‘i::ʻĀwehi,2025-03,1.1828907581784236,-0.8943398852889848,-43.05443346416803,37.0,100.1357162360941
Maui::Alaalaula,2025-03,3.0043282095841537,-6.00057166392409,-66.63673942202658,6.0,70.70540164635423
Maui::Alelele,2025-03,4.990305466312584,-13.341919906496063,-72.77850689248848,3.0,55.622872292629864
Maui::Anakaluahine,2025-03,2.1896379468679696,-3.8801593587422674,-63.925682578492115,10.0,88.54651307841714
Maui::E. Wailua Iki,2025-03,8.270399860351263,-10.619392679785767,-56.217624715685375,20.0,66.27093077809153
Maui::Hanawana,2025-03,5.413800337183194,-7.9256817675012305,-59.41521346408171,11.0,66.7181316674048
Maui::Hanawī,2025-03,9.90566437007874,-11.394571850393701,-53.49504922129435,16.0,70.8330491415171
Maui::Hanehoi,2025-03,5.511224060859581,-8.002668245570867,-59.218085094276496,11.0,67.30000476495042
Maui::Haneoʻo,2025-03,3.0571167649839412,-5.42821982328792,-63.97176784702469,7.0,76.89668438650418
Maui::Haʻipuaʻena,2025-03,7.713794686796963,-13.797998760897077,-64.1415546985747,13.0,60.887090635318316
Maui::Heleleʻikeʻōhā,2025-03,11.58904091071518,-15.40528788586439,-57.06860875094765,10.0,69.78364834316857
Maui::Hoalua,2025-03,6.045993507292414,-9.390016133903005,-60.83188824165446,10.0,66.58656106369916
Maui::Honanana,2025-03,2.360451412510132,-4.517198438645881,-65.67938956483252,9.0,93.75751401188073
Maui::Honokahua,2025-03,3.5543759779426614,-5.239648529510736,-59.58191866613356,16.0,78.27477045898091
Maui::Honokōhau,2025-03,6.032397972941738,-6.272322632402115,-50.97492932653903,18.0,86.41280390460949
Maui::Honokōwai,2025-03,4.636299295469382,-5.094755766543592,-52.35563599297615,23.0,80.44598973290164
Maui::Honolewa,2025-03,4.3697448890666015,-9.237464243971456,-67.88654568072346,5.0,65.484337972915
Maui::Honolua,2025-03,4.188036890965214,-5.242842801560017,-55.59229862422498,16.0,82.7819282300599
Maui::Honomanū,2025-03,7.046094213298521,-12.630632809153958,-64.19072031004724,14.0,61.5125574598123
Maui::Honomāʻele,2025-03,6.228926890384225,-8.90664042229768,-58.845765330744605,9.0,74.73409546013619
Maui::Honopou,2025-03,5.036807908401474,-7.217639101828017,-58.898121602737675,13.0,68.34289040803134
Maui::Hoolawa,2025-03,5.552938592977477,-8.84924564525728,-61.443774769693626,9.0,67.60410328427184
Maui::Hāhālawe,2025-03,4.3403181669052735,-9.682859522264973,-69.04896833577746,5.0,63.740338993442435
Maui::Hāpapa,2025-03,0.24527384811847394,-2.51964918085808,-91.1290894701954,8.0,109.25008651830082
Maui::Kaapahu,2025-03,4.225682936941232,-11.253962078745285,-72.70168060921891,4.0,57.474409060966316
Maui::Kahakuloa,2025-03,4.51137251609385,-6.804606448845499,-60.13272444150368,11.0,91.25883285075173
Maui::Kahana,2025-03,3.2672281867315927,-5.073553331532571,-60.82827275145375,16.0,76.13145436708136
Maui::Kahawaihapapa,2025-03,12.109435953103995,-13.906582897721817,-53.453923820786244,13.0,72.31942050294639
Maui::Kahoma,2025-03,4.818874258494811,-2.7995734023813057,-36.74729455395847,35.0,93.66024081953941
Maui::Kailua,2025-03,5.889514343961528,-12.569702333929067,-68.09445142373968,10.0,66.40120800615874
Maui::Kailua Gulch,2025-03,0.8574409839469784,-3.6210786769944097,-80.85436597666418,6.0,79.91806976042403
Maui::Kakipi,2025-03,4.864638367253748,-9.220144825224299,-65.46174477253084,9.0,68.32184453671016
Maui::Kakiweka,2025-03,4.310869832677166,-9.488472525529037,-68.7603240736065,5.0,64.33453970575987
Maui::Kalena,2025-03,2.726302608366936,-6.6922588508262955,-71.05393833040334,4.0,65.03354235276323
Maui::Kalepa,2025-03,3.4113560206829616,-9.41823766780129,-73.4102567585989,4.0,57.150645797328
Maui::Kalialinui,2025-03,0.44717961902020503,-3.507673857432031,-88.69289035149401,5.0,85.86199840207892
Maui::Kanaio,2025-03,0.8233036317655886,-1.7924732132820422,-68.52546373272155,23.0,115.71433927121437
Maui::Kapaula,2025-03,10.75085029333299,-10.871093345291131,-50.27805791645703,19.0,73.05679917165017
Maui::Kapia,2025-03,5.454698680705864,-9.6518328923247,-63.89178644789618,5.0,69.07376218457607
Maui::Kauaula,2025-03,3.1448967574439,-1.693970739284056,-35.007586804753785,35.0,98.5141818169275
Maui::Kaukauʻai,2025-03,5.263884630242544,-12.94199104802436,-71.08689126924965,3.0,58.26396371205894
Maui::Kaupakulua,2025-03,4.108774220460793,-7.0643565743954735,-63.22629443886637,11.0,68.27326788776799
Maui::Kaupō,2025-03,1.6400264768801223,-4.206320994194922,-71.94784461590427,9.0,66.98495995077009
Maui::Kawaipapa,2025-03,6.05056892982325,-9.526269690230572,-61.156630832435596,8.0,71.66776796185933
Maui::Kawakoe,2025-03,10.599953932307795,-13.474144205354776,-55.969466138693,9.0,72.39856869782957
Maui::Kaʻaiea,2025-03,7.4220091566845365,-12.063061494806503,-61.90925201435393,14.0,63.06438630467337
Maui::Kealiʻi,2025-03,4.087529988927166,-5.063463490403542,-55.33239097853534,18.0,67.63239682070036
Maui::Keaʻāiki,2025-03,9.407184697615923,-10.512827742235347,-52.77520671223957,12.0,76.48374878740825
Maui::Kipapa,2025-03,1.6414793303121056,-1.75490574458939,-51.669810869142594,40.0,112.76631226956209
Maui::Kopiliula,2025-03,8.235162000385143,-10.425891577156795,-55.86979070519398,16.0,67.56495642925533
Maui::Kuiaha,2025-03,3.5259011145128087,-5.302384721809538,-60.061316773340735,13.0,69.36823684780283
Maui::Kukuiʻula,2025-03,3.3430482777454666,-8.796620898018075,-72.46178434236285,4.0,60.34554578333734
Maui::Kōlea,2025-03,6.420526986561786,-9.48713539516923,-59.63877763752786,15.0,64.36708598110934
Maui::Kūhiwa,2025-03,11.209485393566876,-12.5375957469602,-52.796365468105364,13.0,72.75237847698386
Maui::Lanikele,2025-03,7.912353755920892,-9.209528645192544,-53.78806155445647,11.0,78.36280361665843
Maui::Launiupoko,2025-03,2.272151402428633,-1.4722322967241452,-39.31841432429212,35.0,98.03603537175631
Maui::Lelekea,2025-03,3.7959463219175023,-10.223676735676154,-72.92404862581917,4.0,57.68707656458292
Maui::Makamakaʻole,2025-03,1.721353998983553,-4.986182312555192,-74.33701557422258,6.0,93.20703679323611
Maui::Makapipi,2025-03,10.45281153145418,-10.573000650932595,-50.28581326237447,17.0,75.4718464820142
Maui::Maliko,2025-03,2.4033991247741198,-5.87966729714787,-70.98418626206744,8.0,73.85710418089626
Maui::Manawaiiao,2025-03,3.791068352784027,-4.515798562289088,-54.36223558722249,18.0,66.9428726305329
Maui::Manawaikeae,2025-03,7.617775569579903,-8.51316699148846,-52.775384694721936,12.0,79.18165956002176
Maui::Manawainui,2025-03,2.7762920465533916,-7.816183525219298,-73.78996035684254,4.0,57.382784127519884
Maui::Manawainui Gulch,2025-03,1.8695113505875687,-2.206116669276425,-54.12949019204271,29.0,110.20678830923333
Maui::Moʻoloa,2025-03,0.2767986458393643,-1.5060073407284913,-84.4739894343613,16.0,126.59127917731206
Maui::Moʻomoʻonui,2025-03,3.6484742579895912,-6.307332269390509,-63.353302939790076,7.0,75.66470593317051
Maui::Nailiilihaele,2025-03,7.2047652901674475,-11.972315577344766,-62.430333688726314,13.0,64.28279034479112
Maui::Nuanuaaloa,2025-03,2.4242784621449482,-6.7257027288514655,-73.50509895549907,4.0,58.39111584987037
Maui::Nuaʻailua,2025-03,8.298779822141512,-11.148973380143062,-57.327822212559575,19.0,62.80735768123963
Maui::Nuʻu,2025-03,1.8615798715123246,-3.833395629172373,-67.3118897300171,12.0,72.85224692160045
Maui::Ohia,2025-03,6.467740407737563,-8.180216500480942,-55.8454435095401,18.0,66.69663658052991
Maui::Olowalu,2025-03,2.92058501476378,-2.4047188730314963,-45.15646287421677,28.0,87.43132142489569
Maui::Papahawahawa,2025-03,3.0834123777622557,-6.007040907310982,-66.08076318014527,6.0,71.7741511444775
Maui::Paʻakea,2025-03,11.013321654661775,-11.388651602764854,-50.837716266754875,19.0,71.11582900546412
Maui::Piʻinaʻau,2025-03,5.429511326627366,-9.781592684585892,-64.30560646600757,17.0,64.45987869479134
Maui::Poelua,2025-03,2.0939020805993,-3.9895111377679355,-65.58014381996404,8.0,90.97742973484493
Maui::Poʻopoʻo,2025-03,2.2250268948315055,-1.689679689696991,-43.162358486198094,42.0,108.66825124453372
Maui::Puaʻaluʻu,2025-03,2.8460703807022423,-6.4927356253744435,-69.52425846676408,4.0,66.68025242152024
Maui::Puehu,2025-03,5.436110769356956,-8.026577366305775,-59.620911406566194,11.0,66.16360683832238
Maui::Punalau,2025-03,7.851119616189053,-11.282085046704651,-58.965997831951015,17.0,62.172349664869856
Maui::Punaluʻu,2025-03,5.908526923712783,-8.675341868963768,-59.48587437457052,12.0,65.46691237176663
Maui::Puohokamoa,2025-03,8.316909639431074,-14.647339313934793,-63.78322819822911,13.0,60.674903729948426
Maui::Pāhihi,2025-03,1.8081049672629237,-2.391620619008901,-56.94706879960668,24.0,93.78642832246291
Maui::Pāpalaua,2025-03,1.09211925233992,-3.3246516090430474,-75.27335497775951,19.0,72.23284088370812
Maui::Pōhākea,2025-03,0.7071750993254274,-3.62877365355531,-83.69041841521788,13.0,68.07271226287781
Maui::Uaoa,2025-03,4.3210074814866894,-5.549534091441694,-56.223197586870235,17.0,67.25050973812398
Maui::Ukumehame,2025-03,1.8885965902312316,-2.811215879942952,-59.81549046442619,22.0,77.9708507104195
Maui::W. Wailua Iki,2025-03,7.751433014392668,-10.70367796942903,-57.99844811993922,21.0,64.97937805748637
Maui::Wahikuli,2025-03,2.820684300041922,-3.118697839771982,-52.508792435936755,22.0,87.23170498948662
Maui::Waiaaka,2025-03,9.739749251924565,-10.162550558255415,-51.062192084239896,22.0,73.35617628737798
Maui::Waiakoa,2025-03,0.2529447669292146,-2.8346226860090944,-91.80763592100644,6.0,96.54861849072219
Maui::Waiehu,2025-03,1.9270835632128105,-6.42800602357791,-76.9352136419997,6.0,73.08707672301828
Maui::Waieli,2025-03,3.846066932978593,-8.270505409541094,-68.25779746734226,5.0,65.85277944757493
Maui::Waihee,2025-03,6.251919902552746,-8.857584043919092,-58.62259989010025,14.0,83.60128174667487
Maui::Waihole,2025-03,8.277967188446397,-8.931741573919847,-51.89943477400125,13.0,78.52462664237586
Maui::Waikamoi,2025-03,4.743643529402916,-9.961948547583642,-67.74258727857372,10.0,65.91449998739293
Maui::Waikapu,2025-03,1.0916593390973277,-4.644744742067284,-80.96962271744815,10.0,61.74517296145818
Maui::Wailea,2025-03,0.2928746152327098,-2.188220850939114,-88.19575388267516,13.0,129.16315416113798
Maui::Wailua,2025-03,3.9769512300952616,-8.164586345041831,-67.24507744192888,5.0,67.22084572386632
Maui::Wailua Nui,2025-03,6.051635416975016,-8.880990963197856,-59.47373715175643,18.0,65.58583477942003
Maui::Waiohonu,2025-03,8.595238443742563,-15.482381375484216,-64.30195962775781,5.0,64.28120088311188
Maui::Waiohue,2025-03,10.882248051447117,-11.336051387263247,-51.021237779848896,22.0,70.56437391464094
Maui::Waiokamilo,2025-03,9.22316050982446,-11.951292225763925,-56.4420359524906,21.0,63.67129972006995
Maui::Waioni,2025-03,9.530040281830006,-10.576236411610656,-52.60166550409095,11.0,76.97877738003882
Maui::Waipili,2025-03,1.4170436875537618,-3.927197016848078,-73.48465823430072,6.0,98.62620671272762
Maui::Waipio,2025-03,5.121255228838582,-7.209427801017063,-58.46738403348175,12.0,67.78093717991773
Maui::Waiōlaʻi,2025-03,1.0694347668868616,-3.7017532678269482,-77.58556654849991,4.0,99.22166314362946
Maui::Waiʻōpae,2025-03,1.8673085929745916,-2.345084348946272,-55.67107298107158,27.0,104.82535688909384
Maui::ʻOheʻo,2025-03,7.427833626102728,-15.65836018951407,-67.82564642129044,4.0,60.203116932522605
Maui::ʻOʻopuola,2025-03,6.536382113163076,-9.883746702971752,-60.192869457027264,13.0,64.54861470948985
Maui::ʻĀhihi Kīnaʻu,2025-03,0.4036204405750232,-1.7231052958563606,-81.02150955993542,16.0,125.58410245630986
Maui::ʻĪao,2025-03,2.878111630246698,-5.233010119340552,-64.51647849579922,16.0,70.38331367932457
Maui::ʻŌpelu,2025-03,3.1358141160699637,-8.094812428231629,-72.07801271193482,4.0,61.705894359333854
Moloka‘i::Anapuhi,2025-03,2.9092248631274606,-6.410144715797244,-68.78302938316205,7.0,73.71905549274587
Moloka‘i::Hakina,2025-03,0.5432427663738411,-1.2650136456442589,-69.9576474462736,24.0,86.86498808064594
Moloka‘i::Halawa,2025-03,3.191831810436009,-6.163221478728406,-65.88120118852791,8.0,81.31263177156677
Moloka‘i::Honomuni,2025-03,3.260267747293307,-6.217545572916666,-65.60105546348662,11.0,86.59720458159993
Moloka‘i::Honoulimaloʻo,2025-03,2.8498723756051825,-5.300746023921313,-65.03489384595967,12.0,83.86553642838372
Moloka‘i::Honouliwai,2025-03,3.0732995933596934,-5.810521022476581,-65.40565454595922,11.0,83.86615102736789
Moloka‘i::Honowewe,2025-03,1.7543601442343073,-3.149149961595776,-64.22236099506675,16.0,85.19418994165304
Moloka‘i::Hāloku,2025-03,2.999011062261627,-7.020635529765933,-70.06869419278837,7.0,78.69733375314128
Moloka‘i::Kaa,2025-03,0.6697678867643565,-1.8171361529111798,-73.0682054442382,23.0,81.74216476520544
Moloka‘i::Kahananui,2025-03,3.0181605310403907,-5.4535879819493065,-64.37381815084976,10.0,85.37918064938732
Moloka‘i::Kahiwa,2025-03,2.765608960249293,-5.775105934443437,-67.61853083319916,6.0,80.97452901384503
Moloka‘i::Kailiili,2025-03,2.749322031263373,-6.496196513060061,-70.26319272323127,5.0,75.96195188966995
Moloka‘i::Kainalu,2025-03,3.4407908936541203,-6.5778613705496545,-65.65615011963314,11.0,85.78399206045754
Moloka‘i::Kalaemilo,2025-03,2.7491962102454477,-5.868367112527682,-68.0977544663895,6.0,80.96022137511841
Moloka‘i::Kalamaʻula,2025-03,0.5101102676969884,-2.4490656253736933,-82.76174563021137,11.0,77.999425397595
Moloka‘i::Kaluaʻaha,2025-03,2.72244735277231,-4.9309455824857835,-64.42822973023661,11.0,85.91148822762456
Moloka‘i::Kamalō,2025-03,1.8653120348062837,-3.2317583873610953,-63.40423262166516,11.0,79.75990062457107
Moloka‘i::Kamiloloa,2025-03,0.7901592156597514,-2.2670688958579546,-74.15439127087278,9.0,70.87726154389085
Moloka‘i::Kaunakakai,2025-03,1.6502518719668473,-4.109855896314903,-71.35032991823485,10.0,71.59334776762698
Moloka‘i::Kaunala,2025-03,0.5609479825159983,-1.3755254866508713,-71.0324984334882,22.0,86.81237917783929
Moloka‘i::Kawainui,2025-03,3.3001903259961827,-6.689231761512766,-66.96315064989763,7.0,80.98996297395276
Moloka‘i::Kawela,2025-03,2.4954179346875613,-4.626269747317711,-64.96030089900096,10.0,73.83816964264007
Moloka‘i::Keawanui,2025-03,2.573528740349717,-5.995413712629183,-69.96678698133798,5.0,75.85827983039928
Moloka‘i::Kolo,2025-03,0.7477396082430515,-1.9174422875108057,-71.9441434960089,22.0,84.7186928351502
Moloka‘i::Kāluapeʻelua,2025-03,0.7574293975653116,-2.383151730738418,-75.88250815305607,13.0,83.31535351130161
Moloka‘i::Manawainui,2025-03,0.9976419973365399,-3.114701920341854,-75.74030729658053,9.0,77.09033353653226
Moloka‘i::Maneʻopapa,2025-03,1.0513795402590804,-2.7951835649765053,-72.66704038137213,13.0,82.77166472207944
Moloka‘i::Mapulehu,2025-03,2.849199255929848,-5.295080185101561,-65.0159443010342,10.0,86.63959770794247
Moloka‘i::Moʻomomi,2025-03,0.7815098826333339,-2.0913045961436114,-72.79636786827777,20.0,82.19556682227099
Moloka‘i::Ohia,2025-03,2.2778485409912,-3.9470593663154236,-63.40751421691677,11.0,84.66590547697491
Moloka‘i::Pelekunu,2025-03,4.151939038494832,-9.181641426508119,-68.86103436813127,5.0,77.42358598215277
Moloka‘i::Pohakupili,2025-03,2.3415431782601566,-4.273293127442799,-64.60164590556225,14.0,84.73852913415038
Moloka‘i::Puʻukaʻōkū,2025-03,3.1699308953380525,-7.294965497946323,-69.7089127669502,7.0,79.34042418869507
Moloka‘i::Pāpio,2025-03,2.345810638592757,-4.307564982493952,-64.74254916319289,13.0,83.09783409934927
Moloka‘i::Pāpōhaku,2025-03,0.6818971500398596,-1.8873894683291146,-73.4596698879497,21.0,82.80736538680668
Moloka‘i::Pīpīwai,2025-03,2.289544869064311,-4.318359266186766,-65.3514212343016,10.0,80.38538079207162
Moloka‘i::Waiahewahewa,2025-03,0.7353437161035674,-2.078578050930018,-73.8676559981708,22.0,83.47156792687372
Moloka‘i::Waiahoʻokalo,2025-03,2.8466670173530333,-5.990265045493693,-67.78670473974417,6.0,80.97142945493836
Moloka‘i::Waialua,2025-03,3.4185403338254594,-6.540094426673228,-65.67260055178212,10.0,84.4805135742705
Moloka‘i::Waihānau,2025-03,1.831217952560728,-3.6538842576844157,-66.6146977326994,9.0,75.468415518437
Moloka‘i::Waikolu,2025-03,3.4983083915841684,-7.1699907815963995,-67.2083775042727,7.0,72.58895636477416
Moloka‘i::Wailau,2025-03,4.094432686045824,-8.483842634391095,-67.44837760552691,6.0,82.69265329291594
Moloka‘i::Wailele,2025-03,3.4218458609614593,-7.781361699647741,-69.45655213072399,7.0,79.38045552482609
Moloka‘i::Wainēnē,2025-03,2.591920867679626,-5.431567575049213,-67.69583596735266,8.0,74.57784928186122
Moloka‘i::Waiohoʻokalo,2025-03,3.353837952392862,-7.72143463296276,-69.71778413086189,7.0,73.31249795516369
Moloka‘i::Waipu,2025-03,3.135535995826043,-7.363520477909011,-70.13506876860744,7.0,78.17710100185104
Moloka‘i::Waiʻaleʻia,2025-03,2.0791177682615785,-3.8376041302863855,-64.86030940930621,8.0,75.68321970607154
Moloka‘i::Wāʻwāʻia,2025-03,2.6528625262362038,-4.620300124556246,-63.52532380192047,11.0,83.39916946072691
Moloka‘i::ʻAhaʻino,2025-03,2.7285090340269966,-5.1380960943583975,-65.31529179999634,13.0,86.49923151640637
Moloka‘i::ʻOloʻupena,2025-03,3.378959649086833,-7.813463319526465,-69.81029345868731,7.0,78.81608839788987
O‘ahu::Ala Wai,2025-03,2.7256656747373778,-3.746119733843807,-57.88386816529307,20.0,104.13259365898799
O‘ahu::Anahulu,2025-03,6.05309651736598,-2.790377925790099,-31.552959684861854,30.0,90.74268040599836
O‘ahu::Diamond Head,2025-03,0.9226497139517718,-1.5625561922698363,-62.87431509630823,29.0,102.4475602521244
O‘ahu::Hahaʻione,2025-03,1.2319732663375011,-3.4988256238102444,-73.95845194554389,16.0,158.22414363029458
O‘ahu::Haiamoa,2025-03,5.451375645915355,-2.888006095185367,-34.63093769831643,43.0,98.00169463667187
O‘ahu::Hakipuʻu,2025-03,5.006600127132546,-2.8863861804872046,-36.569000223663615,38.0,100.0640967192029
O‘ahu::Halawa,2025-03,3.3603018993085163,-2.7402736059826216,-44.91828030988115,29.0,87.25494672272626
O‘ahu::Halehaa,2025-03,5.121617245520535,-2.317998581642583,-31.15750376759017,41.0,75.6918471349269
O‘ahu::Hanauma,2025-03,0.7171860642320528,-2.6792431628610207,-78.884115749826,12.0,102.67081214086076
O‘ahu::Heʻeia,2025-03,4.607309096128609,-3.28699659612861,-41.637564141359704,37.0,91.35353427251304
O‘ahu::Honouliuli,2025-03,1.284299475818871,-1.6240754678265665,-55.84133749243849,39.0,81.28936786864298
O‘ahu::Kahaluʻu,2025-03,5.758856182436942,-3.4440436073668756,-37.423460931114775,40.0,94.25099327199236
O‘ahu::Kahana,2025-03,7.91187943709277,-4.570795008967039,-36.61711301306767,31.0,77.97477499992662
O‘ahu::Kahawai,2025-03,1.4274060722044846,-3.410947046193826,-70.4981005463071,21.0,133.76032297159887
O‘ahu::Kahawainui,2025-03,6.344350727860407,-1.8427561282848899,-22.50802585899688,46.0,91.8595593182086
O‘ahu::Kaipapaʻu,2025-03,8.931676509186353,-3.2241977201977647,-26.52378314678499,37.0,88.71551847053517
O‘ahu::Kalauao,2025-03,4.177554054417402,-3.08546620178143,-42.48186144253213,27.0,90.21332447502175
O‘ahu::Kalihi,2025-03,4.31309865599316,-3.933576799492789,-47.698940266602214,26.0,89.93796917429735
O‘ahu::Kaloi,2025-03,0.9440592407629167,-1.4950548028485604,-61.29499384271946,38.0,80.28738512701091
O‘ahu::Kaluakauila,2025-03,1.333101928390543,-1.6178149125707433,-54.82414448669202,26.0,104.51919020665592
O‘ahu::Kaluanui,2025-03,8.944125068613719,-3.7345885306253805,-29.45557923833462,38.0,79.15841611385162
O‘ahu::Kamaileʻunu,2025-03,1.2106804392796648,-2.0446412988120315,-62.80919255651276,30.0,66.19113136003347
O‘ahu::Kamiloiki,2025-03,0.8127823661559282,-3.0138106551190567,-78.75963391881385,11.0,135.02534865470764
O‘ahu::Kamilonui,2025-03,0.9804916888077281,-3.2232612556539193,-76.67580131940188,12.0,144.62412269318733
O‘ahu::Kapakahi,2025-03,1.2670298347221483,-1.2899387357183714,-50.447969937156415,34.0,77.6223964791501
O‘ahu::Kapālama,2025-03,2.3937128209204674,-2.210256582584493,-48.00762969671007,28.0,90.18834544528386
O‘ahu::Kaupuni,2025-03,1.5376050245593182,-2.4920497502372543,-61.84276047228039,27.0,66.7980017682158
O‘ahu::Kawa,2025-03,3.4471336899088274,-2.5409702976067137,-42.433636805645385,36.0,112.92781920213962
O‘ahu::Kawaihāpai,2025-03,1.7635970208858907,-2.0186278245483273,-53.371438955702246,26.0,122.62440609805098
O‘ahu::Kawainui,2025-03,3.0906714374518978,-3.072966002604938,-49.85637186629527,27.0,114.9787337550104
O‘ahu::Kawela,2025-03,4.119743023032578,-0.6942064840302411,-14.420726329009709,58.0,95.41003258061723
O‘ahu::Kaʻalaea,2025-03,6.173413892333061,-3.2162739911417333,-34.25325773396744,42.0,98.10064401598872
O‘ahu::Kaʻaʻawa,2025-03,4.344889963705709,-2.669285571481299,-38.05558555087019,39.0,91.40516664293467
O‘ahu::Kaʻelepulu,2025-03,1.8978684133266872,-2.353463481823021,-55.358262771910574,27.0,109.97325557060718
O‘ahu::Keamanea,2025-03,3.0875956931220814,-1.8735198323951452,-37.764083959722335,28.0,88.95125119599844
O‘ahu::Keaʻahala,2025-03,3.8196607488883227,-2.8314898976861294,-42.5714293382369,38.0,97.9308031503232
O‘ahu::Keaʻau,2025-03,1.6469712526168605,-2.3624343913391037,-58.92230921808546,27.0,81.98764540466183
O‘ahu::Keʻehi,2025-03,1.5295552485354522,-1.4269766296349748,-48.265220482520974,38.0,91.29981722150684
O‘ahu::Kiikii,2025-03,3.937030354075935,-2.8694766492121486,-42.15784465991093,24.0,75.65089740458623
O‘ahu::Koko Crater,2025-03,0.7073447749440627,-2.9883434582778037,-80.86026931099093,10.0,139.94531497941904
O‘ahu::Koloa,2025-03,7.877087302698115,-2.6303668257422537,-25.03334103189353,40.0,92.84710702382498
O‘ahu::Kualoa,2025-03,3.5399512210021604,-2.070154705698409,-36.900456653514816,40.0,98.23114569242011
O‘ahu::Kuliʻouʻou,2025-03,1.4622002607667564,-3.6761998571634344,-71.54366675992239,16.0,162.13058621109113
O‘ahu::Kālunawaikaʻala,2025-03,3.120988472129748,-1.6216378552835997,-34.19282362412156,30.0,90.57074761449971
O‘ahu::Kāneʻohe,2025-03,4.695016685227594,-3.6102434504109544,-43.46936027830249,33.0,105.36820257664954
O‘ahu::Loko Ea,2025-03,2.4053727935272486,-1.6411258272249278,-40.55668816513448,30.0,92.69953206851832
O‘ahu::Makaiwa,2025-03,0.9592118575463685,-1.4163940316392098,-59.62243308484085,38.0,81.8370985287816
O‘ahu::Makaleha,2025-03,2.398192705897066,-3.157800024281464,-56.83592793650028,24.0,87.6040723192299
O‘ahu::Makapuʻu,2025-03,0.7793814705962048,-3.005039885913919,-79.4055313302923,12.0,131.8518977312441
O‘ahu::Makaua,2025-03,3.876832724111583,-2.3859004286676346,-38.09679209481953,41.0,83.88895637887565
O‘ahu::Makua,2025-03,2.197796849976645,-2.8345067375383692,-56.326226910687396,26.0,92.97651781950927
O‘ahu::Manini,2025-03,1.210388650255335,-1.4113275566479802,-53.83220170557643,28.0,108.49879965818904
O‘ahu::Manuwai,2025-03,1.117180800265066,-1.2800528791806345,-53.3970839036691,41.0,92.5697175143161
O‘ahu::Maʻakua,2025-03,8.900667445866143,-3.2669607705286836,-26.84961039594172,40.0,85.62776401674586
O‘ahu::Moanalua,2025-03,4.058929284519719,-3.501086365503636,-46.310570342441295,27.0,84.00373468977132
O‘ahu::Mākaha,2025-03,1.983567114989948,-3.0349105142193,-60.47472437766959,25.0,70.63064125456691
O‘ahu::Mālaekahana,2025-03,5.79246821752285,-1.3742449980378257,-19.175387052659033,50.0,89.94920398398175
O‘ahu::Māʻiliʻili,2025-03,1.3863800096009509,-1.872460983145247,-57.45788110905467,33.0,84.46261986420856
O‘ahu::Niu,2025-03,1.67721111297115,-3.7687465460420166,-69.20264133535206,17.0,154.86243183184902
O‘ahu::Nuʻuanu,2025-03,3.8738255291226897,-3.995705968103721,-50.774381797849,23.0,98.67607747605359
O‘ahu::Nānākuli,2025-03,1.4066297847248899,-1.856433997103258,-56.89236010162148,38.0,80.08801710063108
O‘ahu::Pahole,2025-03,2.1938108820788678,-2.677090773606099,-54.9608873848149,25.0,104.84120527546894
O‘ahu::Papaʻakoko,2025-03,5.4858577858431765,-2.316675381397637,-29.691323724508766,45.0,77.41620545813623
O‘ahu::Paukauila,2025-03,5.530619272143627,-2.8223055081353943,-33.788230857756126,30.0,86.89816739616074
O‘ahu::Paumalū,2025-03,4.094081391287783,-1.236602735989563,-23.197824265403614,43.0,94.38063482198838
O‘ahu::Portlock,2025-03,0.7426826551688142,-2.587499161148891,-77.69843521666864,14.0,103.53197283417444
O‘ahu::Punaluʻu,2025-03,8.798762287067058,-4.378872878711853,-33.22958044917936,32.0,74.46464112569605
O‘ahu::Puʻuhawaiʻiloa,2025-03,2.1243211699695124,-1.7961920908002447,-45.81522804102386,35.0,94.48302342956192
O‘ahu::Pākūlena,2025-03,3.2003996749129318,-1.4389336915442659,-31.015958067335436,33.0,91.9294247812149
O‘ahu::Salt Lake,2025-03,1.8194597379429134,-1.6149933101624019,-47.02330436729497,34.0,93.79319127186331
O‘ahu::Ulehawa,2025-03,1.2033565215219848,-1.5692598802818274,-56.5985211391268,36.0,88.62842915383943
O‘ahu::Waialua,2025-03,1.8704881128140232,-2.0627577802774653,-52.444160277407924,25.0,93.28719559396168
O‘ahu::Waianu,2025-03,6.042848643845216,-3.09466212141069,-33.86767141416354,40.0,99.61243932271788
O‘ahu::Waiawa,2025-03,4.437242287846287,-3.231215829126011,-42.136447507934975,28.0,88.72613562586056
O‘ahu::Waikele,2025-03,3.2213908827233975,-2.5624170120421845,-44.30328701548341,25.0,75.04705761331726
O‘ahu::Waikāne,2025-03,7.1035814054952695,-3.981239764606631,-35.91613886694784,33.0,89.87043974362275
O‘ahu::Wailele,2025-03,6.292783736727511,-1.9887637447307736,-24.014397661589875,45.0,92.55077137304305
O‘ahu::Wailupe,2025-03,1.7948234632934452,-3.523507042473926,-66.25212627633653,17.0,131.04763126077802
O‘ahu::Waimalu,2025-03,3.861872471770356,-2.8337922227870553,-42.32279171760961,28.0,93.55524604195502
O‘ahu::Waimanalo,2025-03,2.169605256731983,-3.5493694401033844,-62.06303801391972,25.0,118.17429277788169
O‘ahu::Waimea,2025-03,5.4273834281608835,-2.3027116463909687,-29.788917525370373,37.0,90.23583313480272
O‘ahu::Waipio,2025-03,1.036646009430172,-1.3083940791332815,-55.79410286050972,40.0,65.16659125553558
O‘ahu::Waipuhi,2025-03,6.481460210845227,-2.305363532439304,-26.236596975115322,44.0,83.63167140175638
O‘ahu::Waiāhole,2025-03,7.440111485736881,-3.9838491825872753,-34.87274946274555,38.0,91.99482559476508
O‘ahu::Waiʻalaenui,2025-03,1.744231085895632,-2.9828337147465644,-63.101180976857584,17.0,115.86121028465843
O‘ahu::ʻAiea,2025-03,2.961014740279129,-2.31456025916792,-43.87313722979044,31.0,93.49292519235361
O‘ahu::ʻŌʻio,2025-03,4.6374525449943755,-0.6957379408456301,-13.045435798568663,58.0,88.14822452212785
