timestamp,WDuv_1_Avg_value,WS_1_Avg_value,WS_1_Max_value
2026-03-10 00:00:00,47.05,3.476,4.8
2026-03-10 00:05:00,49.48,3.868,6.11
2026-03-10 00:10:00,51.12,4.044,5.86
2026-03-10 00:15:00,53.03,3.775,4.54
2026-03-10 00:20:00,44.68,3.679,5.21
2026-03-10 00:25:00,44.69,3.828,5.04
2026-03-10 00:30:00,45.07,3.157,4.79
2026-03-10 00:35:00,50.36,3.733,5.53
2026-03-10 00:40:00,45.52,3.244,4.41
2026-03-10 00:45:00,53.56,2.771,3.55
2026-03-10 00:50:00,61.56,2.689,3.66
2026-03-10 00:55:00,59.99,2.754,4.16
2026-03-10 01:00:00,66.67,3.811,5.46
2026-03-10 01:05:00,66.47,3.253,5.24
2026-03-10 01:10:00,60.63,3.279,4.63
2026-03-10 01:15:00,53.16,2.415,3.29
2026-03-10 01:20:00,60.47,2.747,4.69
2026-03-10 01:25:00,58.45,3.106,4.2
2026-03-10 01:30:00,58.59,3.422,4.91
2026-03-10 01:35:00,60.32,3.476,5.49
2026-03-10 01:40:00,58.82,3.451,4.76
2026-03-10 01:45:00,48.77,3.195,4.23
2026-03-10 01:50:00,55.6,3.128,4.35
2026-03-10 01:55:00,58.53,2.906,4.36
2026-03-10 02:00:00,65.89,2.935,4.08
2026-03-10 02:05:00,57.61,2.962,4.01
2026-03-10 02:10:00,54.61,3.092,4.87
2026-03-10 02:15:00,50.95,3.277,4.91
2026-03-10 02:20:00,40.82,3.347,5.08
2026-03-10 02:25:00,42.18,3.128,4.09
2026-03-10 02:30:00,53.72,2.572,3.09
2026-03-10 02:35:00,66.59,2.481,3
2026-03-10 02:40:00,63.15,2.215,2.35
2026-03-10 02:45:00,28.99,2.419,2.93
2026-03-10 02:50:00,19.36,2.744,3.38
2026-03-10 02:55:00,34.56,2.956,4.35
2026-03-10 03:00:00,37.17,3.254,4.46
2026-03-10 03:05:00,29.76,2.946,3.89
2026-03-10 03:10:00,23.64,3.406,4.07
2026-03-10 03:15:00,24.12,3.351,4.64
2026-03-10 03:20:00,30.49,3.115,4.46
2026-03-10 03:25:00,31.33,3.066,3.92
2026-03-10 03:30:00,37.63,3.125,4.58
2026-03-10 03:35:00,33.98,2.922,3.91
2026-03-10 03:40:00,29.21,3.049,4.5
2026-03-10 03:45:00,47.76,3.131,4.42
2026-03-10 03:50:00,43.29,2.855,3.62
2026-03-10 03:55:00,40.49,2.639,3.51
2026-03-10 04:00:00,38.71,2.571,3.1
2026-03-10 04:05:00,54.87,3.025,4.2
2026-03-10 04:10:00,39.59,2.949,3.57
2026-03-10 04:15:00,36.76,3.058,3.92
2026-03-10 04:20:00,33.46,2.619,3.03
2026-03-10 04:25:00,52.35,2.823,4.13
2026-03-10 04:30:00,34.23,2.82,3.59
2026-03-10 04:35:00,34.11,2.773,3.38
2026-03-10 04:40:00,45.34,2.525,3.53
2026-03-10 04:45:00,53.46,2.519,3.36
2026-03-10 04:50:00,66.63,2.178,2.45
2026-03-10 04:55:00,82.5,2.017,2.34
2026-03-10 05:00:00,51.16,1.851,2.65
2026-03-10 05:05:00,65.9,2.298,2.81
2026-03-10 05:10:00,47.02,2.316,2.99
2026-03-10 05:15:00,48.17,2.338,2.83
2026-03-10 05:20:00,50.98,2.673,3.88
2026-03-10 05:25:00,47.95,2.993,4.37
2026-03-10 05:30:00,31.47,3.21,4.52
2026-03-10 05:35:00,41.13,3.314,4.6
2026-03-10 05:40:00,49.17,3.692,5.26
2026-03-10 05:45:00,53.29,3.316,4.53
2026-03-10 05:50:00,69.12,3.451,4.73
2026-03-10 05:55:00,65.26,3.219,4.79
2026-03-10 06:00:00,72.16,2.891,3.95
2026-03-10 06:05:00,61.56,2.83,4.8
2026-03-10 06:10:00,39.36,2.774,3.54
2026-03-10 06:15:00,43.8,3.221,4.6
2026-03-10 06:20:00,51.94,3.649,5.44
2026-03-10 06:25:00,54.9,3.201,6.02
2026-03-10 06:30:00,40.58,2.557,3.12
2026-03-10 06:35:00,73.43,2.912,4.46
2026-03-10 06:40:00,49.44,2.976,4.2
2026-03-10 06:45:00,41.12,3.435,4.17
2026-03-10 06:50:00,49.26,3.123,4.42
2026-03-10 06:55:00,47.43,3.64,5.04
2026-03-10 07:00:00,46.21,2.929,4.36
2026-03-10 07:05:00,59.27,3.097,4.15
2026-03-10 07:10:00,79.02,3.045,4.15
2026-03-10 07:15:00,86,2.229,2.73
2026-03-10 07:20:00,72.15,3.641,4.75
2026-03-10 07:25:00,68.94,3.413,4.37
2026-03-10 07:30:00,75.91,3.294,4.53
2026-03-10 07:35:00,85.4,3.669,5.35
2026-03-10 07:40:00,77.86,4.031,5.75
2026-03-10 07:45:00,65.61,3.361,4.25
2026-03-10 07:50:00,67.07,3.382,4.57
2026-03-10 07:55:00,70.6,4.028,5.3
2026-03-10 08:00:00,65.51,3.696,5.09
2026-03-10 08:05:00,63.74,3.608,5
2026-03-10 08:10:00,63.69,3.793,5.61
2026-03-10 08:15:00,77.53,3.666,5.37
2026-03-10 08:20:00,75.72,4.307,6.3
2026-03-10 08:25:00,83.3,3.432,5.19
2026-03-10 08:30:00,76.23,3.644,4.88
2026-03-10 08:35:00,84.1,3.724,5.26
2026-03-10 08:40:00,79.15,3.848,5.27
2026-03-10 08:45:00,82.5,3.982,5.64
2026-03-10 08:50:00,87.1,3.773,5.3
2026-03-10 08:55:00,84,3.45,5.97
2026-03-10 09:00:00,87.1,3.22,4.11
2026-03-10 09:05:00,91.1,2.91,4.27
2026-03-10 09:10:00,91.8,2.603,3.16
2026-03-10 09:15:00,89.8,2.882,4.01
2026-03-10 09:20:00,87.1,3.008,4.4
2026-03-10 09:25:00,95.3,3.145,4.71
2026-03-10 09:30:00,93.3,2.695,3.94
2026-03-10 09:35:00,99.5,2.918,4.47
2026-03-10 09:40:00,81.8,2.719,4.53
2026-03-10 09:45:00,79.26,3.01,4.42
2026-03-10 09:50:00,117.7,2.552,4.23
2026-03-10 09:55:00,109.8,2.475,3.48
2026-03-10 10:00:00,127.9,2.507,4.76
2026-03-10 10:05:00,115.2,2.592,4.06
2026-03-10 10:10:00,104,3.22,4.5
2026-03-10 10:15:00,101.9,3.06,4.67
2026-03-10 10:20:00,99.9,3.419,5
2026-03-10 10:25:00,96.2,3.435,5.34
2026-03-10 10:30:00,98.1,3.825,5.72
2026-03-10 10:35:00,95.9,3.821,5.9
2026-03-10 10:40:00,96.9,3.904,5.61
2026-03-10 10:45:00,95.4,3.976,6.32
2026-03-10 10:50:00,94.4,3.761,6.01
2026-03-10 10:55:00,93,4.125,5.45
2026-03-10 11:00:00,95.9,4.131,6.49
2026-03-10 11:05:00,90.8,3.455,5.37
2026-03-10 11:10:00,94.6,4.493,7.25
2026-03-10 11:15:00,93.3,3.882,6.09
2026-03-10 11:20:00,80.2,4.933,7.86
2026-03-10 11:25:00,94,4.488,6.22
2026-03-10 11:30:00,108.4,3.879,5.98
2026-03-10 11:35:00,116.8,3.879,6.63
2026-03-10 11:40:00,96.8,3.864,6.22
2026-03-10 11:45:00,103.2,3.51,6.37
2026-03-10 11:50:00,101.9,3.435,5.22
2026-03-10 11:55:00,94.7,3.308,5.17
2026-03-10 12:00:00,104.8,3.063,5.42
2026-03-10 12:05:00,96.1,3.587,5.6
2026-03-10 12:10:00,97.9,3.181,5.32
2026-03-10 12:15:00,91.3,2.548,3.85
2026-03-10 12:20:00,103.8,3.287,4.81
2026-03-10 12:25:00,95,3.89,6.05
2026-03-10 12:30:00,105.4,3.248,4.93
2026-03-10 12:35:00,124.8,3.362,5
2026-03-10 12:40:00,108.7,3.505,6.24
2026-03-10 12:45:00,104.7,3.262,5.02
2026-03-10 12:50:00,99.7,4.127,6.8
2026-03-10 12:55:00,92.6,4.121,5.84
2026-03-10 13:00:00,91.7,3.404,5.6
2026-03-10 13:05:00,98.9,3.339,5.04
2026-03-10 13:10:00,96.5,3.497,4.85
2026-03-10 13:15:00,102.6,3.625,4.97
2026-03-10 13:20:00,104.6,3.579,5.24
2026-03-10 13:25:00,99.2,3.039,4.83
2026-03-10 13:30:00,106.8,3.509,6.33
2026-03-10 13:35:00,96.5,3.433,6.7
2026-03-10 13:40:00,85.2,4.132,6.68
2026-03-10 13:45:00,84,4.271,6
2026-03-10 13:50:00,83.9,4.315,5.74
2026-03-10 13:55:00,94,3.982,4.95
2026-03-10 14:00:00,100.1,3.712,5.21
2026-03-10 14:05:00,94.5,3.632,5.83
2026-03-10 14:10:00,90.4,3.721,5.67
2026-03-10 14:15:00,85.5,3.995,5.99
2026-03-10 14:20:00,85.2,3.775,5.99
2026-03-10 14:25:00,102.9,3.086,5.48
2026-03-10 14:30:00,107.5,3.379,5.34
2026-03-10 14:35:00,103.3,3.256,5.76
2026-03-10 14:40:00,97.5,3.499,4.59
2026-03-10 14:45:00,96.4,3.453,5.4
2026-03-10 14:50:00,100.1,3.451,6.11
2026-03-10 14:55:00,102.5,2.851,4.72
2026-03-10 15:00:00,94.6,2.932,3.84
2026-03-10 15:05:00,94.3,3.39,5.65
2026-03-10 15:10:00,105.6,2.597,4.24
2026-03-10 15:15:00,103.8,3.239,5.21
2026-03-10 15:20:00,97.3,3.182,4.69
2026-03-10 15:25:00,95.1,3.495,5.47
2026-03-10 15:30:00,94.4,3.555,5.21
2026-03-10 15:35:00,103.3,3.005,4.54
2026-03-10 15:40:00,80.8,3.196,4.5
2026-03-10 15:45:00,74.97,3.114,4.71
2026-03-10 15:50:00,77.58,3.616,4.73
2026-03-10 15:55:00,75.06,2.971,4.15
2026-03-10 16:00:00,99,2.789,3.73
2026-03-10 16:05:00,97.5,2.789,3.72
2026-03-10 16:10:00,89.9,3.333,5
2026-03-10 16:15:00,89.8,3.184,4.05
2026-03-10 16:20:00,92.2,2.797,4.19
2026-03-10 16:25:00,88.7,2.689,3.34
2026-03-10 16:30:00,94.8,2.572,3.2
2026-03-10 16:35:00,86.3,2.855,3.89
2026-03-10 16:40:00,79.15,2.929,3.67
2026-03-10 16:45:00,75.03,2.413,3.03
2026-03-10 16:50:00,89.4,2.607,3.24
2026-03-10 16:55:00,66,2.422,2.9
2026-03-10 17:00:00,51.7,2.182,2.33
2026-03-10 17:05:00,341.6,0.942,2.04
2026-03-10 17:10:00,151.1,0.668,2.18
2026-03-10 17:15:00,11.27,0.686,0.96
2026-03-10 17:20:00,2.41,0.64,0.94
2026-03-10 17:25:00,14.06,0.716,0.99
2026-03-10 17:30:00,6.182,1.048,2.12
2026-03-10 17:35:00,279,0.749,0.99
2026-03-10 17:40:00,274.5,0.899,0.98
2026-03-10 17:45:00,258.7,0.689,0.99
2026-03-10 17:50:00,263.6,0.655,0.96
2026-03-10 17:55:00,287.3,0.395,0.8
2026-03-10 18:00:00,349.8,0.851,0.98
2026-03-10 18:05:00,359.7,2.36,2.73
2026-03-10 18:10:00,359.9,2.233,2.44
2026-03-10 18:15:00,357.5,2.084,2.15
2026-03-10 18:20:00,342,2.01,2.01
2026-03-10 18:25:00,322.5,2.08,2.08
2026-03-10 18:30:00,329.2,1.984,2.21
2026-03-10 18:35:00,337.5,2.331,2.71
2026-03-10 18:40:00,340.1,2.209,2.6
2026-03-10 18:45:00,343.7,2.357,2.87
2026-03-10 18:50:00,352.2,2.421,3.02
2026-03-10 18:55:00,3.234,2.385,2.95
2026-03-10 19:00:00,1.079,2.203,2.47
2026-03-10 19:05:00,24.2,1.022,2.01
2026-03-10 19:10:00,16.6,2.307,2.6
2026-03-10 19:15:00,6.8,2.719,3.28
2026-03-10 19:20:00,5.4,2.611,3.26
2026-03-10 19:25:00,2.817,2.48,3.09
2026-03-10 19:30:00,9.41,1.765,2.55
2026-03-10 19:35:00,13.5,1.034,2.09
2026-03-10 19:40:00,9.25,2.127,2.38
2026-03-10 19:45:00,4.972,2.188,2.52
2026-03-10 19:50:00,359.7,2.65,3.35
2026-03-10 19:55:00,357.4,2.639,3.14
2026-03-10 20:00:00,359.7,2.477,2.97
2026-03-10 20:05:00,8.79,2.317,3.25
2026-03-10 20:10:00,7.54,1.205,2.27
2026-03-10 20:15:00,0.777,2.044,2.65
2026-03-10 20:20:00,10.31,2.528,3.21
2026-03-10 20:25:00,356.9,1.833,2.39
2026-03-10 20:30:00,8.6,2.194,2.56
2026-03-10 20:35:00,9.81,0.893,2.31
2026-03-10 20:40:00,356.1,0.36,0.75
2026-03-10 20:45:00,336.2,0.849,0.99
2026-03-10 20:50:00,318.8,0.887,0.95
2026-03-10 20:55:00,347.4,2.246,2.56
2026-03-10 21:00:00,353.9,2.467,2.96
2026-03-10 21:05:00,352.9,2.517,2.9
2026-03-10 21:10:00,352.1,2.421,2.91
2026-03-10 21:15:00,347.2,2.225,2.55
2026-03-10 21:20:00,346.2,2.304,2.6
2026-03-10 21:25:00,344.6,2.163,2.43
2026-03-10 21:30:00,358.6,2.376,2.68
2026-03-10 21:35:00,358,2.268,2.48
2026-03-10 21:40:00,340.2,1.45,2.36
2026-03-10 21:45:00,257.4,0.404,0.85
2026-03-10 21:50:00,26.5,0.79,0.99
2026-03-10 21:55:00,1.367,2.445,3.35
2026-03-10 22:00:00,6.637,2.94,3.57
2026-03-10 22:05:00,359.8,2.686,3.22
2026-03-10 22:10:00,357.3,2.153,2.33
2026-03-10 22:15:00,6.335,0.827,0.94
2026-03-10 22:20:00,355.5,1.783,2.1
2026-03-10 22:25:00,344.5,0.767,0.99
2026-03-10 22:30:00,324.4,0.676,0.96
2026-03-10 22:35:00,327.9,1.16,2.08
2026-03-10 22:40:00,282,1.916,2.26
2026-03-10 22:45:00,275.1,2.143,2.21
2026-03-10 22:50:00,316.4,2.309,2.75
2026-03-10 22:55:00,319.4,2.252,2.64
2026-03-10 23:00:00,325.3,2.143,2.42
2026-03-10 23:05:00,333.4,2.181,2.41
2026-03-10 23:10:00,332.7,2.033,2.06
2026-03-10 23:15:00,NA,NA,0.87
2026-03-10 23:20:00,278.5,0.771,0.99
2026-03-10 23:25:00,270.7,1.99,2.35
2026-03-10 23:30:00,273.4,2.619,3.46
2026-03-10 23:35:00,285.9,2.687,3.47
2026-03-10 23:40:00,316,2.427,2.88
2026-03-10 23:45:00,319.8,2.453,3.19
2026-03-10 23:50:00,301.6,2.549,3.15
2026-03-10 23:55:00,275.1,2.528,3.45
2026-03-11 00:00:00,280.1,2.576,4
2026-03-11 00:05:00,302.8,2.242,2.91
2026-03-11 00:10:00,322.8,2.389,3.22
2026-03-11 00:15:00,327.7,2.344,2.75
2026-03-11 00:20:00,272.7,2.471,3.24
2026-03-11 00:25:00,255.4,2.831,3.76
2026-03-11 00:30:00,278,2.55,3.25
2026-03-11 00:35:00,337.4,2.615,3.8
2026-03-11 00:40:00,354.7,2.773,4.12
2026-03-11 00:45:00,324.8,2.456,2.89
2026-03-11 00:50:00,322.9,2.498,2.99
2026-03-11 00:55:00,269.9,1.373,2.56
2026-03-11 01:00:00,83.8,0.183,0.72
2026-03-11 01:05:00,221.3,0.742,0.95
2026-03-11 01:10:00,279,0.402,0.71
2026-03-11 01:15:00,34.83,0.399,0.73
2026-03-11 01:20:00,305.8,2.118,3.39
2026-03-11 01:25:00,303.1,2.446,3.02
2026-03-11 01:30:00,317.2,2.503,3.17
2026-03-11 01:35:00,324.3,2.47,3.31
2026-03-11 01:40:00,349.3,2.727,3.96
2026-03-11 01:45:00,358.3,2.482,3.27
2026-03-11 01:50:00,247.5,2.225,3.35
2026-03-11 01:55:00,248,2.921,4.1
2026-03-11 02:00:00,267,2.231,2.75
2026-03-11 02:05:00,272.7,2.324,2.79
2026-03-11 02:10:00,308.4,2.407,3.09
2026-03-11 02:15:00,327.1,2.76,3.86
2026-03-11 02:20:00,317,2.477,3.02
2026-03-11 02:25:00,4.697,0.91,2.89
2026-03-11 02:30:00,307.7,2.569,3.71
2026-03-11 02:35:00,324.9,2.714,3.78
2026-03-11 02:40:00,330.1,2.835,4.37
2026-03-11 02:45:00,339.2,2.572,3.25
2026-03-11 02:50:00,286,2.43,3.4
2026-03-11 02:55:00,294.1,2.339,3.84
2026-03-11 03:00:00,243.2,2.501,5.12
2026-03-11 03:05:00,219.6,0.596,0.98
2026-03-11 03:10:00,247.5,1.066,2.37
2026-03-11 03:15:00,75.07,0.653,0.94
2026-03-11 03:20:00,348.9,0.82,0.99
2026-03-11 03:25:00,258.3,1.989,3.33
2026-03-11 03:30:00,245.6,3.668,5.21
2026-03-11 03:35:00,263.5,3.044,3.95
2026-03-11 03:40:00,282.7,2.852,3.59
2026-03-11 03:45:00,291.5,3.185,4.39
2026-03-11 03:50:00,299.1,2.368,2.86
2026-03-11 03:55:00,301.8,2.652,3.5
2026-03-11 04:00:00,295.2,2.754,4.25
2026-03-11 04:05:00,341.1,1.669,4.18
2026-03-11 04:10:00,350.3,1.989,2.62
2026-03-11 04:15:00,338,2.726,4.02
2026-03-11 04:20:00,3.615,3.14,4.75
2026-03-11 04:25:00,16.64,3.394,4.84
2026-03-11 04:30:00,6.441,3.436,5.67
2026-03-11 04:35:00,29.76,2.721,5.19
2026-03-11 04:40:00,35.13,3.296,4.9
2026-03-11 04:45:00,30.5,2.631,3.67
2026-03-11 04:50:00,30.57,2.865,4.26
2026-03-11 04:55:00,45.64,3.083,4.46
2026-03-11 05:00:00,39.08,2.703,4.32
2026-03-11 05:05:00,53.47,3.559,4.97
2026-03-11 05:10:00,49.26,4.579,7.48
2026-03-11 05:15:00,49.32,4.716,6.7
2026-03-11 05:20:00,56.04,5.073,6.93
2026-03-11 05:25:00,76.82,4.354,5.95
2026-03-11 05:30:00,71.25,3.045,5.42
2026-03-11 05:35:00,60.14,3.759,5.25
2026-03-11 05:40:00,61.28,4.338,6.08
2026-03-11 05:45:00,67.29,2.722,3.83
2026-03-11 05:50:00,35.49,2.631,3.59
2026-03-11 05:55:00,40.96,3.008,4.97
2026-03-11 06:00:00,20.27,3.267,4.84
2026-03-11 06:05:00,16.77,3.021,4.33
2026-03-11 06:10:00,41.36,3.05,5.16
2026-03-11 06:15:00,22.29,1.78,2.52
2026-03-11 06:20:00,33.28,2.698,3.74
2026-03-11 06:25:00,47.08,2.847,3.87
2026-03-11 06:30:00,19.58,0.768,2.08
2026-03-11 06:35:00,24.55,2.427,3.62
2026-03-11 06:40:00,23.83,2.635,3.87
2026-03-11 06:45:00,6.88,2.703,3.69
2026-03-11 06:50:00,12.39,2.55,4.09
2026-03-11 06:55:00,18.59,2.706,3.39
2026-03-11 07:00:00,14.06,2.671,3.79
2026-03-11 07:05:00,13.72,2.508,3.3
2026-03-11 07:10:00,21.6,2.403,3.07
2026-03-11 07:15:00,24.81,2.296,3.08
2026-03-11 07:20:00,16.96,2.706,3.5
2026-03-11 07:25:00,23.6,2.666,3.92
2026-03-11 07:30:00,69.08,1.854,2.75
2026-03-11 07:35:00,9.32,2.458,3.02
2026-03-11 07:40:00,304.8,2.074,3.59
2026-03-11 07:45:00,288.2,1.179,2.69
2026-03-11 07:50:00,262.1,2.655,3.6
2026-03-11 07:55:00,245.3,1.003,4.2
2026-03-11 08:00:00,299,0.632,0.95
2026-03-11 08:05:00,343.2,0.823,0.94
2026-03-11 08:10:00,88.9,0.585,0.94
2026-03-11 08:15:00,199.4,0.792,3.02
2026-03-11 08:20:00,135.9,0.513,0.98
2026-03-11 08:25:00,23.29,0.476,0.96
2026-03-11 08:30:00,339.7,0.684,2.04
2026-03-11 08:35:00,249.3,1.425,3.07
2026-03-11 08:40:00,75.54,0.701,0.99
2026-03-11 08:45:00,165.1,0.931,3.36
2026-03-11 08:50:00,247.6,1.058,2.44
2026-03-11 08:55:00,244,0.577,0.96
2026-03-11 09:00:00,254.2,2.124,2.55
2026-03-11 09:05:00,272.5,1.545,2.54
2026-03-11 09:10:00,266.9,2.697,3.81
2026-03-11 09:15:00,259.9,2.33,2.85
2026-03-11 09:20:00,253.1,2.397,3.15
2026-03-11 09:25:00,264.9,2.232,2.95
2026-03-11 09:30:00,272.8,2.49,3.3
2026-03-11 09:35:00,241.6,1.508,2.5
2026-03-11 09:40:00,222.5,1.004,2.67
2026-03-11 09:45:00,241.5,2.12,2.78
2026-03-11 09:50:00,234.4,1.634,2.47
2026-03-11 09:55:00,241.6,2.613,3.07
2026-03-11 10:00:00,247.8,2.738,3.57
2026-03-11 10:05:00,244.5,2.322,3.15
2026-03-11 10:10:00,241.8,2.903,3.99
2026-03-11 10:15:00,261.2,2.338,3.05
2026-03-11 10:20:00,251.5,1.678,2.54
2026-03-11 10:25:00,264.9,1.187,2.34
2026-03-11 10:30:00,219.7,1.117,2.53
2026-03-11 10:35:00,258.4,1.163,2.75
2026-03-11 10:40:00,225.1,0.706,2.01
2026-03-11 10:45:00,177.8,0.862,2.52
2026-03-11 10:50:00,189.9,1.569,2.63
2026-03-11 10:55:00,202.2,2.127,2.92
2026-03-11 11:00:00,168.6,1.233,2.33
2026-03-11 11:05:00,180.5,2.009,2.99
2026-03-11 11:10:00,186.4,1.432,2.91
2026-03-11 11:15:00,206.3,0.577,0.98
2026-03-11 11:20:00,134.4,0.639,0.98
2026-03-11 11:25:00,173.5,0.684,0.98
2026-03-11 11:30:00,184.3,1.457,2.9
2026-03-11 11:35:00,205.2,1.019,2.98
2026-03-11 11:40:00,169,0.708,2.02
2026-03-11 11:45:00,197.3,0.922,2.29
2026-03-11 11:50:00,188.2,1.033,2.45
2026-03-11 11:55:00,198.5,1.191,2.24
2026-03-11 12:00:00,200.7,2.212,3.69
2026-03-11 12:05:00,193.3,2.021,2.86
2026-03-11 12:10:00,195.2,2.376,3.78
2026-03-11 12:15:00,225.1,2.437,4.22
2026-03-11 12:20:00,211.9,2.405,4.24
2026-03-11 12:25:00,236.2,2.037,2.79
2026-03-11 12:30:00,223.4,1.57,2.36
2026-03-11 12:35:00,210.7,1.625,2.6
2026-03-11 12:40:00,215.1,1.598,3.64
2026-03-11 12:45:00,198.2,1.826,3.02
2026-03-11 12:50:00,222.4,2.131,3.25
2026-03-11 12:55:00,186.4,2.436,3.8
2026-03-11 13:00:00,207.5,2.44,3.62
2026-03-11 13:05:00,247,0.586,0.96
2026-03-11 13:10:00,341.7,0.657,0.99
2026-03-11 13:15:00,332.8,0.67,0.96
2026-03-11 13:20:00,1.924,0.595,0.97
2026-03-11 13:25:00,243.8,0.65,0.97
2026-03-11 13:30:00,160.5,0.821,0.97
2026-03-11 13:35:00,162.7,0.673,0.96
2026-03-11 13:40:00,60.8,2.017,2.39
2026-03-11 13:45:00,359.7,0.938,2.13
2026-03-11 13:50:00,42.49,0.655,0.99
2026-03-11 13:55:00,134.2,0.67,2.04
2026-03-11 14:00:00,177.6,0.831,2.49
2026-03-11 14:05:00,189.1,1.76,2.8
2026-03-11 14:10:00,228.5,2.039,3.42
2026-03-11 14:15:00,210.5,1.401,2.48
2026-03-11 14:20:00,226.4,2.74,4.12
2026-03-11 14:25:00,233.6,1.769,2.62
2026-03-11 14:30:00,231.7,2.566,3.66
2026-03-11 14:35:00,233.8,2.232,3.2
2026-03-11 14:40:00,231.9,2.472,3.26
2026-03-11 14:45:00,246.8,3.101,4.21
2026-03-11 14:50:00,254.1,2.527,3.34
2026-03-11 14:55:00,246.5,2.184,3.04
2026-03-11 15:00:00,252.8,2.656,3.42
2026-03-11 15:05:00,235.5,2.109,3.22
2026-03-11 15:10:00,254.6,1.112,2.75
2026-03-11 15:15:00,212.4,1.64,2.66
2026-03-11 15:20:00,195.2,2.026,3.82
2026-03-11 15:25:00,209.1,1.31,2.62
2026-03-11 15:30:00,242,3.089,3.94
2026-03-11 15:35:00,242,2.622,4.01
2026-03-11 15:40:00,245.1,2.932,3.74
2026-03-11 15:45:00,255.9,2.203,3.06
2026-03-11 15:50:00,272.9,2.363,2.82
2026-03-11 15:55:00,268.9,1.094,2.33
2026-03-11 16:00:00,37.12,0.567,0.99
2026-03-11 16:05:00,61.58,2.238,2.46
2026-03-11 16:10:00,192,0.881,2.36
2026-03-11 16:15:00,251,3.26,5.07
2026-03-11 16:20:00,346.4,2.46,3.12
2026-03-11 16:25:00,344.4,1.636,2.97
2026-03-11 16:30:00,253.9,1.748,5.5
2026-03-11 16:35:00,217.6,1.788,3.27
2026-03-11 16:40:00,240.5,3.28,5.05
2026-03-11 16:45:00,244.2,2.983,4.9
2026-03-11 16:50:00,249.5,3.219,5.12
2026-03-11 16:55:00,255.9,3.383,4.46
2026-03-11 17:00:00,269.7,3.021,3.99
2026-03-11 17:05:00,276.2,3.17,4.2
2026-03-11 17:10:00,272.4,2.268,2.45
2026-03-11 17:15:00,252.3,1.713,3.51
2026-03-11 17:20:00,248.8,2.866,4.29
2026-03-11 17:25:00,249.8,3.045,4.02
2026-03-11 17:30:00,285.1,2.555,3.31
2026-03-11 17:35:00,281.3,2.946,3.85
2026-03-11 17:40:00,270.2,2.552,4.01
2026-03-11 17:45:00,252,3.303,5.47
2026-03-11 17:50:00,262,3.341,4.85
2026-03-11 17:55:00,255.7,3.54,5.45
2026-03-11 18:00:00,242.8,3.124,4.07
2026-03-11 18:05:00,247.3,3.3,5.38
2026-03-11 18:10:00,244.3,4.038,6.31
2026-03-11 18:15:00,246.7,3.437,5.7
2026-03-11 18:20:00,242.6,2.955,3.79
2026-03-11 18:25:00,242,2.887,5.64
2026-03-11 18:30:00,227,2.374,3.85
2026-03-11 18:35:00,235.1,2.427,4.67
2026-03-11 18:40:00,251.4,3.852,5.53
2026-03-11 18:45:00,249.3,4.054,7.9
2026-03-11 18:50:00,234.3,2.384,3.5
2026-03-11 18:55:00,246.6,3.039,4.02
2026-03-11 19:00:00,246.3,4.179,6.77
2026-03-11 19:05:00,243.8,4.751,6.87
2026-03-11 19:10:00,229.4,3.103,4.86
2026-03-11 19:15:00,236.7,3.574,5.53
2026-03-11 19:20:00,225.5,3.175,4.56
2026-03-11 19:25:00,249,4.25,5.49
2026-03-11 19:30:00,244.6,3.369,4.99
2026-03-11 19:35:00,244.7,3.118,4.3
2026-03-11 19:40:00,260.4,2.004,2.34
2026-03-11 19:45:00,253.8,2.615,4.09
2026-03-11 19:50:00,252.3,3.174,5.76
2026-03-11 19:55:00,194.1,3.712,7.7
2026-03-11 20:00:00,229.8,4.67,9.12
2026-03-11 20:05:00,234,5.183,7.82
2026-03-11 20:10:00,237.3,4.526,6.34
2026-03-11 20:15:00,243.4,3.882,5.86
2026-03-11 20:20:00,239.4,3.04,5.19
2026-03-11 20:25:00,245.8,2.551,3.58
2026-03-11 20:30:00,225.6,1.793,2.43
2026-03-11 20:35:00,235.5,2.796,3.85
2026-03-11 20:40:00,245.2,3.246,4.63
2026-03-11 20:45:00,248.4,3.082,4.18
2026-03-11 20:50:00,260.9,2.69,3.85
2026-03-11 20:55:00,249.2,2.051,3.2
2026-03-11 21:00:00,248.3,3.439,5.89
2026-03-11 21:05:00,244.4,4.014,7
2026-03-11 21:10:00,237.9,3.83,7.27
2026-03-11 21:15:00,249.3,3.227,4.83
2026-03-11 21:20:00,267.3,3.332,4.56
2026-03-11 21:25:00,279.1,2.837,3.84
2026-03-11 21:30:00,278.2,3.082,3.81
2026-03-11 21:35:00,283.7,2.666,3.6
2026-03-11 21:40:00,259.7,2.763,3.66
2026-03-11 21:45:00,262.8,2.896,3.95
2026-03-11 21:50:00,270.4,3.063,4.76
2026-03-11 21:55:00,283.7,2.974,4.18
2026-03-11 22:00:00,284.4,3.002,4
2026-03-11 22:05:00,275.9,3.087,4.07
2026-03-11 22:10:00,284.9,3.031,3.98
2026-03-11 22:15:00,275.8,3.515,4.57
2026-03-11 22:20:00,259.8,3.848,6.35
2026-03-11 22:25:00,269.8,2.757,3.83
2026-03-11 22:30:00,273.7,3.416,4.38
2026-03-11 22:35:00,264.2,3.415,4.68
2026-03-11 22:40:00,267,2.768,3.9
2026-03-11 22:45:00,267,2.195,2.95
2026-03-11 22:50:00,255.8,2.402,2.82
2026-03-11 22:55:00,252.6,2.91,4.04
2026-03-11 23:00:00,258.7,2.705,3.72
2026-03-11 23:05:00,266.5,3.121,4.67
2026-03-11 23:10:00,276.4,3.111,4.07
2026-03-11 23:15:00,281.1,2.74,3.73
2026-03-11 23:20:00,278.3,2.749,4.31
2026-03-11 23:25:00,275.3,2.966,4.49
2026-03-11 23:30:00,281.2,2.843,3.99
2026-03-11 23:35:00,285.1,2.682,4.46
2026-03-11 23:40:00,290.1,2.337,2.91
2026-03-11 23:45:00,283.1,2.456,3.18
2026-03-11 23:50:00,279,2.625,3.41
2026-03-11 23:55:00,277.5,2.643,3.47
2026-03-12 00:00:00,283.5,2.341,2.7
2026-03-12 00:05:00,286.7,2.108,2.18
2026-03-12 00:10:00,294.1,2.134,2.4
2026-03-12 00:15:00,267.6,2.177,2.34
2026-03-12 00:20:00,251.6,2.566,4.04
2026-03-12 00:25:00,261,2.669,3.33
2026-03-12 00:30:00,277.4,2.48,3.22
2026-03-12 00:35:00,280.7,2.18,2.5
2026-03-12 00:40:00,250.1,2.404,3.54
2026-03-12 00:45:00,266.8,2.535,3.29
2026-03-12 00:50:00,307.4,2.563,2.99
2026-03-12 00:55:00,287.5,1.59,2.34
2026-03-12 01:00:00,253.4,2.302,2.93
2026-03-12 01:05:00,322.4,2.598,3.93
2026-03-12 01:10:00,263.1,2.514,4.42
2026-03-12 01:15:00,290.9,2.433,3.13
2026-03-12 01:20:00,276.3,2.987,4.06
2026-03-12 01:25:00,268.9,2.563,3.36
2026-03-12 01:30:00,316.1,1.079,2.8
2026-03-12 01:35:00,266.9,1.705,4.39
2026-03-12 01:40:00,352.1,0.666,0.98
2026-03-12 01:45:00,333.3,0.732,0.99
2026-03-12 01:50:00,289.3,2.322,3.02
2026-03-12 01:55:00,286.4,2.407,3.13
2026-03-12 02:00:00,280.7,3.12,4.17
2026-03-12 02:05:00,296.7,2.456,2.8
2026-03-12 02:10:00,321.7,2.44,2.83
2026-03-12 02:15:00,330.3,2.456,3.08
2026-03-12 02:20:00,336.3,2.144,2.49
2026-03-12 02:25:00,315.8,2.341,2.85
2026-03-12 02:30:00,272.2,2.513,3.37
2026-03-12 02:35:00,262.8,2.842,3.74
2026-03-12 02:40:00,278.1,2.654,3.33
2026-03-12 02:45:00,312.7,2.25,2.46
2026-03-12 02:50:00,342,2.222,2.44
2026-03-12 02:55:00,346.9,2.04,2.56
2026-03-12 03:00:00,293.7,0.678,0.98
2026-03-12 03:05:00,210.3,0.748,2.17
2026-03-12 03:10:00,314.8,0.937,0.97
2026-03-12 03:15:00,322.6,2.245,2.48
2026-03-12 03:20:00,331.8,2.374,2.74
2026-03-12 03:25:00,335.6,2.176,2.45
2026-03-12 03:30:00,32.07,0.607,0.99
2026-03-12 03:35:00,332.4,0.769,0.93
2026-03-12 03:40:00,234.7,0.687,0.95
2026-03-12 03:45:00,264.9,0.476,0.91
2026-03-12 03:50:00,325.4,0.84,0.95
2026-03-12 03:55:00,NA,NA,NA
2026-03-12 04:00:00,1.5,0.91,0.91
2026-03-12 04:05:00,NA,NA,NA
2026-03-12 04:10:00,343.5,2.265,2.32
2026-03-12 04:15:00,347.4,2.17,2.62
2026-03-12 04:20:00,0.138,2.443,2.95
2026-03-12 04:25:00,7.618,2.383,2.77
2026-03-12 04:30:00,6.929,2.351,2.73
2026-03-12 04:35:00,358.5,2.185,2.32
2026-03-12 04:40:00,357.5,1.624,2.12
2026-03-12 04:45:00,332.5,0.92,0.92
2026-03-12 04:50:00,332.5,2.215,2.26
2026-03-12 04:55:00,NA,NA,NA
2026-03-12 05:00:00,NA,NA,NA
2026-03-12 05:05:00,359.5,2.065,2.17
2026-03-12 05:10:00,NA,NA,NA
2026-03-12 05:15:00,345.8,0.883,0.99
2026-03-12 05:20:00,NA,NA,NA
2026-03-12 05:25:00,1.458,0.923,0.98
2026-03-12 05:30:00,331.5,2.14,2.25
2026-03-12 05:35:00,325.8,1.846,2.3
2026-03-12 05:40:00,304.3,0.813,0.95
2026-03-12 05:45:00,254.2,2.523,3.33
2026-03-12 05:50:00,246.4,2.983,4.28
2026-03-12 05:55:00,325,0.855,2.26
2026-03-12 06:00:00,18.33,2.405,2.86
2026-03-12 06:05:00,10.03,1.898,2.63
2026-03-12 06:10:00,272.4,1.162,2.53
2026-03-12 06:15:00,300.7,0.615,0.99
2026-03-12 06:20:00,357.5,2.07,2.07
2026-03-12 06:25:00,2.823,2.276,2.76
2026-03-12 06:30:00,0.778,2.545,3.18
2026-03-12 06:35:00,4.061,2.253,2.92
2026-03-12 06:40:00,72.19,0.913,2.26
2026-03-12 06:45:00,178.4,0.927,2.3
2026-03-12 06:50:00,253.6,0.613,2.29
2026-03-12 06:55:00,337.1,2.198,2.4
2026-03-12 07:00:00,347.2,2.106,2.69
2026-03-12 07:05:00,346.9,0.839,0.92
2026-03-12 07:10:00,92.7,0.49,0.84
2026-03-12 07:15:00,292.7,0.276,0.64
2026-03-12 07:20:00,167.5,0.415,0.73
2026-03-12 07:25:00,2.809,0.391,0.57
2026-03-12 07:30:00,303.6,0.634,0.99
2026-03-12 07:35:00,321.5,0.91,NA
2026-03-12 07:40:00,333.5,2.169,2.3
2026-03-12 07:45:00,342.9,2.246,2.46
2026-03-12 07:50:00,339.5,2,2
2026-03-12 07:55:00,25.98,0.903,0.99
2026-03-12 08:00:00,92,0.787,0.97
2026-03-12 08:05:00,103.3,0.745,0.98
2026-03-12 08:10:00,77.55,0.821,0.99
2026-03-12 08:15:00,81.1,2.227,2.57
2026-03-12 08:20:00,75.88,2.35,2.82
2026-03-12 08:25:00,38.89,2.829,4.05
2026-03-12 08:30:00,30.5,3.259,4.77
2026-03-12 08:35:00,49.59,2.91,3.71
2026-03-12 08:40:00,64.21,2.464,3.17
2026-03-12 08:45:00,80.5,2.483,3.58
2026-03-12 08:50:00,51.15,3.254,5.37
2026-03-12 08:55:00,37.98,2.939,4.23
2026-03-12 09:00:00,27.93,2.854,3.5
2026-03-12 09:05:00,16.39,2.672,3.74
2026-03-12 09:10:00,28.55,2.799,4.18
2026-03-12 09:15:00,36.28,2.538,3.43
2026-03-12 09:20:00,42.71,2.392,3.11
2026-03-12 09:25:00,72.56,2.185,2.42
2026-03-12 09:30:00,87.3,2.175,2.94
2026-03-12 09:35:00,73.3,2.141,2.31
2026-03-12 09:40:00,45.55,1.947,2.29
2026-03-12 09:45:00,17.93,2.166,2.3
2026-03-12 09:50:00,36.73,2.218,2.92
2026-03-12 09:55:00,46.97,2.757,3.38
2026-03-12 10:00:00,53.39,2.351,3.52
2026-03-12 10:05:00,189.5,0.438,0.89
2026-03-12 10:10:00,332.3,0.736,0.96
2026-03-12 10:15:00,41.64,2.756,4
2026-03-12 10:20:00,23.27,3.051,4.34
2026-03-12 10:25:00,13.08,2.696,3.37
2026-03-12 10:30:00,23.22,2.448,3.65
2026-03-12 10:35:00,42.24,2.6,3.55
2026-03-12 10:40:00,36.56,2.509,3.89
2026-03-12 10:45:00,34.1,2.34,2.78
2026-03-12 10:50:00,54.94,0.839,0.98
2026-03-12 10:55:00,42.09,1.078,2.11
2026-03-12 11:00:00,50.26,2.187,2.51
2026-03-12 11:05:00,41.43,2.22,3.01
2026-03-12 11:10:00,36.92,2.524,3.23
2026-03-12 11:15:00,67.21,2.496,2.91
2026-03-12 11:20:00,81.7,2.375,3.46
2026-03-12 11:25:00,74.3,2.323,2.44
2026-03-12 11:30:00,43.21,2.179,2.76
2026-03-12 11:35:00,72.25,0.903,0.96
2026-03-12 11:40:00,195.9,1.525,3.33
2026-03-12 11:45:00,177.8,0.69,0.99
2026-03-12 11:50:00,170.8,1.015,2.05
2026-03-12 11:55:00,246,0.734,0.99
2026-03-12 12:00:00,269.9,0.842,0.99
2026-03-12 12:05:00,284.7,0.863,0.99
2026-03-12 12:10:00,352.4,2.147,2.65
2026-03-12 12:15:00,8.04,1.741,3.39
2026-03-12 12:20:00,57.13,2.539,3.93
2026-03-12 12:25:00,50.92,2.578,3.43
2026-03-12 12:30:00,53.19,1.961,2.69
2026-03-12 12:35:00,54.28,2.37,2.81
2026-03-12 12:40:00,77.7,0.742,0.97
2026-03-12 12:45:00,72.03,1.103,2.33
2026-03-12 12:50:00,88.3,1.884,2.66
2026-03-12 12:55:00,87.5,0.89,0.89
2026-03-12 13:00:00,84.5,0.902,0.98
2026-03-12 13:05:00,103,1.475,2.1
2026-03-12 13:10:00,167,0.735,0.97
2026-03-12 13:15:00,181.6,0.686,0.89
2026-03-12 13:20:00,205.1,0.654,0.97
2026-03-12 13:25:00,233.9,0.573,0.87
2026-03-12 13:30:00,232.7,0.703,0.95
2026-03-12 13:35:00,275.2,0.476,0.94
2026-03-12 13:40:00,30.51,0.527,0.97
2026-03-12 13:45:00,23.5,0.653,0.97
2026-03-12 13:50:00,34.42,1.277,2.35
2026-03-12 13:55:00,54.62,2.164,2.37
2026-03-12 14:00:00,69.44,2.651,3.59
2026-03-12 14:05:00,116.3,2.534,4.24
2026-03-12 14:10:00,107,1.804,2.49
2026-03-12 14:15:00,105.8,1.7,2.4
2026-03-12 14:20:00,103,2.358,3.56
2026-03-12 14:25:00,96.9,2.556,3.78
2026-03-12 14:30:00,78.5,3.114,4.23
2026-03-12 14:35:00,72.83,2.833,3.76
2026-03-12 14:40:00,62.37,3.304,4.45
2026-03-12 14:45:00,81.5,3.518,5.03
2026-03-12 14:50:00,65.44,3.744,5.48
2026-03-12 14:55:00,55.27,3.041,4.16
2026-03-12 15:00:00,78.18,4.238,7.77
2026-03-12 15:05:00,90.6,3.077,4.4
2026-03-12 15:10:00,74.17,3.499,5.31
2026-03-12 15:15:00,73.41,3.553,5.17
2026-03-12 15:20:00,70.01,3.344,5.13
2026-03-12 15:25:00,87,2.749,3.91
2026-03-12 15:30:00,104.9,2.1,3.19
2026-03-12 15:35:00,95.5,2.274,2.81
2026-03-12 15:40:00,97,0.639,0.97
2026-03-12 15:45:00,78.72,0.662,0.94
2026-03-12 15:50:00,90.9,0.784,0.94
2026-03-12 15:55:00,94.5,1.617,2.06
2026-03-12 16:00:00,137,0.875,2.04
2026-03-12 16:05:00,103.6,0.427,0.95
2026-03-12 16:10:00,39.19,0.582,0.92
2026-03-12 16:15:00,40.9,1.666,2.38
2026-03-12 16:20:00,37.65,2.554,3.25
2026-03-12 16:25:00,48.33,2.775,3.57
2026-03-12 16:30:00,57.01,2.774,3.95
2026-03-12 16:35:00,77.8,2.375,3
2026-03-12 16:40:00,74,2.325,2.61
2026-03-12 16:45:00,84.8,2.123,2.29
2026-03-12 16:50:00,59.79,2.329,2.94
2026-03-12 16:55:00,77.6,1.969,2.91
2026-03-12 17:00:00,87.1,0.819,0.99
2026-03-12 17:05:00,129.1,0.579,0.99
2026-03-12 17:10:00,102.5,0.732,0.99
2026-03-12 17:15:00,95.1,0.696,0.97
2026-03-12 17:20:00,71.29,0.773,0.99
2026-03-12 17:25:00,50.76,0.78,0.95
2026-03-12 17:30:00,34.19,0.871,0.98
2026-03-12 17:35:00,9.68,0.806,0.96
2026-03-12 17:40:00,356.9,0.519,0.88
2026-03-12 17:45:00,77.09,0.665,0.97
2026-03-12 17:50:00,51.46,0.587,0.93
2026-03-12 17:55:00,2.785,0.927,0.98
2026-03-12 18:00:00,351.5,0.98,0.98
2026-03-12 18:05:00,356.9,2.17,2.26
2026-03-12 18:10:00,351,2.073,2.12
2026-03-12 18:15:00,331.9,0.837,2.01
2026-03-12 18:20:00,329.6,2.152,2.25
2026-03-12 18:25:00,328.1,2.336,2.99
2026-03-12 18:30:00,330.6,2.473,3.11
2026-03-12 18:35:00,339.6,2.658,3.47
2026-03-12 18:40:00,340.6,2.541,3.14
2026-03-12 18:45:00,345.5,2.67,3.31
2026-03-12 18:50:00,332.1,2.297,3.53
2026-03-12 18:55:00,303.8,2.211,2.94
2026-03-12 19:00:00,294.1,2.214,3.08
2026-03-12 19:05:00,340.4,0.667,0.93
2026-03-12 19:10:00,230.3,2.08,2.95
2026-03-12 19:15:00,252.8,2.235,3
2026-03-12 19:20:00,252.4,2.541,3.05
2026-03-12 19:25:00,267.7,2.353,2.66
2026-03-12 19:30:00,345.5,2.38,2.82
2026-03-12 19:35:00,340.5,0.852,0.96
2026-03-12 19:40:00,36.68,0.9,2.22
2026-03-12 19:45:00,344.9,2.198,2.45
2026-03-12 19:50:00,5.939,1.132,2.45
2026-03-12 19:55:00,319.4,1.321,2.15
2026-03-12 20:00:00,303.9,1.159,2.94
2026-03-12 20:05:00,220.8,1.995,3.38
2026-03-12 20:10:00,255.4,2.628,3.92
2026-03-12 20:15:00,319.3,1.956,2.82
2026-03-12 20:20:00,267,1.341,2.6
2026-03-12 20:25:00,327.5,2.269,2.88
2026-03-12 20:30:00,289.9,2.687,4.09
2026-03-12 20:35:00,241.5,2.5,5.03
2026-03-12 20:40:00,283.9,3.061,4.59
2026-03-12 20:45:00,285.2,2.93,4.88
2026-03-12 20:50:00,266.8,2.869,4.42
2026-03-12 20:55:00,256.5,2.689,5.76
2026-03-12 21:00:00,257.8,2.54,3.28
2026-03-12 21:05:00,276.2,2.937,3.89
2026-03-12 21:10:00,299.9,2.533,3.25
2026-03-12 21:15:00,284.5,2.694,3.96
2026-03-12 21:20:00,283.8,3.168,5
2026-03-12 21:25:00,271.1,2.943,4.01
2026-03-12 21:30:00,267.9,2.418,3.64
2026-03-12 21:35:00,253.5,2.651,3.76
2026-03-12 21:40:00,285.6,1.314,3.13
2026-03-12 21:45:00,277,1.33,3.12
2026-03-12 21:50:00,273.6,2.324,3.93
2026-03-12 21:55:00,350.4,1.217,2.58
2026-03-12 22:00:00,170.4,0.822,2.26
2026-03-12 22:05:00,222,2.054,3.47
2026-03-12 22:10:00,208.5,2.038,2.94
2026-03-12 22:15:00,247.6,2.971,4.27
2026-03-12 22:20:00,247.9,3.112,4.38
2026-03-12 22:25:00,270.5,2.521,3.16
2026-03-12 22:30:00,317.7,1.084,2.23
2026-03-12 22:35:00,359,2.37,3.42
2026-03-12 22:40:00,13.08,2.407,2.84
2026-03-12 22:45:00,22.53,2.494,3
2026-03-12 22:50:00,23.67,2.475,2.94
2026-03-12 22:55:00,24.79,2.851,3.81
2026-03-12 23:00:00,27.89,3.237,4.68
2026-03-12 23:05:00,31.02,3.492,4.61
2026-03-12 23:10:00,32.39,2.953,3.92
2026-03-12 23:15:00,28.53,2.91,4.04
2026-03-12 23:20:00,32.24,2.989,6.14
2026-03-12 23:25:00,45.45,2.471,3.73
2026-03-12 23:30:00,33.09,2.768,3.71
2026-03-12 23:35:00,38.99,2.684,4.19
2026-03-12 23:40:00,42.65,2.793,3.39
2026-03-12 23:45:00,48.71,2.227,3.76
2026-03-12 23:50:00,32.97,2.654,4.08
2026-03-12 23:55:00,39.57,3.26,4.86
2026-03-13 00:00:00,35.85,3.613,5.32
2026-03-13 00:05:00,49.89,2.932,3.96
2026-03-13 00:10:00,31.22,3.051,4.41
2026-03-13 00:15:00,21.52,1.996,3.05
2026-03-13 00:20:00,24.49,2.383,3.36
2026-03-13 00:25:00,41.71,2.931,5.24
2026-03-13 00:30:00,47.93,3.126,4.57
2026-03-13 00:35:00,72.24,2.88,3.89
2026-03-13 00:40:00,77.75,2.585,3.73
2026-03-13 00:45:00,54.66,2.934,3.95
2026-03-13 00:50:00,33.3,3.11,3.81
2026-03-13 00:55:00,44.01,2.659,3.37
2026-03-13 01:00:00,37.63,3.336,4.58
2026-03-13 01:05:00,25.25,2.585,3.38
2026-03-13 01:10:00,30.68,3.937,5.83
2026-03-13 01:15:00,11.04,3.854,6.57
2026-03-13 01:20:00,55.98,4.371,7.37
2026-03-13 01:25:00,352.7,2.907,6.17
2026-03-13 01:30:00,38.54,3.332,4.36
2026-03-13 01:35:00,34.08,2.505,3.41
2026-03-13 01:40:00,60.81,3.278,5.08
2026-03-13 01:45:00,67.64,2.212,3.9
2026-03-13 01:50:00,63.56,3.733,5.49
2026-03-13 01:55:00,38.4,2.742,3.9
2026-03-13 02:00:00,25.35,3.191,4.39
2026-03-13 02:05:00,27.59,3.171,4.27
2026-03-13 02:10:00,46.65,2.865,4.19
2026-03-13 02:15:00,15.72,2.58,3.59
2026-03-13 02:20:00,17.06,2.894,3.9
2026-03-13 02:25:00,51.46,3.015,5.54
2026-03-13 02:30:00,98.3,3.096,5.2
2026-03-13 02:35:00,106.4,2.879,5.19
2026-03-13 02:40:00,91,3.317,7.97
2026-03-13 02:45:00,319.8,2.458,4.72
2026-03-13 02:50:00,7.6,3.191,5.67
2026-03-13 02:55:00,40.77,4.55,8.72
2026-03-13 03:00:00,12.74,1.801,3.13
2026-03-13 03:05:00,350.3,1.729,3
2026-03-13 03:10:00,16.08,2.399,3.59
2026-03-13 03:15:00,35.71,2.697,4.63
2026-03-13 03:20:00,44.39,3.544,5.41
2026-03-13 03:25:00,68.49,1.319,2.73
2026-03-13 03:30:00,21.67,3.621,5.7
2026-03-13 03:35:00,353.3,2.752,4.59
2026-03-13 03:40:00,120.1,2.724,7.42
2026-03-13 03:45:00,113.9,2.892,6.53
2026-03-13 03:50:00,63.38,3.386,4.95
2026-03-13 03:55:00,74.65,2.621,3.26
2026-03-13 04:00:00,50.43,3.957,7.74
2026-03-13 04:05:00,335.4,2.623,4.67
2026-03-13 04:10:00,293.2,4.493,6.82
2026-03-13 04:15:00,46.1,2.214,4.26
2026-03-13 04:20:00,53.51,2.272,3.43
2026-03-13 04:25:00,27.62,2.241,3.03
2026-03-13 04:30:00,35.53,1.95,2.39
2026-03-13 04:35:00,334,1.495,2.05
2026-03-13 04:40:00,319.4,0.727,2.09
2026-03-13 04:45:00,37.73,1.341,2.78
2026-03-13 04:50:00,81.9,1.29,2.19
2026-03-13 04:55:00,304.8,2.153,2.96
2026-03-13 05:00:00,341.4,2.423,3
2026-03-13 05:05:00,297,2.447,3.44
2026-03-13 05:10:00,343.2,2.526,3.12
2026-03-13 05:15:00,315.6,2.196,4.24
2026-03-13 05:20:00,355,2.06,4.85
2026-03-13 05:25:00,300.8,3.125,4.36
2026-03-13 05:30:00,326.1,2.172,4.17
2026-03-13 05:35:00,311.4,3.243,5.78
2026-03-13 05:40:00,0.194,1.964,3.27
2026-03-13 05:45:00,6.779,3.326,6.26
2026-03-13 05:50:00,316.1,4.127,5.83
2026-03-13 05:55:00,275.5,1.573,2.44
2026-03-13 06:00:00,307.1,1.718,3.52
2026-03-13 06:05:00,202.7,1.045,2.42
2026-03-13 06:10:00,201.7,0.669,0.99
2026-03-13 06:15:00,25.71,1.113,2.57
2026-03-13 06:20:00,19.46,0.957,2.41
2026-03-13 06:25:00,32.37,2.621,3.42
2026-03-13 06:30:00,334.3,0.72,0.89
2026-03-13 06:35:00,292.2,3.197,6.43
2026-03-13 06:40:00,243.8,2.75,4.99
2026-03-13 06:45:00,169.3,1.85,3.12
2026-03-13 06:50:00,109.8,2.056,3.5
2026-03-13 06:55:00,167.5,1.34,2.85
2026-03-13 07:00:00,129.6,2.069,6.35
2026-03-13 07:05:00,192.7,2.916,7.18
2026-03-13 07:10:00,219,2.206,5.48
2026-03-13 07:15:00,227.5,3.012,4.93
2026-03-13 07:20:00,222.2,3.063,4.84
2026-03-13 07:25:00,223.1,3.319,5.47
2026-03-13 07:30:00,218.6,3.206,5.7
2026-03-13 07:35:00,212.5,2.967,7.11
2026-03-13 07:40:00,223.8,4.47,7.77
2026-03-13 07:45:00,212.5,3.224,5.84
2026-03-13 07:50:00,206,3.883,6.36
2026-03-13 07:55:00,180.3,2.659,4.85
2026-03-13 08:00:00,189.9,2.646,4.42
2026-03-13 08:05:00,185.5,2.421,3.9
2026-03-13 08:10:00,213.3,2.662,4.76
2026-03-13 08:15:00,192.7,3.055,5.09
2026-03-13 08:20:00,203.6,4.173,7.62
2026-03-13 08:25:00,224.8,3.549,6.99
2026-03-13 08:30:00,206.5,3.291,6.26
2026-03-13 08:35:00,209.7,3.194,5.86
2026-03-13 08:40:00,224.2,3.73,6.06
2026-03-13 08:45:00,226.8,3.907,9.09
2026-03-13 08:50:00,203.9,3.343,6.15
2026-03-13 08:55:00,188.2,3.498,5.74
2026-03-13 09:00:00,207.8,3.836,6.73
2026-03-13 09:05:00,186.9,3.944,7.39
2026-03-13 09:10:00,205.3,3.682,6.99
2026-03-13 09:15:00,223.4,4.376,8.98
2026-03-13 09:20:00,217,3.734,6.2
2026-03-13 09:25:00,221.6,5.952,11.18
2026-03-13 09:30:00,215.2,5.013,11.9
2026-03-13 09:35:00,206.5,4.285,7.34
2026-03-13 09:40:00,228.3,4.964,7.43
2026-03-13 09:45:00,206.1,4.686,7.29
2026-03-13 09:50:00,204.7,3.274,8.42
2026-03-13 09:55:00,211.5,3.336,5.45
2026-03-13 10:00:00,197.3,4.624,8.8
2026-03-13 10:05:00,225.2,3.463,6.01
2026-03-13 10:10:00,210.4,3.502,7.31
2026-03-13 10:15:00,221.7,3.817,5.42
2026-03-13 10:20:00,229.9,4.044,6.75
2026-03-13 10:25:00,211.4,3.924,7.38
2026-03-13 10:30:00,249.3,2.864,6.29
2026-03-13 10:35:00,227.4,3.194,5.35
2026-03-13 10:40:00,222.1,3.736,7.63
2026-03-13 10:45:00,198.8,4.07,8.09
2026-03-13 10:50:00,212.2,4.006,7.29
2026-03-13 10:55:00,204.8,3.811,6.27
2026-03-13 11:00:00,179.7,3.503,7.34
2026-03-13 11:05:00,236.3,2.103,3.42
2026-03-13 11:10:00,196.5,0.772,2.44
2026-03-13 11:15:00,207.7,3.333,5.95
2026-03-13 11:20:00,147.3,3.137,8.33
2026-03-13 11:25:00,129.9,2.786,4.65
2026-03-13 11:30:00,151.1,2.788,5.02
2026-03-13 11:35:00,179.4,1.312,2.73
2026-03-13 11:40:00,176.9,2.561,3.75
2026-03-13 11:45:00,185.6,2.192,5.04
2026-03-13 11:50:00,115.2,2.567,3.57
2026-03-13 11:55:00,169.6,3.163,4.81
2026-03-13 12:00:00,214.6,2.384,3.43
2026-03-13 12:05:00,196.5,3.98,7.34
2026-03-13 12:10:00,132.7,3.626,5.56
2026-03-13 12:15:00,128.2,3.695,7.46
2026-03-13 12:20:00,109.5,2.925,7.21
2026-03-13 12:25:00,190,2.926,5.55
2026-03-13 12:30:00,228,4.179,6.99
2026-03-13 12:35:00,244.3,6.082,13.05
2026-03-13 12:40:00,242.9,4.669,11.73
2026-03-13 12:45:00,258.4,2.135,3.8
2026-03-13 12:50:00,264,3.949,7.83
2026-03-13 12:55:00,260.1,4.604,8.75
2026-03-13 13:00:00,302,2.279,3.58
2026-03-13 13:05:00,104.9,1.321,2.48
2026-03-13 13:10:00,128.1,1.569,2.88
2026-03-13 13:15:00,203,3.754,7.82
2026-03-13 13:20:00,154.2,2.922,5.61
2026-03-13 13:25:00,204.2,2.774,6.35
2026-03-13 13:30:00,222.3,3.045,6.75
2026-03-13 13:35:00,179,0.854,2.64
2026-03-13 13:40:00,290.1,1.866,4.22
2026-03-13 13:45:00,44.84,2.179,2.98
2026-03-13 13:50:00,37.49,2.364,3.28
2026-03-13 13:55:00,42.84,2.675,3.67
2026-03-13 14:00:00,359.5,2.897,4.48
2026-03-13 14:05:00,316.8,2.755,6.3
2026-03-13 14:10:00,72.97,1.936,3.13
2026-03-13 14:15:00,42.71,2.409,4.41
2026-03-13 14:20:00,309.1,1.314,2.38
2026-03-13 14:25:00,31.64,3.102,5.19
2026-03-13 14:30:00,6.119,2.706,3.32
2026-03-13 14:35:00,304.4,2.001,3.67
2026-03-13 14:40:00,109,2.435,5.36
2026-03-13 14:45:00,87.4,2.53,3.87
2026-03-13 14:50:00,180.2,2.433,4.19
2026-03-13 14:55:00,210.9,3.017,7.4
2026-03-13 15:00:00,195.7,3.923,6.75
2026-03-13 15:05:00,200.7,3.157,4.4
2026-03-13 15:10:00,169.2,2.764,4.42
2026-03-13 15:15:00,168.2,1.895,4.29
2026-03-13 15:20:00,124.9,2.136,3.15
2026-03-13 15:25:00,124.7,2.462,4.32
2026-03-13 15:30:00,232.9,3.678,5.79
2026-03-13 15:35:00,208.6,3.123,4.45
2026-03-13 15:40:00,187.9,2.368,3.92
2026-03-13 15:45:00,142.2,3.247,4.84
2026-03-13 15:50:00,134.1,3.135,6.35
2026-03-13 15:55:00,186.2,3.342,5.93
2026-03-13 16:00:00,198.9,4.855,8.54
2026-03-13 16:05:00,177.7,4.718,7.5
2026-03-13 16:10:00,194.7,4.21,7.44
2026-03-13 16:15:00,200.9,4.224,7.33
2026-03-13 16:20:00,212.3,3.699,6.28
2026-03-13 16:25:00,204.2,3.607,6.4
2026-03-13 16:30:00,220.4,4.196,6.38
2026-03-13 16:35:00,187.9,3.165,5.81
2026-03-13 16:40:00,191.1,4.12,6.72
2026-03-13 16:45:00,212.1,4.404,9.19
2026-03-13 16:50:00,209,4.012,6.35
2026-03-13 16:55:00,205.3,3.4,5.79
2026-03-13 17:00:00,191.6,4.429,8.11
2026-03-13 17:05:00,227.8,5.754,10.25
2026-03-13 17:10:00,186,4.08,7.97
2026-03-13 17:15:00,211.8,4.595,8.41
2026-03-13 17:20:00,216.4,5.921,11.87
2026-03-13 17:25:00,204.1,4.71,10.53
2026-03-13 17:30:00,208.5,3.63,7.8
2026-03-13 17:35:00,203.9,4.591,8.22
2026-03-13 17:40:00,206.6,4.404,8.09
2026-03-13 17:45:00,205.4,3.507,5.92
2026-03-13 17:50:00,198.1,3.607,6.65
2026-03-13 17:55:00,213.3,5.11,12.47
2026-03-13 18:00:00,226.5,7.325,12.3
2026-03-13 18:05:00,208.7,4.934,7.81
2026-03-13 18:10:00,197.3,5.151,7.91
2026-03-13 18:15:00,214.6,4.179,6.7
2026-03-13 18:20:00,225.9,5.219,7.99
2026-03-13 18:25:00,215.2,5.46,9.02
2026-03-13 18:30:00,210.3,5.184,9.94
2026-03-13 18:35:00,232.1,5.996,12.7
2026-03-13 18:40:00,211,3.696,5.38
2026-03-13 18:45:00,225.6,4.487,7
2026-03-13 18:50:00,205.7,4.194,7.12
2026-03-13 18:55:00,208.6,3.954,7.75
2026-03-13 19:00:00,203.6,3.953,5.69
2026-03-13 19:05:00,195.5,3.309,5.87
2026-03-13 19:10:00,177.8,4.398,7.29
2026-03-13 19:15:00,167,4.263,9.01
2026-03-13 19:20:00,130.9,6.261,12.68
2026-03-13 19:25:00,183.2,4.147,6.24
2026-03-13 19:30:00,196,5.302,9.71
2026-03-13 19:35:00,228.3,4.629,8.33
2026-03-13 19:40:00,178.8,4.259,7.68
2026-03-13 19:45:00,173.3,5.151,9.45
2026-03-13 19:50:00,179.8,5.078,12.68
2026-03-13 19:55:00,189,5.619,8.63
2026-03-13 20:00:00,196.9,5.06,9.96
2026-03-13 20:05:00,212.2,5.239,8.87
2026-03-13 20:10:00,188.8,3.967,8.68
2026-03-13 20:15:00,186.8,4.669,7.04
2026-03-13 20:20:00,178.5,5.389,11.37
2026-03-13 20:25:00,175.5,5.369,9.13
2026-03-13 20:30:00,183.5,4.935,9.68
2026-03-13 20:35:00,187.2,5.034,11.85
2026-03-13 20:40:00,204.9,3.593,7.68
2026-03-13 20:45:00,220.3,4.345,7.49
2026-03-13 20:50:00,177.3,4.125,6.29
2026-03-13 20:55:00,166.2,4.251,7.53
2026-03-13 21:00:00,169.7,5.213,8.93
2026-03-13 21:05:00,208,4.821,8.02
2026-03-13 21:10:00,200,4.903,10.66
2026-03-13 21:15:00,172,3.948,5.5
2026-03-13 21:20:00,177.4,4.787,9.89
2026-03-13 21:25:00,191.5,4.766,7.76
2026-03-13 21:30:00,179.2,4.025,6.87
2026-03-13 21:35:00,181,3.908,6.42
2026-03-13 21:40:00,175.3,4.133,6.39
2026-03-13 21:45:00,196.5,3.871,7.49
2026-03-13 21:50:00,185.5,4.024,8.06
2026-03-13 21:55:00,203.7,4.339,8.95
2026-03-13 22:00:00,185.7,3.838,7.5
2026-03-13 22:05:00,186.3,4.515,7.98
2026-03-13 22:10:00,173.3,5.863,11.67
2026-03-13 22:15:00,189.4,5.091,8.99
2026-03-13 22:20:00,198.6,4.64,8.18
2026-03-13 22:25:00,205,4.91,7.89
2026-03-13 22:30:00,191.2,3.85,6.78
2026-03-13 22:35:00,209.9,4.628,7.86
2026-03-13 22:40:00,197.5,5.461,8.86
2026-03-13 22:45:00,190.4,7.327,11.76
2026-03-13 22:50:00,207.3,5.697,10.65
2026-03-13 22:55:00,219.6,4.467,7.12
2026-03-13 23:00:00,226.9,4.667,9.66
2026-03-13 23:05:00,218.2,3.323,6.52
2026-03-13 23:10:00,219.1,4.737,13.17
2026-03-13 23:15:00,208.4,4.943,10.22
2026-03-13 23:20:00,229.8,5.127,8.12
2026-03-13 23:25:00,221.2,6.001,10.11
2026-03-13 23:30:00,207.8,4.715,7.31
2026-03-13 23:35:00,211.5,4.83,8.6
2026-03-13 23:40:00,233.4,6.4,12.06
2026-03-13 23:45:00,215.3,4.626,10.69
2026-03-13 23:50:00,219.2,5.478,13.15
2026-03-13 23:55:00,203,5.241,8.58
2026-03-14 00:00:00,203.8,5.19,9.93
2026-03-14 00:05:00,224.6,6.74,11.16
2026-03-14 00:10:00,219.7,6.972,12.11
2026-03-14 00:15:00,223.7,5.571,11.18
2026-03-14 00:20:00,234.9,5.356,10.42
2026-03-14 00:25:00,232.7,6.012,10.23
2026-03-14 00:30:00,225.5,6.362,13.57
2026-03-14 00:35:00,239,7.059,11.22
2026-03-14 00:40:00,212.6,4.767,8.29
2026-03-14 00:45:00,230.7,5.436,12.32
2026-03-14 00:50:00,220.3,5.769,8.46
2026-03-14 00:55:00,229.7,8.14,17.08
2026-03-14 01:00:00,227.9,9.24,15.36
2026-03-14 01:05:00,231.7,6.751,11.44
2026-03-14 01:10:00,224.6,6.718,12.13
2026-03-14 01:15:00,234.1,8.95,17.19
2026-03-14 01:20:00,238.2,6.183,9.45
2026-03-14 01:25:00,239.2,5.853,8.66
2026-03-14 01:30:00,245.1,8.05,13.97
2026-03-14 01:35:00,229.4,6.868,11.05
2026-03-14 01:40:00,235.2,6.487,14.69
2026-03-14 01:45:00,232.1,6.325,10.86
2026-03-14 01:50:00,242.2,6.584,11.09
2026-03-14 01:55:00,239.2,7.594,10.94
2026-03-14 02:00:00,247.4,8.03,17.44
2026-03-14 02:05:00,239.9,5.911,8.82
2026-03-14 02:10:00,227.8,5.566,10.22
2026-03-14 02:15:00,236.4,8.09,12.78
2026-03-14 02:20:00,237.5,7.577,12.31
2026-03-14 02:25:00,228.1,6.445,14.92
2026-03-14 02:30:00,236.8,6.28,16.82
2026-03-14 02:35:00,238.4,3.976,5.55
2026-03-14 02:40:00,221.9,4.738,9.65
2026-03-14 02:45:00,222,6.204,9.68
2026-03-14 02:50:00,217.8,5.764,10.13
2026-03-14 02:55:00,232.7,4.763,7.34
2026-03-14 03:00:00,226.4,5.019,9
2026-03-14 03:05:00,230,6.031,10.21
2026-03-14 03:10:00,226.3,6.883,11.16
2026-03-14 03:15:00,232.8,6.36,9.33
2026-03-14 03:20:00,239.4,7.233,10.95
2026-03-14 03:25:00,237.7,7.231,10.41
2026-03-14 03:30:00,243.8,6.663,11.31
2026-03-14 03:35:00,242.3,4.749,8.81
2026-03-14 03:40:00,244.1,5.647,8.8
2026-03-14 03:45:00,235.3,5.384,9.78
2026-03-14 03:50:00,239.1,5.617,8.47
2026-03-14 03:55:00,237.1,7.742,10.03
2026-03-14 04:00:00,224.5,7.175,11.16
2026-03-14 04:05:00,215.2,7.454,13.09
2026-03-14 04:10:00,218.2,5.999,10.98
2026-03-14 04:15:00,230.6,6.314,12.02
2026-03-14 04:20:00,229.1,5.558,8.02
2026-03-14 04:25:00,237.1,5.614,8.73
2026-03-14 04:30:00,224.6,4.52,9.44
2026-03-14 04:35:00,213.1,3.543,6.88
2026-03-14 04:40:00,223.2,5.827,11.53
2026-03-14 04:45:00,224.2,6.218,11.34
2026-03-14 04:50:00,235.6,5.638,11.28
2026-03-14 04:55:00,231.3,4.627,7.61
2026-03-14 05:00:00,226.4,3.726,7.44
2026-03-14 05:05:00,198.5,2.651,4.84
2026-03-14 05:10:00,214.7,4.013,6.17
2026-03-14 05:15:00,224.6,3.345,6.3
2026-03-14 05:20:00,236.1,4.867,9.77
2026-03-14 05:25:00,236.4,3.891,6.53
2026-03-14 05:30:00,236.4,4.255,6.66
2026-03-14 05:35:00,243,8.49,16.44
2026-03-14 05:40:00,231.6,8.54,19.47
2026-03-14 05:45:00,222.2,4.53,8.74
2026-03-14 05:50:00,223,6.999,12.22
2026-03-14 05:55:00,235.6,6.915,12.43
2026-03-14 06:00:00,238.3,5.45,10.41
2026-03-14 06:05:00,231.6,5.614,9.1
2026-03-14 06:10:00,238.8,6.934,11.19
2026-03-14 06:15:00,234.6,7.567,12.68
2026-03-14 06:20:00,237.4,7.802,12.96
2026-03-14 06:25:00,240.8,6.938,11.37
2026-03-14 06:30:00,239.2,6.464,11.65
2026-03-14 06:35:00,243.3,8.76,12.24
2026-03-14 06:40:00,238.2,6.5,9.9
2026-03-14 06:45:00,240.6,6.63,9.62
2026-03-14 06:50:00,244.8,7.482,12.12
2026-03-14 06:55:00,239.5,7.841,12.62
2026-03-14 07:00:00,244.4,8.69,13.14
2026-03-14 07:05:00,246.8,10.84,18.33
2026-03-14 07:10:00,243.9,10.14,14.23
2026-03-14 07:15:00,244.1,10.25,15.99
2026-03-14 07:20:00,238.7,8.96,15.59
2026-03-14 07:25:00,243.4,11.79,15.49
2026-03-14 07:30:00,242.8,10.72,16.11
2026-03-14 07:35:00,237.7,9.55,16.94
2026-03-14 07:40:00,243.5,10.5,17.89
2026-03-14 07:45:00,246.6,10.99,20.14
2026-03-14 07:50:00,248,12.56,20.47
2026-03-14 07:55:00,236.5,7.907,11.86
2026-03-14 08:00:00,248.4,10.24,15.38
2026-03-14 08:05:00,246.4,10.52,17.36
2026-03-14 08:10:00,244.5,9.71,13.56
2026-03-14 08:15:00,240,8.32,13.74
2026-03-14 08:20:00,224.6,6.147,8.18
2026-03-14 08:25:00,231.3,7.867,12.93
2026-03-14 08:30:00,236.2,6.889,10.33
2026-03-14 08:35:00,231.7,6.06,10.73
2026-03-14 08:40:00,228.3,6.217,12.95
2026-03-14 08:45:00,235.1,7.738,11.07
2026-03-14 08:50:00,240.1,6.761,12.24
2026-03-14 08:55:00,232.8,6.491,9.56
2026-03-14 09:00:00,226.3,4.553,6.7
2026-03-14 09:05:00,245.9,6.533,10.44
2026-03-14 09:10:00,237.6,6.59,11.79
2026-03-14 09:15:00,240.2,5.769,8.07
2026-03-14 09:20:00,243.8,7.289,10.81
2026-03-14 09:25:00,236.7,6.777,10.79
2026-03-14 09:30:00,245,7.094,11.5
2026-03-14 09:35:00,236.7,7.546,12.48
2026-03-14 09:40:00,242.3,8.05,12.81
2026-03-14 09:45:00,244.6,8.47,16.48
2026-03-14 09:50:00,246.4,7.123,11.52
2026-03-14 09:55:00,237.1,7.757,14.08
2026-03-14 10:00:00,232.8,6.791,11.87
2026-03-14 10:05:00,223.9,7.106,11.54
2026-03-14 10:10:00,236.2,7.323,12.3
2026-03-14 10:15:00,236.8,6.772,11.28
2026-03-14 10:20:00,237.8,5.952,8.16
2026-03-14 10:25:00,230.3,4.93,8.11
2026-03-14 10:30:00,225.4,5.916,9.32
2026-03-14 10:35:00,227.1,5.99,8.48
2026-03-14 10:40:00,222.5,5.224,9.09
2026-03-14 10:45:00,224,6.139,9.82
2026-03-14 10:50:00,231.7,7.922,13.89
2026-03-14 10:55:00,236.2,9.4,13.59
2026-03-14 11:00:00,240.4,10.23,16.3
2026-03-14 11:05:00,241,8.6,12.31
2026-03-14 11:10:00,240.5,8.38,14.98
2026-03-14 11:15:00,242.6,8.61,13.28
2026-03-14 11:20:00,239.1,9.63,16.23
2026-03-14 11:25:00,244,8.84,13.92
2026-03-14 11:30:00,241,7.912,12.07
2026-03-14 11:35:00,239.2,7.083,9.65
2026-03-14 11:40:00,239.5,7.655,12.01
2026-03-14 11:45:00,243.3,9.32,14.23
2026-03-14 11:50:00,236,7.862,14.05
2026-03-14 11:55:00,242,8.4,15.16
2026-03-14 12:00:00,235.8,6.855,10.8
2026-03-14 12:05:00,234.9,6.611,12.5
2026-03-14 12:10:00,238.1,7.767,10.97
2026-03-14 12:15:00,236.5,6.074,9.31
2026-03-14 12:20:00,234,7.21,10.51
2026-03-14 12:25:00,236.4,5.104,7.17
2026-03-14 12:30:00,243,7.01,14.09
2026-03-14 12:35:00,231.3,7.165,11.62
2026-03-14 12:40:00,233.5,5.86,10.21
2026-03-14 12:45:00,230,5.772,9.9
2026-03-14 12:50:00,238.4,7.541,13.07
2026-03-14 12:55:00,235.1,6.181,10
2026-03-14 13:00:00,232.7,6.483,10
2026-03-14 13:05:00,239.4,7.933,13.14
2026-03-14 13:10:00,242.7,7.545,11.26
2026-03-14 13:15:00,233.2,6.293,12.34
2026-03-14 13:20:00,230.9,6.541,10.32
2026-03-14 13:25:00,232,5.37,7.56
2026-03-14 13:30:00,229.6,6.52,10.83
2026-03-14 13:35:00,231.7,5.645,9.24
2026-03-14 13:40:00,232,7.907,12.77
2026-03-14 13:45:00,237.1,7.108,10.76
2026-03-14 13:50:00,236.1,6.794,14.63
2026-03-14 13:55:00,236.7,6.298,10
2026-03-14 14:00:00,233.5,6.392,15.4
2026-03-14 14:05:00,234.9,6.845,9.87
2026-03-14 14:10:00,239.5,7.587,11.12
2026-03-14 14:15:00,234.7,6.697,10.86
2026-03-14 14:20:00,238.8,7.135,10.7
2026-03-14 14:25:00,235.2,7.017,10.71
2026-03-14 14:30:00,231.7,4.865,8.23
2026-03-14 14:35:00,239.7,6.966,9.79
2026-03-14 14:40:00,237.4,7.499,11.3
2026-03-14 14:45:00,230.7,6.674,14.29
2026-03-14 14:50:00,236.3,6.547,10.51
2026-03-14 14:55:00,238.5,7.119,10.49
2026-03-14 15:00:00,240.8,6.863,12.83
2026-03-14 15:05:00,244.9,7.318,11.34
2026-03-14 15:10:00,243.3,5.742,10.84
2026-03-14 15:15:00,244.8,7.227,11.86
2026-03-14 15:20:00,243.6,8.27,11.77
2026-03-14 15:25:00,238.8,6.283,13.11
2026-03-14 15:30:00,236,5.755,10.75
2026-03-14 15:35:00,239.9,5.825,9.4
2026-03-14 15:40:00,226.9,5.65,9.34
2026-03-14 15:45:00,238.9,6.558,11.46
2026-03-14 15:50:00,230.9,5.661,9.47
2026-03-14 15:55:00,241.5,6.463,9.79
2026-03-14 16:00:00,230.3,6.049,10.23
2026-03-14 16:05:00,235.5,5.738,7.68
2026-03-14 16:10:00,235.4,6.515,9.52
2026-03-14 16:15:00,235.8,8.56,14.15
2026-03-14 16:20:00,238.4,11.02,21.48
2026-03-14 16:25:00,232.2,6.032,10.5
2026-03-14 16:30:00,224.3,7.746,16.85
2026-03-14 16:35:00,234.9,7.342,10.23
2026-03-14 16:40:00,231.3,6.351,11.34
2026-03-14 16:45:00,233.5,5.531,10.05
2026-03-14 16:50:00,239.9,6.691,11.41
2026-03-14 16:55:00,245,7.456,13.9
2026-03-14 17:00:00,246.7,6.538,10.22
2026-03-14 17:05:00,244.9,7.551,10.67
2026-03-14 17:10:00,251.3,5.982,8.17
2026-03-14 17:15:00,245.8,5.03,7.74
2026-03-14 17:20:00,242.1,4.455,7.78
2026-03-14 17:25:00,239.4,4.842,8.17
2026-03-14 17:30:00,235.6,6.263,10.92
2026-03-14 17:35:00,235.6,6.577,9.79
2026-03-14 17:40:00,233.4,6.246,8.62
2026-03-14 17:45:00,237,5.248,7.31
2026-03-14 17:50:00,241.3,5.881,8.71
2026-03-14 17:55:00,236.8,7.258,11.56
2026-03-14 18:00:00,243.3,8.31,11.35
2026-03-14 18:05:00,243.5,7.434,11.29
2026-03-14 18:10:00,244.2,6.473,9.02
2026-03-14 18:15:00,247,5.392,9.08
2026-03-14 18:20:00,239,5.541,9.07
2026-03-14 18:25:00,249.8,6.327,8.82
2026-03-14 18:30:00,260.5,4.729,7.53
2026-03-14 18:35:00,285.1,4.417,6.53
2026-03-14 18:40:00,276.1,5.615,9.17
2026-03-14 18:45:00,274.6,7.047,10.54
2026-03-14 18:50:00,276.6,8.8,12.98
2026-03-14 18:55:00,270,8.95,14.27
2026-03-14 19:00:00,267.8,6.797,12.45
2026-03-14 19:05:00,281.2,6.704,9.29
2026-03-14 19:10:00,271.2,8.2,16.75
2026-03-14 19:15:00,260.3,6.164,11.26
2026-03-14 19:20:00,276.8,7.578,10.45
2026-03-14 19:25:00,284.2,6.782,10.32
2026-03-14 19:30:00,277.1,6.948,10.06
2026-03-14 19:35:00,276,7.629,11.48
2026-03-14 19:40:00,277.6,8.21,11.32
2026-03-14 19:45:00,279.3,7.737,10.4
2026-03-14 19:50:00,274.8,6.769,10.61
2026-03-14 19:55:00,274.5,6.813,9.75
2026-03-14 20:00:00,277.3,7.461,12.46
2026-03-14 20:05:00,279,8.5,13.8
2026-03-14 20:10:00,271.7,8.43,17.89
2026-03-14 20:15:00,273.5,8.11,10.82
2026-03-14 20:20:00,267.6,7.731,10.81
2026-03-14 20:25:00,261.8,7.31,10.89
2026-03-14 20:30:00,262.6,6.176,8.41
2026-03-14 20:35:00,265.9,7.161,11.39
2026-03-14 20:40:00,270.1,9.18,12.34
2026-03-14 20:45:00,260.8,8.37,14.23
2026-03-14 20:50:00,258.9,7.642,11.4
2026-03-14 20:55:00,261.2,8.93,11.53
2026-03-14 21:00:00,271.7,7.847,11.2
2026-03-14 21:05:00,258,8.15,13.45
2026-03-14 21:10:00,262.5,8.4,14.72
2026-03-14 21:15:00,274.1,9.47,12.55
2026-03-14 21:20:00,273,7.734,10.55
2026-03-14 21:25:00,274.4,10,14.19
2026-03-14 21:30:00,274.5,9.03,13.82
2026-03-14 21:35:00,275.5,9.31,12.47
2026-03-14 21:40:00,277.8,9.78,14
2026-03-14 21:45:00,280.8,9.83,12.72
2026-03-14 21:50:00,276.3,10.33,13.55
2026-03-14 21:55:00,272.2,9.63,17.55
2026-03-14 22:00:00,273,9.19,13.5
2026-03-14 22:05:00,275.4,9.88,13.94
2026-03-14 22:10:00,274.6,9.99,16.5
2026-03-14 22:15:00,268.3,8.27,12.55
2026-03-14 22:20:00,263.2,9.77,15.94
2026-03-14 22:25:00,257.7,8.7,12.45
2026-03-14 22:30:00,255.2,9.05,13.46
2026-03-14 22:35:00,250.4,6.999,10.76
2026-03-14 22:40:00,250.7,5.923,9.24
2026-03-14 22:45:00,246.8,6.12,10.29
2026-03-14 22:50:00,252,6.523,11.52
2026-03-14 22:55:00,254.8,5.819,8.16
2026-03-14 23:00:00,261.1,5.953,8.46
2026-03-14 23:05:00,255.7,5.877,8.37
2026-03-14 23:10:00,251.2,5.381,9.09
2026-03-14 23:15:00,254.8,6.349,8.22
2026-03-14 23:20:00,257,4.877,8.65
2026-03-14 23:25:00,265.1,7.731,11.78
2026-03-14 23:30:00,285.9,7.48,10.64
2026-03-14 23:35:00,294.8,7.383,10.2
2026-03-14 23:40:00,285.3,7.912,11.21
2026-03-14 23:45:00,280.8,7.279,10.31
2026-03-14 23:50:00,259.7,7.625,11.64
2026-03-14 23:55:00,274.5,6.863,9.44
2026-03-15 00:00:00,281.4,8.97,14.47
2026-03-15 00:05:00,271,9.73,15.27
2026-03-15 00:10:00,271.6,8.24,10.27
2026-03-15 00:15:00,279,9.14,12.45
2026-03-15 00:20:00,278.2,9.82,13.33
2026-03-15 00:25:00,284.1,7.764,11.9
2026-03-15 00:30:00,283.1,9.29,13
2026-03-15 00:35:00,285.7,9.38,13.92
2026-03-15 00:40:00,281.3,8.05,11.96
2026-03-15 00:45:00,272.1,9.23,13.94
2026-03-15 00:50:00,288.5,9.32,14.69
2026-03-15 00:55:00,284.6,8.69,12.91
2026-03-15 01:00:00,289.5,8.51,14.03
2026-03-15 01:05:00,276.4,10.34,12.79
2026-03-15 01:10:00,275.2,9.86,13.51
2026-03-15 01:15:00,278.9,8.97,13.19
2026-03-15 01:20:00,283,6.994,10.06
2026-03-15 01:25:00,284,8.38,11.32
2026-03-15 01:30:00,279.6,7.756,10.75
2026-03-15 01:35:00,284.4,7.005,10.69
2026-03-15 01:40:00,297.2,6.197,10.27
2026-03-15 01:45:00,288.3,7.042,11.09
2026-03-15 01:50:00,276,8.53,12.76
2026-03-15 01:55:00,274.4,8.86,14.19
2026-03-15 02:00:00,276.7,9.4,13.93
2026-03-15 02:05:00,268.8,8.59,11.84
2026-03-15 02:10:00,275.9,8.49,13.06
2026-03-15 02:15:00,277.1,9.96,13.32
2026-03-15 02:20:00,277.2,8.95,12.08
2026-03-15 02:25:00,279.9,10.44,14.14
2026-03-15 02:30:00,282.4,9.73,14.48
2026-03-15 02:35:00,274.5,9.75,14.46
2026-03-15 02:40:00,286.6,8.44,13.13
2026-03-15 02:45:00,279.5,8.9,14.14
2026-03-15 02:50:00,291.2,8.8,13.1
2026-03-15 02:55:00,280.4,9.28,15.65
2026-03-15 03:00:00,274.5,9.25,12.61
2026-03-15 03:05:00,275.2,9.12,13.04
2026-03-15 03:10:00,273.3,8.36,12.42
2026-03-15 03:15:00,278.1,9.59,13.18
2026-03-15 03:20:00,277.2,8.47,14.2
2026-03-15 03:25:00,275.5,8.72,12.76
2026-03-15 03:30:00,268.2,9.73,13.69
2026-03-15 03:35:00,275.7,9.63,13.16
2026-03-15 03:40:00,275,9.56,14.24
2026-03-15 03:45:00,269.5,8.53,12.78
2026-03-15 03:50:00,263.2,8.4,13.8
2026-03-15 03:55:00,270.8,8.54,13.24
2026-03-15 04:00:00,273.6,7.897,14.02
2026-03-15 04:05:00,272.7,9.85,14.1
2026-03-15 04:10:00,275.8,9.62,12.43
2026-03-15 04:15:00,265.6,10.65,17.11
2026-03-15 04:20:00,273,8.6,13.52
2026-03-15 04:25:00,277.2,8.47,11.82
2026-03-15 04:30:00,267.6,8.51,12.43
2026-03-15 04:35:00,258.6,8.88,12.54
2026-03-15 04:40:00,262.3,9.29,13.56
2026-03-15 04:45:00,258.5,9.04,12.87
2026-03-15 04:50:00,261,9.09,14.16
2026-03-15 04:55:00,259.5,8.47,12.65
2026-03-15 05:00:00,261.5,8.68,13.99
2026-03-15 05:05:00,254,7.287,10.24
2026-03-15 05:10:00,255.8,7.835,10.59
2026-03-15 05:15:00,258.1,8.74,11.74
2026-03-15 05:20:00,260.1,7.85,11.35
2026-03-15 05:25:00,257.5,6.858,9.8
2026-03-15 05:30:00,263.2,6.404,10.34
2026-03-15 05:35:00,263.1,6.571,9.42
2026-03-15 05:40:00,269.8,7.282,10.1
2026-03-15 05:45:00,268.4,6.222,12.1
2026-03-15 05:50:00,268,7.886,13.22
2026-03-15 05:55:00,276.2,7.551,10.75
2026-03-15 06:00:00,273.3,8.38,11.46
2026-03-15 06:05:00,270.4,7.835,11.57
2026-03-15 06:10:00,271.4,7.669,10.34
2026-03-15 06:15:00,276,7.528,10.89
2026-03-15 06:20:00,280.4,7.929,11
2026-03-15 06:25:00,280.8,8.72,14.19
2026-03-15 06:30:00,273.7,8.03,13.45
2026-03-15 06:35:00,266.3,7.352,9.97
2026-03-15 06:40:00,267.5,7.341,10.81
2026-03-15 06:45:00,266.2,7.71,11.69
2026-03-15 06:50:00,262.7,7.112,10.84
2026-03-15 06:55:00,266,6.431,10.15
2026-03-15 07:00:00,272.2,7.363,11
2026-03-15 07:05:00,276.9,7.247,10.06
2026-03-15 07:10:00,275.2,7.583,10.44
2026-03-15 07:15:00,277.5,6.858,9.38
2026-03-15 07:20:00,277.8,7.319,10.83
2026-03-15 07:25:00,259.7,6.182,10.2
2026-03-15 07:30:00,265.4,8.12,13.72
2026-03-15 07:35:00,264.2,5.779,8.34
2026-03-15 07:40:00,268.4,6.566,12.05
2026-03-15 07:45:00,257,5.23,7.29
2026-03-15 07:50:00,262.6,5.2,7.9
2026-03-15 07:55:00,251.9,5.606,8.68
2026-03-15 08:00:00,255.6,5.451,8.19
2026-03-15 08:05:00,255.6,5.108,6.97
2026-03-15 08:10:00,260.4,5.908,9.14
2026-03-15 08:15:00,257.6,4.148,5.88
2026-03-15 08:20:00,256.3,4.057,5.61
2026-03-15 08:25:00,246.2,4.199,7.33
2026-03-15 08:30:00,244.6,4.368,8.06
2026-03-15 08:35:00,257.4,4.026,6.24
2026-03-15 08:40:00,256.8,4.253,5.69
2026-03-15 08:45:00,264.1,4.931,7.06
2026-03-15 08:50:00,245.2,4.83,7.36
2026-03-15 08:55:00,240,3.21,5.32
2026-03-15 09:00:00,249.4,4.457,6.11
2026-03-15 09:05:00,250.2,3.988,5.8
2026-03-15 09:10:00,253.6,5.368,8.34
2026-03-15 09:15:00,261.8,4.103,6.49
2026-03-15 09:20:00,266.1,4.543,6.91
2026-03-15 09:25:00,261,4.778,7.02
2026-03-15 09:30:00,270.6,5.008,7.48
2026-03-15 09:35:00,267,6.408,8.77
2026-03-15 09:40:00,249.9,4.757,7.57
2026-03-15 09:45:00,251.9,3.923,5.72
2026-03-15 09:50:00,263.5,4.46,9.64
2026-03-15 09:55:00,253.9,5.42,10.53
2026-03-15 10:00:00,244.2,3.686,6.01
2026-03-15 10:05:00,248.1,3.689,5.84
2026-03-15 10:10:00,257.4,3.733,5.26
2026-03-15 10:15:00,254,4.11,5.9
2026-03-15 10:20:00,257.9,4.042,8.3
2026-03-15 10:25:00,254.5,4.276,5.64
2026-03-15 10:30:00,253.2,4.329,7.71
2026-03-15 10:35:00,265.8,4.149,6.5
2026-03-15 10:40:00,258.9,4.051,9.54
2026-03-15 10:45:00,259,4.141,7.76
2026-03-15 10:50:00,255.2,4.626,7.62
2026-03-15 10:55:00,252.2,4.612,7.36
2026-03-15 11:00:00,263.3,5.413,8.84
2026-03-15 11:05:00,257.2,4.269,6.48
2026-03-15 11:10:00,260.3,4.144,6.96
2026-03-15 11:15:00,271,4.831,7.66
2026-03-15 11:20:00,262.1,4.58,10.39
2026-03-15 11:25:00,262,5.668,12.05
2026-03-15 11:30:00,271.4,4.476,6.1
2026-03-15 11:35:00,261.4,4.039,7.18
2026-03-15 11:40:00,273.2,6.168,11.98
2026-03-15 11:45:00,272,6.026,8.34
2026-03-15 11:50:00,255.8,4.145,7.1
2026-03-15 11:55:00,244.3,3.415,4.95
2026-03-15 12:00:00,247.2,4.66,8.31
2026-03-15 12:05:00,261.4,3.347,4.72
2026-03-15 12:10:00,252.1,4.107,5.43
2026-03-15 12:15:00,273,4.883,6.83
2026-03-15 12:20:00,274.9,4.299,8.08
2026-03-15 12:25:00,253.8,4.838,7.12
2026-03-15 12:30:00,263.6,4.583,7.15
2026-03-15 12:35:00,274.5,4.236,5.97
2026-03-15 12:40:00,271.1,4.643,8.91
2026-03-15 12:45:00,276.7,5.239,8.51
2026-03-15 12:50:00,272.8,4.62,10.1
2026-03-15 12:55:00,261.8,4.848,8.55
2026-03-15 13:00:00,283.3,4.087,7.04
2026-03-15 13:05:00,275.9,5.523,8.02
2026-03-15 13:10:00,277.4,4.923,9.38
2026-03-15 13:15:00,268.9,5.593,9.59
2026-03-15 13:20:00,268.3,5.593,9.91
2026-03-15 13:25:00,255,5.911,8.63
2026-03-15 13:30:00,261.7,6.585,9.9
2026-03-15 13:35:00,260.9,7.092,11.01
2026-03-15 13:40:00,264.3,7.728,10.93
2026-03-15 13:45:00,262.1,7.059,10.62
2026-03-15 13:50:00,258.2,6.774,9.47
2026-03-15 13:55:00,252.3,6.147,8.94
2026-03-15 14:00:00,248.7,5.769,7.82
2026-03-15 14:05:00,247.1,5.962,9.57
2026-03-15 14:10:00,247.1,6.331,8.63
2026-03-15 14:15:00,244.5,5.466,8.21
2026-03-15 14:20:00,246.4,5.878,8.78
2026-03-15 14:25:00,270.5,5.147,8.6
2026-03-15 14:30:00,265.6,4.874,7.26
2026-03-15 14:35:00,253.9,4.574,7.55
2026-03-15 14:40:00,241.7,4.952,7.39
2026-03-15 14:45:00,245.3,5.185,11.02
2026-03-15 14:50:00,257.8,4.779,8.48
2026-03-15 14:55:00,247.9,5.045,7.9
2026-03-15 15:00:00,239.3,5.348,7.03
2026-03-15 15:05:00,241.5,5.692,8.58
2026-03-15 15:10:00,258.1,4.551,7.79
2026-03-15 15:15:00,245,5.047,6.99
2026-03-15 15:20:00,248,4.05,7.9
2026-03-15 15:25:00,252.8,5.011,7.07
2026-03-15 15:30:00,250.2,4.882,7.7
2026-03-15 15:35:00,261.9,5.065,7.25
2026-03-15 15:40:00,243.3,5.017,6.61
2026-03-15 15:45:00,240.9,3.865,6.87
2026-03-15 15:50:00,247.9,3.622,5.52
2026-03-15 15:55:00,253,4.516,6.83
2026-03-15 16:00:00,250.3,4.976,7.48
2026-03-15 16:05:00,250.6,4.256,6.37
2026-03-15 16:10:00,255.6,5.346,9.74
2026-03-15 16:15:00,255.4,4.861,9.39
2026-03-15 16:20:00,249.4,4.129,6.01
2026-03-15 16:25:00,253.3,4.77,7.24
2026-03-15 16:30:00,242.4,4.576,7.14
2026-03-15 16:35:00,253.4,4.603,7.17
2026-03-15 16:40:00,262.7,4.347,7.4
2026-03-15 16:45:00,259,3.753,6.1
2026-03-15 16:50:00,272.9,4.322,7.12
2026-03-15 16:55:00,262.9,4.598,8.76
2026-03-15 17:00:00,263.3,5.931,8.06
2026-03-15 17:05:00,255.2,4.939,7.4
2026-03-15 17:10:00,247.2,4.373,7.15
2026-03-15 17:15:00,247,4.36,6.21
2026-03-15 17:20:00,245.3,3.313,4.78
2026-03-15 17:25:00,244.4,4.014,6.36
2026-03-15 17:30:00,241,3.404,6
2026-03-15 17:35:00,247.4,3.816,5.66
2026-03-15 17:40:00,263.3,3.829,5.62
2026-03-15 17:45:00,247.3,3.263,4.47
2026-03-15 17:50:00,262.8,3.96,7.92
2026-03-15 17:55:00,259.2,3.848,6.88
2026-03-15 18:00:00,246.9,3.643,5.67
2026-03-15 18:05:00,267.2,4.253,6.41
2026-03-15 18:10:00,262.7,4.148,6.47
2026-03-15 18:15:00,260.1,3.767,5.85
2026-03-15 18:20:00,259.5,4.206,7.76
2026-03-15 18:25:00,263.8,3.726,6.69
2026-03-15 18:30:00,261.2,3.673,5.4
2026-03-15 18:35:00,275.7,3.825,5.3
2026-03-15 18:40:00,274.5,3.518,5.07
2026-03-15 18:45:00,279.5,3.544,5.92
2026-03-15 18:50:00,283.2,4.19,6.47
2026-03-15 18:55:00,276.8,3.628,6.05
2026-03-15 19:00:00,288.5,4.261,7.75
2026-03-15 19:05:00,324.7,3.317,5.02
2026-03-15 19:10:00,293.4,3.727,5.45
2026-03-15 19:15:00,276.6,3.325,6.23
2026-03-15 19:20:00,291.9,3.739,6.01
2026-03-15 19:25:00,273.2,3.734,6.19
2026-03-15 19:30:00,286.9,3.633,6
2026-03-15 19:35:00,288.5,4.315,8.35
2026-03-15 19:40:00,281.6,3.504,7.04
2026-03-15 19:45:00,274.8,3.718,5.75
2026-03-15 19:50:00,269.5,3.671,5.18
2026-03-15 19:55:00,276.4,3.63,4.77
2026-03-15 20:00:00,308.3,3.172,4.89
2026-03-15 20:05:00,300.4,3.171,5.27
2026-03-15 20:10:00,277.7,5.024,7.39
2026-03-15 20:15:00,279.6,3.245,4.98
2026-03-15 20:20:00,289.8,3.075,5.16
2026-03-15 20:25:00,284.5,3.445,4.95
2026-03-15 20:30:00,289.3,3.239,6.1
2026-03-15 20:35:00,281.7,4.12,5.59
2026-03-15 20:40:00,285.8,3.01,4.64
2026-03-15 20:45:00,285,3.009,4.85
2026-03-15 20:50:00,306.1,2.723,3.86
2026-03-15 20:55:00,289,2.979,4.54
2026-03-15 21:00:00,291,2.478,4.11
2026-03-15 21:05:00,283.6,3.15,4.11
2026-03-15 21:10:00,295.6,2.904,4.66
2026-03-15 21:15:00,287.6,3.925,6.16
2026-03-15 21:20:00,276.8,3.303,5.08
2026-03-15 21:25:00,283.9,3.423,4.62
2026-03-15 21:30:00,278.1,4.004,7.51
2026-03-15 21:35:00,269.5,4.812,7.06
2026-03-15 21:40:00,259.6,4.439,6.28
2026-03-15 21:45:00,269.2,3.88,5.52
2026-03-15 21:50:00,265.5,3.354,5.35
2026-03-15 21:55:00,275.3,3.2,4.68
2026-03-15 22:00:00,277.5,4.396,6.85
2026-03-15 22:05:00,265.9,3.725,5.35
2026-03-15 22:10:00,255.1,4.277,5.56
2026-03-15 22:15:00,254.6,4.025,6.37
2026-03-15 22:20:00,240.6,3.948,6.3
2026-03-15 22:25:00,261.2,4.167,6.58
2026-03-15 22:30:00,276.6,3.086,4.05
2026-03-15 22:35:00,271.6,3.437,5.06
2026-03-15 22:40:00,282.9,3.259,4.1
2026-03-15 22:45:00,251.2,2.578,3.74
2026-03-15 22:50:00,246.5,2.389,2.95
2026-03-15 22:55:00,251,2.089,2.6
2026-03-15 23:00:00,254.3,2.425,3.13
2026-03-15 23:05:00,257.3,2.504,3.19
2026-03-15 23:10:00,247.5,2.665,3.49
2026-03-15 23:15:00,259.1,3.006,5.11
2026-03-15 23:20:00,255.7,3.513,5.33
2026-03-15 23:25:00,263.4,3.041,4.36
2026-03-15 23:30:00,273.3,4.015,6.89
2026-03-15 23:35:00,263.4,3.82,5.54
2026-03-15 23:40:00,255,3.598,5.41
2026-03-15 23:45:00,255.5,3.175,4.9
2026-03-15 23:50:00,303.3,1.399,2.63
2026-03-15 23:55:00,256.9,2.182,2.67
2026-03-16 00:00:00,268.8,3.456,5.42
2026-03-16 00:05:00,281,3.329,4.63
2026-03-16 00:10:00,275.5,3.82,4.89
2026-03-16 00:15:00,263.6,3.237,5.24
2026-03-16 00:20:00,265.2,2.901,3.77
2026-03-16 00:25:00,253.9,3.771,5.4
2026-03-16 00:30:00,273.6,4.417,7.49
2026-03-16 00:35:00,301.3,4.019,7.08
2026-03-16 00:40:00,285.4,4.168,7.05
2026-03-16 00:45:00,247.1,2.762,3.9
2026-03-16 00:50:00,244.2,3.194,4.91
2026-03-16 00:55:00,206.3,1.249,4.31
2026-03-16 01:00:00,256.7,3.201,4.39
2026-03-16 01:05:00,275.7,2.389,3.45
2026-03-16 01:10:00,242.3,3.135,4.67
2026-03-16 01:15:00,246.2,2.982,3.71
2026-03-16 01:20:00,248.8,3.038,4.4
2026-03-16 01:25:00,258.3,2.359,3.32
2026-03-16 01:30:00,278.4,2.993,4.51
2026-03-16 01:35:00,279.8,2.338,4
2026-03-16 01:40:00,275.7,2.79,4.53
2026-03-16 01:45:00,271.3,3.914,5.34
2026-03-16 01:50:00,253.3,2.658,3.96
2026-03-16 01:55:00,247.5,3.017,4.9
2026-03-16 02:00:00,267.5,2.673,3.85
2026-03-16 02:05:00,268,3.269,5.46
2026-03-16 02:10:00,263.3,3.612,6.27
2026-03-16 02:15:00,276.4,3.463,9.02
2026-03-16 02:20:00,280.6,3.175,5.69
2026-03-16 02:25:00,268,2.73,3.64
2026-03-16 02:30:00,254.7,3.106,5.29
2026-03-16 02:35:00,259.4,2.447,3.29
2026-03-16 02:40:00,261.5,2.906,3.76
2026-03-16 02:45:00,271.5,2.441,3.22
2026-03-16 02:50:00,248.5,2.173,2.48
2026-03-16 02:55:00,234,1.78,2.19
2026-03-16 03:00:00,247.6,2.297,2.9
2026-03-16 03:05:00,263.4,2.545,3.27
2026-03-16 03:10:00,319.8,1.262,0.99
2026-03-16 03:15:00,290.5,0.99,0.99
2026-03-16 03:20:00,287.8,2.174,2.47
2026-03-16 03:25:00,265.8,2.266,2.65
2026-03-16 03:30:00,277.4,2.545,3.2
2026-03-16 03:35:00,278.5,2.919,4.09
2026-03-16 03:40:00,281.7,2.966,4.11
2026-03-16 03:45:00,292.6,2.591,3.67
2026-03-16 03:50:00,302.6,2.286,2.71
2026-03-16 03:55:00,294.3,2.497,3.11
2026-03-16 04:00:00,315.7,2.518,3.42
2026-03-16 04:05:00,291.1,3.143,4.52
2026-03-16 04:10:00,312.6,2.285,2.49
2026-03-16 04:15:00,318.5,2.246,2.55
2026-03-16 04:20:00,278.6,2.445,3.56
2026-03-16 04:25:00,268.2,3.167,4.81
2026-03-16 04:30:00,286.7,2.045,2.58
2026-03-16 04:35:00,255.2,2.36,2.92
2026-03-16 04:40:00,276.1,1.781,2.61
2026-03-16 04:45:00,326.5,0.803,0.93
2026-03-16 04:50:00,340.5,0.928,2.17
2026-03-16 04:55:00,285.7,1.668,3.04
2026-03-16 05:00:00,264.4,2.489,4.44
2026-03-16 05:05:00,184.6,0.402,0.88
2026-03-16 05:10:00,13.35,0.83,0.99
2026-03-16 05:15:00,292.7,2.551,3.55
2026-03-16 05:20:00,274.5,2.447,3.91
2026-03-16 05:25:00,284.3,2.681,3.9
2026-03-16 05:30:00,265.6,2.205,3.34
2026-03-16 05:35:00,275,3.077,5.09
2026-03-16 05:40:00,285.2,3.152,4.3
2026-03-16 05:45:00,288.7,3.309,4.97
2026-03-16 05:50:00,289.9,2.663,3.56
2026-03-16 05:55:00,277.6,2.639,3.98
2026-03-16 06:00:00,285.2,3.134,4.69
2026-03-16 06:05:00,300.1,2.47,3.55
2026-03-16 06:10:00,287,3.435,5.65
2026-03-16 06:15:00,308.6,3.373,6.77
2026-03-16 06:20:00,285.2,2.463,3.26
2026-03-16 06:25:00,276.6,2.618,3.94
2026-03-16 06:30:00,315.8,2.526,3.43
2026-03-16 06:35:00,355,2.254,3.76
2026-03-16 06:40:00,306.5,1.65,2.35
2026-03-16 06:45:00,258.4,3.088,5.27
2026-03-16 06:50:00,253,2.676,3.42
2026-03-16 06:55:00,276.6,1.456,2.52
2026-03-16 07:00:00,296.4,1.814,2.32
2026-03-16 07:05:00,265.9,2.482,2.81
2026-03-16 07:10:00,252.1,2.167,2.31
2026-03-16 07:15:00,256.4,1.65,2.08
2026-03-16 07:20:00,250,2.321,2.5
2026-03-16 07:25:00,265,2.255,2.5
2026-03-16 07:30:00,270.7,2.118,2.2
2026-03-16 07:35:00,256.9,0.775,0.97
2026-03-16 07:40:00,253.9,1.007,2.33
2026-03-16 07:45:00,198.2,0.538,0.92
2026-03-16 07:50:00,214.1,0.47,0.88
2026-03-16 07:55:00,270.3,2.698,4.86
2026-03-16 08:00:00,262,2.886,5
2026-03-16 08:05:00,242.2,0.785,0.95
2026-03-16 08:10:00,265.5,2.684,3.62
2026-03-16 08:15:00,258.5,3.176,4.91
2026-03-16 08:20:00,261.7,3.469,4.46
2026-03-16 08:25:00,265.1,3.037,4.41
2026-03-16 08:30:00,260.1,3.308,5.13
2026-03-16 08:35:00,262.3,3.147,4.22
2026-03-16 08:40:00,240.5,2.779,3.61
2026-03-16 08:45:00,253.8,2.749,4.39
2026-03-16 08:50:00,253.8,3.071,5.34
2026-03-16 08:55:00,252.9,3.509,5.11
2026-03-16 09:00:00,258.7,3.661,5.1
2026-03-16 09:05:00,256.5,3.565,5.88
2026-03-16 09:10:00,249.6,3.258,5.34
2026-03-16 09:15:00,243.3,3.33,5.57
2026-03-16 09:20:00,243.6,3.04,4.33
2026-03-16 09:25:00,260.1,2.849,4.16
2026-03-16 09:30:00,258.4,3.832,6.37
2026-03-16 09:35:00,254.8,3.638,5.51
2026-03-16 09:40:00,250,3.049,4.6
2026-03-16 09:45:00,257.7,3.774,5.51
2026-03-16 09:50:00,249,2.934,4.17
2026-03-16 09:55:00,247.1,2.925,3.77
2026-03-16 10:00:00,263.2,3.538,5.49
2026-03-16 10:05:00,253,4,5.66
2026-03-16 10:10:00,242.8,4.402,6.2
2026-03-16 10:15:00,251.2,3.711,5.25
2026-03-16 10:20:00,244.2,3.324,4.79
2026-03-16 10:25:00,249,3.116,5.28
2026-03-16 10:30:00,259.3,3.279,5.24
2026-03-16 10:35:00,256.2,3.723,5.35
2026-03-16 10:40:00,244.1,3.821,6.25
2026-03-16 10:45:00,249.6,4.545,6.38
2026-03-16 10:50:00,241.8,3.366,5.49
2026-03-16 10:55:00,240.2,3.377,4.79
2026-03-16 11:00:00,245.3,3.463,4.81
2026-03-16 11:05:00,241.3,3.184,4.62
2026-03-16 11:10:00,239.1,2.95,4.13
2026-03-16 11:15:00,241.2,4.041,5.88
2026-03-16 11:20:00,230.9,3.54,5.15
2026-03-16 11:25:00,250.2,3.627,5.39
2026-03-16 11:30:00,216.9,2.461,3.76
2026-03-16 11:35:00,221,2.455,3.35
2026-03-16 11:40:00,240.4,2.65,3.26
2026-03-16 11:45:00,238.2,2.644,3.26
2026-03-16 11:50:00,236.9,3.12,4.7
2026-03-16 11:55:00,238.6,3.003,4.48
2026-03-16 12:00:00,238.3,2.73,3.88
2026-03-16 12:05:00,234.4,2.544,3.79
2026-03-16 12:10:00,238.3,2.719,3.6
2026-03-16 12:15:00,237,2.685,3.58
2026-03-16 12:20:00,230.5,2.561,3.66
2026-03-16 12:25:00,253,2.379,2.98
2026-03-16 12:30:00,250,1.796,3.15
2026-03-16 12:35:00,227.2,2.478,3.58
2026-03-16 12:40:00,222,3.31,5.25
2026-03-16 12:45:00,213.3,3.324,5.69
2026-03-16 12:50:00,229.3,2.908,5.07
2026-03-16 12:55:00,239.1,2.767,4.28
2026-03-16 13:00:00,236.1,3.323,5.26
2026-03-16 13:05:00,246.4,3.509,4.91
2026-03-16 13:10:00,238.6,3.137,5.54
2026-03-16 13:15:00,235.5,3.037,4.2
2026-03-16 13:20:00,236.2,3.664,5.18
2026-03-16 13:25:00,241.7,3.985,6.81
2026-03-16 13:30:00,241.1,3.619,5.07
2026-03-16 13:35:00,245.7,3.273,5.63
2026-03-16 13:40:00,243.5,3.052,4.21
2026-03-16 13:45:00,240.7,3.138,4.38
2026-03-16 13:50:00,245.9,3.196,4.3
2026-03-16 13:55:00,250.1,3.068,4.56
2026-03-16 14:00:00,260.7,3.342,5.14
2026-03-16 14:05:00,254.6,2.85,4.53
2026-03-16 14:10:00,234.2,4.486,7.08
2026-03-16 14:15:00,247.9,5.457,9.75
2026-03-16 14:20:00,243.3,5.664,7.54
2026-03-16 14:25:00,246.5,3.762,6.92
2026-03-16 14:30:00,238.7,3.745,6.51
2026-03-16 14:35:00,243.6,4.087,5.67
2026-03-16 14:40:00,242.6,4.322,6.03
2026-03-16 14:45:00,241.4,3.666,5.68
2026-03-16 14:50:00,236.4,4.027,5.94
2026-03-16 14:55:00,238.9,4.259,7.38
2026-03-16 15:00:00,242.7,4.01,5.19
2026-03-16 15:05:00,236.7,3.775,6.03
2026-03-16 15:10:00,226.6,3.196,5.67
2026-03-16 15:15:00,241.5,4.701,7.1
2026-03-16 15:20:00,228,3.816,5.81
2026-03-16 15:25:00,238.3,5.365,7.9
2026-03-16 15:30:00,241.6,5.224,8.16
2026-03-16 15:35:00,233.7,4.645,7.07
2026-03-16 15:40:00,237.8,4.842,7.59
2026-03-16 15:45:00,234.4,4.092,6.85
2026-03-16 15:50:00,236.3,4.571,6.77
2026-03-16 15:55:00,239,4.014,5.54
2026-03-16 16:00:00,235,3.651,6.25
2026-03-16 16:05:00,242,3.854,5.94
2026-03-16 16:10:00,239.3,4.012,5.92
2026-03-16 16:15:00,227.9,3.623,5.37
2026-03-16 16:20:00,231.8,3.594,5.3
2026-03-16 16:25:00,237.9,3.641,5.56
2026-03-16 16:30:00,245.5,3.491,5.43
2026-03-16 16:35:00,242.4,3.737,5.68
2026-03-16 16:40:00,241.7,4.116,5.71
2026-03-16 16:45:00,242.6,4.143,6.57
2026-03-16 16:50:00,243.1,4.409,5.99
2026-03-16 16:55:00,240.4,4.262,5.76
2026-03-16 17:00:00,243,4.003,5.98
2026-03-16 17:05:00,243.4,3.788,6.9
2026-03-16 17:10:00,237.7,3.572,5.67
2026-03-16 17:15:00,239.8,3.992,5.59
2026-03-16 17:20:00,239.2,3.606,5.21
2026-03-16 17:25:00,243.1,3.087,4.46
2026-03-16 17:30:00,235.5,3.158,5.19
2026-03-16 17:35:00,231,3.278,5.27
2026-03-16 17:40:00,236.1,3.319,5.15
2026-03-16 17:45:00,242.7,3.476,5.91
2026-03-16 17:50:00,247.5,3.683,5.86
2026-03-16 17:55:00,244.4,2.619,3.83
2026-03-16 18:00:00,244.7,2.915,3.78
2026-03-16 18:05:00,237,2.519,3.17
2026-03-16 18:10:00,237,2.506,3.39
2026-03-16 18:15:00,248.7,2.973,4.35
2026-03-16 18:20:00,242.9,3.056,4.2
2026-03-16 18:25:00,241.9,2.886,4.16
2026-03-16 18:30:00,249.7,2.723,3.86
2026-03-16 18:35:00,253.6,2.517,3.44
2026-03-16 18:40:00,250.4,2.663,3.68
2026-03-16 18:45:00,247.5,2.99,3.95
2026-03-16 18:50:00,247,3.31,5.47
2026-03-16 18:55:00,256.8,2.932,4.41
2026-03-16 19:00:00,252.3,2.686,4.25
2026-03-16 19:05:00,248.7,3.394,4.32
2026-03-16 19:10:00,251.7,3.459,4.78
2026-03-16 19:15:00,255.4,3.066,3.86
2026-03-16 19:20:00,244.7,2.343,3.05
2026-03-16 19:25:00,255,2.669,3.78
2026-03-16 19:30:00,266,2.423,3.1
2026-03-16 19:35:00,257,2.425,2.93
2026-03-16 19:40:00,247.3,2.422,3.25
2026-03-16 19:45:00,247,2.861,4.65
2026-03-16 19:50:00,258.4,2.969,4.93
2026-03-16 19:55:00,258.8,3.254,4.53
2026-03-16 20:00:00,248.5,3.16,4.31
2026-03-16 20:05:00,256.1,2.744,3.8
2026-03-16 20:10:00,255.5,2.474,3.24
2026-03-16 20:15:00,261,2.425,3.62
2026-03-16 20:20:00,271,3.295,4.24
2026-03-16 20:25:00,252.1,2.46,3.04
2026-03-16 20:30:00,251.5,3.219,4.41
2026-03-16 20:35:00,266,3.307,4.05
2026-03-16 20:40:00,271.7,3.203,4.14
2026-03-16 20:45:00,266.2,3.367,4.21
2026-03-16 20:50:00,255.3,3.675,5.32
2026-03-16 20:55:00,262.7,3.526,4.86
2026-03-16 21:00:00,257.7,3.684,4.95
2026-03-16 21:05:00,270.3,3.122,4.1
2026-03-16 21:10:00,267.2,2.496,3.92
2026-03-16 21:15:00,245.1,2.608,3.52
2026-03-16 21:20:00,256.4,3.17,5.2
2026-03-16 21:25:00,253.2,3.836,6.69
2026-03-16 21:30:00,253.2,2.969,4.24
2026-03-16 21:35:00,273.1,3.193,4.9
2026-03-16 21:40:00,272.1,3.264,5.3
2026-03-16 21:45:00,257.8,2.51,3.69
2026-03-16 21:50:00,267.5,2.469,3.43
2026-03-16 21:55:00,254.4,2.583,3.39
2026-03-16 22:00:00,255.6,2.586,3.3
2026-03-16 22:05:00,254.8,2.483,3.44
2026-03-16 22:10:00,248.1,2.886,4.51
2026-03-16 22:15:00,249.1,2.773,3.69
2026-03-16 22:20:00,261.8,2.754,3.48
2026-03-16 22:25:00,261.7,2.554,3.25
2026-03-16 22:30:00,258.4,2.351,3.28
2026-03-16 22:35:00,267.7,2.379,2.94
2026-03-16 22:40:00,273.9,2.284,2.6
2026-03-16 22:45:00,263,1.01,2.06
2026-03-16 22:50:00,257.2,0.809,0.99
2026-03-16 22:55:00,278.3,2.126,2.27
2026-03-16 23:00:00,280.1,2.042,2.09
2026-03-16 23:05:00,316.5,2.11,2.11
2026-03-16 23:10:00,NA,NA,NA
2026-03-16 23:15:00,312.5,1.76,2.33
2026-03-16 23:20:00,NA,NA,NA
2026-03-16 23:25:00,NA,NA,NA
2026-03-16 23:30:00,271.2,0.833,0.99
2026-03-16 23:35:00,298.5,0.84,NA
2026-03-16 23:40:00,241,0.555,0.92
2026-03-16 23:45:00,208.8,0.41,0.95
2026-03-16 23:50:00,313.8,0.788,0.99
2026-03-16 23:55:00,327.3,0.871,0.98
2026-03-17 00:00:00,326.6,0.938,0.98
