timestamp,WDuv_1_Avg_value,WG_1_Max_value,WS_1_Avg_value,WS_1_Max_value
2026-03-10 00:00:00,215.2,1.999,1.226,1.999
2026-03-10 00:05:00,213.4,2.221,1.348,2.499
2026-03-10 00:10:00,213.9,2.166,1.373,2.332
2026-03-10 00:15:00,219.7,2.499,1.543,2.499
2026-03-10 00:20:00,214.5,2.388,1.391,2.499
2026-03-10 00:25:00,207.6,1.944,1.103,1.999
2026-03-10 00:30:00,196.4,1.555,1.033,1.666
2026-03-10 00:35:00,193,2.055,1.158,2.166
2026-03-10 00:40:00,212.8,2.11,1.137,2.166
2026-03-10 00:45:00,227.7,2.388,1.115,2.499
2026-03-10 00:50:00,221,2.555,1.449,2.666
2026-03-10 00:55:00,222.1,2.777,1.641,2.999
2026-03-10 01:00:00,228.1,2.666,1.474,2.832
2026-03-10 01:05:00,225.6,2.666,1.475,2.666
2026-03-10 01:10:00,226.3,2.721,1.473,2.832
2026-03-10 01:15:00,227.8,2.443,1.308,2.499
2026-03-10 01:20:00,224.4,2.666,1.566,2.832
2026-03-10 01:25:00,229.9,3.054,1.61,3.165
2026-03-10 01:30:00,228.8,2.221,1.449,2.332
2026-03-10 01:35:00,232.8,2.166,1.345,2.332
2026-03-10 01:40:00,232.6,2.777,1.529,2.999
2026-03-10 01:45:00,240.5,2.721,1.553,2.832
2026-03-10 01:50:00,235,3.165,1.949,3.499
2026-03-10 01:55:00,229.3,3.943,2.1,4.165
2026-03-10 02:00:00,227,3.665,1.953,3.665
2026-03-10 02:05:00,227.5,3.499,1.757,3.665
2026-03-10 02:10:00,228.8,3.61,1.791,3.832
2026-03-10 02:15:00,224.8,3.165,1.532,3.165
2026-03-10 02:20:00,229.5,2.777,1.585,2.832
2026-03-10 02:25:00,239.3,2.221,1.233,2.332
2026-03-10 02:30:00,251.8,2.388,1.215,2.499
2026-03-10 02:35:00,265.3,1.555,0.91,1.666
2026-03-10 02:40:00,297.4,1.055,0.471,1.166
2026-03-10 02:45:00,294.8,0.666,0.101,0.666
2026-03-10 02:50:00,338.4,0.833,0.107,0.833
2026-03-10 02:55:00,203.1,1.61,0.305,1.666
2026-03-10 03:00:00,186.3,1.166,0.281,1.166
2026-03-10 03:05:00,195.1,2.11,0.664,2.166
2026-03-10 03:10:00,191.1,1.777,1.246,1.833
2026-03-10 03:15:00,204.9,2.61,1.602,2.666
2026-03-10 03:20:00,219.1,2.388,1.617,2.499
2026-03-10 03:25:00,249.6,2.499,1.482,2.499
2026-03-10 03:30:00,246.8,2.999,1.549,3.332
2026-03-10 03:35:00,246.9,3.665,1.559,4.165
2026-03-10 03:40:00,247.5,2.555,1.477,2.666
2026-03-10 03:45:00,237.6,2.388,1.321,2.499
2026-03-10 03:50:00,231.3,2.61,1.278,2.832
2026-03-10 03:55:00,237.4,1.722,0.837,1.833
2026-03-10 04:00:00,259.3,1.222,0.76,1.333
2026-03-10 04:05:00,249.3,1.722,0.961,1.833
2026-03-10 04:10:00,235.7,1.888,1.185,1.999
2026-03-10 04:15:00,228.7,2.499,1.521,2.666
2026-03-10 04:20:00,222.4,2.999,1.901,3.165
2026-03-10 04:25:00,220.9,2.888,1.927,3.165
2026-03-10 04:30:00,218.9,3.887,1.913,3.998
2026-03-10 04:35:00,220.6,2.777,1.648,2.832
2026-03-10 04:40:00,225.8,2.666,1.72,2.832
2026-03-10 04:45:00,227.6,2.721,1.533,2.832
2026-03-10 04:50:00,228.3,3.499,1.613,3.499
2026-03-10 04:55:00,231.2,2.832,1.53,2.999
2026-03-10 05:00:00,226.2,2.888,1.836,2.999
2026-03-10 05:05:00,229.4,2.943,1.454,2.999
2026-03-10 05:10:00,227.8,3.332,1.866,3.665
2026-03-10 05:15:00,217.8,3.388,1.891,3.665
2026-03-10 05:20:00,218.1,4.221,2.174,4.332
2026-03-10 05:25:00,211.5,3.832,2.001,4.332
2026-03-10 05:30:00,217.6,3.443,2.038,3.665
2026-03-10 05:35:00,207,3.554,2.255,3.665
2026-03-10 05:40:00,215.2,3.276,2.005,3.499
2026-03-10 05:45:00,216.6,3.61,1.954,3.665
2026-03-10 05:50:00,223.1,3.61,2.01,3.832
2026-03-10 05:55:00,227.7,3.554,2.175,3.665
2026-03-10 06:00:00,229.2,3.721,2.096,3.998
2026-03-10 06:05:00,230.7,3.165,1.727,3.332
2026-03-10 06:10:00,215,3.276,1.956,3.332
2026-03-10 06:15:00,217.1,3.61,1.848,3.665
2026-03-10 06:20:00,201.2,3.221,1.77,3.332
2026-03-10 06:25:00,192.6,3.388,1.754,3.499
2026-03-10 06:30:00,186.1,3.221,1.693,3.332
2026-03-10 06:35:00,195.6,3.11,1.743,3.165
2026-03-10 06:40:00,197.2,2.61,1.801,2.832
2026-03-10 06:45:00,195.8,3.165,1.624,3.332
2026-03-10 06:50:00,180.6,2.443,1.577,2.499
2026-03-10 06:55:00,184.5,1.944,1.338,1.999
2026-03-10 07:00:00,187.9,1.999,1.384,2.166
2026-03-10 07:05:00,175,1.888,1.085,1.999
2026-03-10 07:10:00,186.6,1.833,1.339,1.833
2026-03-10 07:15:00,188.4,1.722,1.249,1.833
2026-03-10 07:20:00,182.6,1.666,1.252,1.666
2026-03-10 07:25:00,183.2,1.555,0.95,1.499
2026-03-10 07:30:00,182.3,1.388,0.854,1.499
2026-03-10 07:35:00,222.6,1.277,0.483,1.333
2026-03-10 07:40:00,200.7,0.666,0.335,0.666
2026-03-10 07:45:00,226.9,1,0.376,1
2026-03-10 07:50:00,197.9,1.166,0.621,1.166
2026-03-10 07:55:00,152.8,0.555,0.179,0.666
2026-03-10 08:00:00,216,0.889,0.062,1
2026-03-10 08:05:00,22.15,2.166,0.931,2.166
2026-03-10 08:10:00,20.64,1.555,0.651,1.666
2026-03-10 08:15:00,10.32,1.944,0.854,1.999
2026-03-10 08:20:00,132.1,1.166,0.405,1.166
2026-03-10 08:25:00,35.19,1.666,0.48,1.666
2026-03-10 08:30:00,46.09,1.388,0.28,1.499
2026-03-10 08:35:00,130.4,0.944,0.219,1
2026-03-10 08:40:00,352.7,1.499,0.526,1.499
2026-03-10 08:45:00,106.5,1.833,0.554,1.833
2026-03-10 08:50:00,25.81,2.388,0.855,2.499
2026-03-10 08:55:00,6.386,2.832,0.784,2.999
2026-03-10 09:00:00,29.25,1.777,0.75,1.833
2026-03-10 09:05:00,22.43,1.777,0.842,1.833
2026-03-10 09:10:00,39.49,2.11,0.837,2.166
2026-03-10 09:15:00,7.756,2.166,0.894,2.166
2026-03-10 09:20:00,45.87,1.499,0.509,1.666
2026-03-10 09:25:00,352.3,1.722,0.824,1.833
2026-03-10 09:30:00,149.1,2.166,0.582,2.166
2026-03-10 09:35:00,118.6,1.888,0.61,1.999
2026-03-10 09:40:00,144.1,1.222,0.446,1.333
2026-03-10 09:45:00,123.3,2.332,0.998,2.332
2026-03-10 09:50:00,49.34,2.277,0.757,2.499
2026-03-10 09:55:00,36.05,2.443,0.929,2.666
2026-03-10 10:00:00,32.57,1.777,0.491,1.833
2026-03-10 10:05:00,137.3,2.943,1.212,2.999
2026-03-10 10:10:00,290.2,1.888,0.511,1.999
2026-03-10 10:15:00,323.7,2.166,0.715,2.166
2026-03-10 10:20:00,274.1,2.61,1.192,2.666
2026-03-10 10:25:00,267,2.555,0.978,2.666
2026-03-10 10:30:00,289.6,2.166,0.705,2.332
2026-03-10 10:35:00,255.2,1.61,0.305,1.666
2026-03-10 10:40:00,99.8,1.722,0.38,1.833
2026-03-10 10:45:00,37.93,1.666,0.578,1.833
2026-03-10 10:50:00,108.2,1.444,0.604,1.499
2026-03-10 10:55:00,97.4,0.5,0.053,0.5
2026-03-10 11:00:00,354.6,1.61,0.597,1.666
2026-03-10 11:05:00,295,3.665,0.806,3.832
2026-03-10 11:10:00,290.8,2.443,0.926,2.499
2026-03-10 11:15:00,261,1.833,0.714,1.833
2026-03-10 11:20:00,263.4,2.943,1.08,3.165
2026-03-10 11:25:00,287.1,4.276,1.287,4.498
2026-03-10 11:30:00,285,3.832,1.572,4.332
2026-03-10 11:35:00,257.4,3.721,1.644,3.832
2026-03-10 11:40:00,292.4,3.221,0.996,3.332
2026-03-10 11:45:00,277.1,3.887,1.635,3.998
2026-03-10 11:50:00,265.4,3.832,1.616,3.998
2026-03-10 11:55:00,288.9,2.999,1.118,3.165
2026-03-10 12:00:00,253.4,4.276,1.693,4.498
2026-03-10 12:05:00,239.5,3.11,0.956,3.165
2026-03-10 12:10:00,268,2.777,0.976,2.832
2026-03-10 12:15:00,249.9,3.998,1.913,4.165
2026-03-10 12:20:00,268.8,4.942,1.711,5.165
2026-03-10 12:25:00,277,3.332,1.347,3.332
2026-03-10 12:30:00,290.6,3.165,1.321,3.332
2026-03-10 12:35:00,275.7,3.276,0.998,3.665
2026-03-10 12:40:00,264.7,2.832,1.205,2.999
2026-03-10 12:45:00,274.9,3.665,1.471,3.998
2026-03-10 12:50:00,236.8,4.776,1.718,5.165
2026-03-10 12:55:00,264.8,3.776,1.359,3.832
2026-03-10 13:00:00,249.1,3.499,1.273,3.665
2026-03-10 13:05:00,256,3.165,1.126,3.165
2026-03-10 13:10:00,234,3.998,1.764,3.998
2026-03-10 13:15:00,262.5,3.276,1.612,3.499
2026-03-10 13:20:00,246,3.221,1.476,3.665
2026-03-10 13:25:00,273,3.11,1.248,3.499
2026-03-10 13:30:00,301.5,2.721,0.897,2.999
2026-03-10 13:35:00,268.4,2.388,0.986,2.499
2026-03-10 13:40:00,255.5,3.054,1.163,3.165
2026-03-10 13:45:00,282.7,3.276,1.209,3.332
2026-03-10 13:50:00,283.3,1.777,0.654,1.833
2026-03-10 13:55:00,179.7,3.499,1.336,3.665
2026-03-10 14:00:00,268.9,3.388,0.633,3.499
2026-03-10 14:05:00,324.9,2.055,0.789,2.166
2026-03-10 14:10:00,265.6,2.332,0.391,2.332
2026-03-10 14:15:00,218.2,3.221,1.142,3.665
2026-03-10 14:20:00,310.7,3.276,1.186,3.499
2026-03-10 14:25:00,258.5,2.777,0.87,2.832
2026-03-10 14:30:00,350.4,2.11,0.588,2.166
2026-03-10 14:35:00,9.78,2.499,0.418,2.832
2026-03-10 14:40:00,76.22,2.11,0.465,2.332
2026-03-10 14:45:00,92.5,1.722,0.675,1.833
2026-03-10 14:50:00,107.8,2.166,0.628,2.332
2026-03-10 14:55:00,24.25,1.222,0.232,1.333
2026-03-10 15:00:00,317.4,3.665,1.037,3.832
2026-03-10 15:05:00,288.6,2.555,0.697,2.666
2026-03-10 15:10:00,118.2,2.666,0.775,2.666
2026-03-10 15:15:00,83.5,2.61,0.703,2.499
2026-03-10 15:20:00,20.04,2.332,0.95,2.499
2026-03-10 15:25:00,160.2,1.61,0.638,1.666
2026-03-10 15:30:00,143.8,2.443,1.155,2.499
2026-03-10 15:35:00,152.8,5.22,2.11,5.998
2026-03-10 15:40:00,29.44,2.721,0.909,2.999
2026-03-10 15:45:00,18.2,1.61,0.494,1.666
2026-03-10 15:50:00,117.3,2.61,1.238,2.666
2026-03-10 15:55:00,37.72,2.61,0.938,2.666
2026-03-10 16:00:00,194.9,2.277,1.134,2.499
2026-03-10 16:05:00,32.81,1.333,0.599,1.333
2026-03-10 16:10:00,47.85,2.11,0.541,2.166
2026-03-10 16:15:00,133.5,1.888,0.764,1.999
2026-03-10 16:20:00,92.1,1.833,0.738,1.833
2026-03-10 16:25:00,103,1.277,0.35,1.333
2026-03-10 16:30:00,99.4,1.666,0.526,1.833
2026-03-10 16:35:00,38.49,1.666,0.531,1.666
2026-03-10 16:40:00,2.967,1.722,0.771,1.833
2026-03-10 16:45:00,11.29,1.555,0.609,1.666
2026-03-10 16:50:00,344.5,1.444,0.466,1.499
2026-03-10 16:55:00,346.5,1.666,0.727,1.666
2026-03-10 17:00:00,33.2,1.944,0.616,1.999
2026-03-10 17:05:00,55.81,1.333,0.444,1.333
2026-03-10 17:10:00,349,1.999,0.807,1.999
2026-03-10 17:15:00,258.6,0.666,0.124,0.666
2026-03-10 17:20:00,71.17,1.333,0.503,1.333
2026-03-10 17:25:00,155.4,0.944,0.157,0.833
2026-03-10 17:30:00,56.01,0.944,0.274,1
2026-03-10 17:35:00,67.12,0.889,0.224,1
2026-03-10 17:40:00,68.68,0.777,0.048,0.833
2026-03-10 17:45:00,92.6,1,0.385,1
2026-03-10 17:50:00,108.4,1.444,0.339,1.499
2026-03-10 17:55:00,137,1.61,0.47,1.666
2026-03-10 18:00:00,208.3,2.277,0.846,2.499
2026-03-10 18:05:00,246.9,1.499,0.529,1.666
2026-03-10 18:10:00,212.8,1.111,0.198,1.166
2026-03-10 18:15:00,194.7,1.333,0.351,1.333
2026-03-10 18:20:00,202.7,2.221,1.032,2.332
2026-03-10 18:25:00,209.5,2.666,1.376,2.666
2026-03-10 18:30:00,200.9,2.999,1.371,3.165
2026-03-10 18:35:00,214.8,2.277,1.317,2.499
2026-03-10 18:40:00,185.6,2.277,0.854,2.332
2026-03-10 18:45:00,171.4,1.666,0.92,1.666
2026-03-10 18:50:00,164.6,1.277,0.575,1.166
2026-03-10 18:55:00,178.4,1.444,0.533,1.499
2026-03-10 19:00:00,191.8,2.055,0.909,2.166
2026-03-10 19:05:00,189.6,1.499,0.615,1.499
2026-03-10 19:10:00,199.8,1.277,0.82,1.333
2026-03-10 19:15:00,169.9,1.555,0.897,1.666
2026-03-10 19:20:00,169.3,1.61,1.07,1.666
2026-03-10 19:25:00,179.2,1.222,0.786,1.333
2026-03-10 19:30:00,186.5,1.166,0.887,1.166
2026-03-10 19:35:00,176.5,1.444,0.976,1.499
2026-03-10 19:40:00,172.2,0.889,0.601,1
2026-03-10 19:45:00,188,1.333,0.956,1.333
2026-03-10 19:50:00,170.8,0.833,0.358,0.833
2026-03-10 19:55:00,151.2,0.833,0.219,0.833
2026-03-10 20:00:00,137.2,1,0.419,1
2026-03-10 20:05:00,169.8,1.222,0.533,1.333
2026-03-10 20:10:00,189.3,1.333,0.901,1.333
2026-03-10 20:15:00,193.3,1.722,0.915,1.833
2026-03-10 20:20:00,174.2,1.388,0.586,1.499
2026-03-10 20:25:00,185.6,1.055,0.746,1.166
2026-03-10 20:30:00,191,1.555,1.017,1.666
2026-03-10 20:35:00,185.2,1.722,1.087,1.833
2026-03-10 20:40:00,176.7,1.666,1.143,1.833
2026-03-10 20:45:00,161.8,1.555,0.544,1.666
2026-03-10 20:50:00,174.9,1.111,0.563,1.166
2026-03-10 20:55:00,158.8,0.666,0.317,0.666
2026-03-10 21:00:00,180.8,1.388,0.631,1.499
2026-03-10 21:05:00,196.1,1.833,1.095,1.833
2026-03-10 21:10:00,200.6,1.944,1.157,1.999
2026-03-10 21:15:00,174.5,1.999,1.172,1.999
2026-03-10 21:20:00,176.1,1.333,0.895,1.333
2026-03-10 21:25:00,179.3,0.889,0.296,1
2026-03-10 21:30:00,192.3,1.555,1.005,1.666
2026-03-10 21:35:00,175.8,1.499,1.026,1.499
2026-03-10 21:40:00,172.7,1,0.568,1
2026-03-10 21:45:00,174,1.444,0.77,1.499
2026-03-10 21:50:00,189.7,2.055,1.221,2.166
2026-03-10 21:55:00,184.2,1.111,0.242,1.166
2026-03-10 22:00:00,200.5,2.055,1.278,2.166
2026-03-10 22:05:00,198.6,2.166,1.282,2.332
2026-03-10 22:10:00,178,1.666,1.237,1.666
2026-03-10 22:15:00,181.4,1.722,1.268,1.833
2026-03-10 22:20:00,183.9,1.666,1.151,1.666
2026-03-10 22:25:00,189.8,1.999,1.449,1.999
2026-03-10 22:30:00,187.9,1.944,1.271,1.999
2026-03-10 22:35:00,190.2,2.11,1.325,2.166
2026-03-10 22:40:00,187.9,2.277,1.479,2.499
2026-03-10 22:45:00,195.3,2.388,1.578,2.499
2026-03-10 22:50:00,205.1,2.166,1.207,2.166
2026-03-10 22:55:00,204.3,1.722,1.121,1.833
2026-03-10 23:00:00,188.5,1.277,0.945,1.333
2026-03-10 23:05:00,189.6,1.277,0.816,1.333
2026-03-10 23:10:00,185.8,1.444,1.063,1.499
2026-03-10 23:15:00,177.8,1.222,0.639,1.333
2026-03-10 23:20:00,44.71,0.833,0.107,0.833
2026-03-10 23:25:00,184.6,1.388,0.609,1.499
2026-03-10 23:30:00,181.5,1.444,0.911,1.499
2026-03-10 23:35:00,189.5,1.499,1.105,1.499
2026-03-10 23:40:00,191.7,1.999,1.277,2.166
2026-03-10 23:45:00,193.6,2.11,1.413,2.166
2026-03-10 23:50:00,195.7,1.777,1.158,1.999
2026-03-10 23:55:00,182.6,1.888,1.218,1.999
2026-03-11 00:00:00,190.4,1.666,1.111,1.666
2026-03-11 00:05:00,184.3,1.555,1.129,1.666
2026-03-11 00:10:00,193.3,1.833,1.206,1.833
2026-03-11 00:15:00,187.5,1.833,1.247,1.833
2026-03-11 00:20:00,182.1,1.722,1.151,1.833
2026-03-11 00:25:00,183.8,1.333,1.042,1.333
2026-03-11 00:30:00,148.9,1.388,0.755,1.499
2026-03-11 00:35:00,57.7,0.666,0.166,0.666
2026-03-11 00:40:00,79.1,1.333,0.283,1.499
2026-03-11 00:45:00,179.2,0.777,0.333,0.833
2026-03-11 00:50:00,178.9,1.388,0.868,1.499
2026-03-11 00:55:00,174.4,1.555,1.016,1.666
2026-03-11 01:00:00,151,1.111,0.685,1.166
2026-03-11 01:05:00,160.1,0.722,0.291,0.833
2026-03-11 01:10:00,178.3,1.555,1.106,1.666
2026-03-11 01:15:00,176.5,1.166,0.852,1.166
2026-03-11 01:20:00,175.4,1,0.657,1
2026-03-11 01:25:00,173.7,0.944,0.326,1
2026-03-11 01:30:00,0,0,0,0
2026-03-11 01:35:00,181.8,1.111,0.368,1.166
2026-03-11 01:40:00,180.6,1.277,1.01,1.333
2026-03-11 01:45:00,190.7,1.333,1.029,1.333
2026-03-11 01:50:00,182.9,0.944,0.717,1
2026-03-11 01:55:00,183.3,1.777,1.189,1.833
2026-03-11 02:00:00,190.1,1.888,1.377,1.999
2026-03-11 02:05:00,203.5,2.11,1.378,2.332
2026-03-11 02:10:00,206,1.944,1.263,1.999
2026-03-11 02:15:00,210.2,1.777,1.218,1.833
2026-03-11 02:20:00,243,1.555,0.885,1.666
2026-03-11 02:25:00,193.8,1.888,1.123,1.999
2026-03-11 02:30:00,163.3,2.221,0.924,2.499
2026-03-11 02:35:00,143.6,1.444,0.424,1.499
2026-03-11 02:40:00,107.6,0.555,0.122,0.666
2026-03-11 02:45:00,183.9,1.499,0.653,1.499
2026-03-11 02:50:00,200.1,1.722,1.052,1.833
2026-03-11 02:55:00,193,1.944,1.191,1.999
2026-03-11 03:00:00,197.1,1.777,0.977,1.833
2026-03-11 03:05:00,237.7,1.222,0.815,1.333
2026-03-11 03:10:00,218.2,2.277,1.302,2.499
2026-03-11 03:15:00,212.6,3.054,1.607,3.165
2026-03-11 03:20:00,208.7,3.221,1.879,3.499
2026-03-11 03:25:00,202.2,2.943,1.928,3.165
2026-03-11 03:30:00,200.6,2.61,1.416,2.832
2026-03-11 03:35:00,212.6,2.888,1.486,2.999
2026-03-11 03:40:00,217.2,3.443,1.688,3.665
2026-03-11 03:45:00,214.9,4.221,2.011,4.332
2026-03-11 03:50:00,222.7,5.553,2.992,5.998
2026-03-11 03:55:00,222.2,5.387,2.866,5.664
2026-03-11 04:00:00,219.6,5.664,3.139,5.998
2026-03-11 04:05:00,220,4.831,2.468,5.331
2026-03-11 04:10:00,211,5.942,3.276,6.497
2026-03-11 04:15:00,227.4,5.664,2.793,6.164
2026-03-11 04:20:00,229.9,6.608,2.748,6.997
2026-03-11 04:25:00,217.9,6.442,3.153,6.997
2026-03-11 04:30:00,220.9,6.997,3.006,7.664
2026-03-11 04:35:00,219.1,5.831,3.055,6.497
2026-03-11 04:40:00,209.5,4.998,2.567,5.331
2026-03-11 04:45:00,207.2,5.442,2.034,6.164
2026-03-11 04:50:00,194.7,5.276,2.377,5.498
2026-03-11 04:55:00,205.2,4.665,2.292,4.665
2026-03-11 05:00:00,209.8,4.498,2.054,4.998
2026-03-11 05:05:00,211.7,4.776,2.371,5.165
2026-03-11 05:10:00,211.2,4.609,2.786,4.831
2026-03-11 05:15:00,205.6,3.943,2.196,4.165
2026-03-11 05:20:00,204.5,3.554,1.916,3.665
2026-03-11 05:25:00,181.6,3.332,1.83,3.499
2026-03-11 05:30:00,185.8,3.11,1.647,3.332
2026-03-11 05:35:00,196.7,2.499,1.523,2.499
2026-03-11 05:40:00,204.3,3.388,1.65,3.499
2026-03-11 05:45:00,189,2.332,1.441,2.499
2026-03-11 05:50:00,192.1,1.999,1.244,2.166
2026-03-11 05:55:00,193.1,1.777,1.081,1.833
2026-03-11 06:00:00,196.1,1.833,0.978,1.833
2026-03-11 06:05:00,198,2.443,1.515,2.666
2026-03-11 06:10:00,209.5,2.388,1.323,2.499
2026-03-11 06:15:00,228.1,2.943,1.567,2.999
2026-03-11 06:20:00,244.4,2.277,1.308,2.332
2026-03-11 06:25:00,231.9,3.443,1.949,3.499
2026-03-11 06:30:00,224.4,2.888,1.815,2.999
2026-03-11 06:35:00,226.5,3.276,1.534,3.499
2026-03-11 06:40:00,235.9,2.721,1.526,2.999
2026-03-11 06:45:00,245.9,3.832,1.895,4.498
2026-03-11 06:50:00,230.1,3.499,1.779,3.665
2026-03-11 06:55:00,232.5,3.276,1.76,3.332
2026-03-11 07:00:00,233.2,2.721,1.416,2.832
2026-03-11 07:05:00,242.6,2.666,1.572,2.832
2026-03-11 07:10:00,255.9,2.555,1.261,2.666
2026-03-11 07:15:00,247.4,2.777,1.331,2.832
2026-03-11 07:20:00,246.1,3.276,1.569,3.499
2026-03-11 07:25:00,242.9,4.054,1.614,4.165
2026-03-11 07:30:00,241.9,3.943,1.671,3.998
2026-03-11 07:35:00,249.2,3.165,1.655,3.665
2026-03-11 07:40:00,241.3,4.221,2.116,4.498
2026-03-11 07:45:00,240.5,5.054,2.431,5.331
2026-03-11 07:50:00,240.5,5.276,2.61,5.498
2026-03-11 07:55:00,239.7,5.054,2.743,5.664
2026-03-11 08:00:00,231.2,5.331,2.979,6.164
2026-03-11 08:05:00,229.9,4.665,2.472,5.165
2026-03-11 08:10:00,231,5.942,2.292,6.164
2026-03-11 08:15:00,232.6,5.22,2.629,5.498
2026-03-11 08:20:00,228.2,4.942,2.314,4.998
2026-03-11 08:25:00,230.3,5.442,2.317,5.998
2026-03-11 08:30:00,226.8,4.443,2.155,4.831
2026-03-11 08:35:00,223.1,4.665,2.155,4.998
2026-03-11 08:40:00,217.7,3.943,1.846,4.165
2026-03-11 08:45:00,212.3,3.332,1.664,4.165
2026-03-11 08:50:00,203.3,4.998,2.199,5.664
2026-03-11 08:55:00,216.2,5.553,2.147,5.831
2026-03-11 09:00:00,209.4,5.553,2.764,5.831
2026-03-11 09:05:00,210.8,4.109,1.951,4.498
2026-03-11 09:10:00,216.5,4.942,1.876,5.165
2026-03-11 09:15:00,223.5,4.443,1.762,4.665
2026-03-11 09:20:00,221.9,4.109,1.647,4.665
2026-03-11 09:25:00,220.3,5.054,2.137,5.165
2026-03-11 09:30:00,201.1,3.221,1.372,3.332
2026-03-11 09:35:00,198.9,3.388,1.336,3.499
2026-03-11 09:40:00,192.7,2.777,1.203,2.999
2026-03-11 09:45:00,200.9,1.999,0.941,2.166
2026-03-11 09:50:00,199.8,3.554,1.57,3.832
2026-03-11 09:55:00,188.4,2.666,1.383,2.832
2026-03-11 10:00:00,225.8,4.276,2.007,4.665
2026-03-11 10:05:00,215.8,4.387,2.074,4.665
2026-03-11 10:10:00,222.8,5.387,1.98,5.664
2026-03-11 10:15:00,220.7,5.109,1.633,5.165
2026-03-11 10:20:00,223.6,6.053,2.315,6.497
2026-03-11 10:25:00,229,5.775,2.04,6.664
2026-03-11 10:30:00,224.6,5.553,2.451,6.164
2026-03-11 10:35:00,214.6,4.165,1.661,4.332
2026-03-11 10:40:00,219.3,5.553,1.961,5.831
2026-03-11 10:45:00,216.3,3.443,1.627,3.832
2026-03-11 10:50:00,232,4.332,2.031,4.498
2026-03-11 10:55:00,226.3,4.498,2.09,4.665
2026-03-11 11:00:00,215.6,4.665,1.881,4.831
2026-03-11 11:05:00,205.5,4.665,1.73,4.831
2026-03-11 11:10:00,226.2,4.831,1.982,5.165
2026-03-11 11:15:00,219.9,5.22,2.125,5.331
2026-03-11 11:20:00,236.1,3.665,1.517,3.832
2026-03-11 11:25:00,224.2,4.887,2.031,5.165
2026-03-11 11:30:00,220.1,3.887,1.679,3.998
2026-03-11 11:35:00,207.3,4.332,1.928,4.498
2026-03-11 11:40:00,195.7,3.665,1.573,3.832
2026-03-11 11:45:00,213.8,4.276,1.991,4.498
2026-03-11 11:50:00,200.9,3.665,1.565,3.665
2026-03-11 11:55:00,199.7,4.443,1.386,4.498
2026-03-11 12:00:00,195.6,3.943,1.421,4.498
2026-03-11 12:05:00,204.3,3.61,1.085,3.665
2026-03-11 12:10:00,228.1,5.442,1.964,5.664
2026-03-11 12:15:00,227.2,3.998,1.59,4.165
2026-03-11 12:20:00,221.1,4.998,2.36,5.165
2026-03-11 12:25:00,260.7,4.998,1.632,5.165
2026-03-11 12:30:00,243.2,3.943,1.427,4.165
2026-03-11 12:35:00,279.4,4.998,2.329,5.831
2026-03-11 12:40:00,272.6,4.554,2.145,4.998
2026-03-11 12:45:00,243.2,5.442,2.255,6.164
2026-03-11 12:50:00,240.7,5.276,2.135,5.831
2026-03-11 12:55:00,228.2,5.609,2.252,5.831
2026-03-11 13:00:00,225.7,5.664,2.136,6.664
2026-03-11 13:05:00,225.5,7.108,2.198,7.664
2026-03-11 13:10:00,227.2,6.22,2.758,6.497
2026-03-11 13:15:00,211.6,5.442,2.325,5.664
2026-03-11 13:20:00,230.5,4.276,2.106,4.665
2026-03-11 13:25:00,214.9,6.109,2.525,6.331
2026-03-11 13:30:00,216.4,7.775,3.051,8.5
2026-03-11 13:35:00,226.1,8.72,3.828,9.83
2026-03-11 13:40:00,227.6,6.608,3.143,6.831
2026-03-11 13:45:00,229.7,7.608,3.435,7.997
2026-03-11 13:50:00,235.3,7.108,3.157,7.33
2026-03-11 13:55:00,237.3,6.22,3.072,6.997
2026-03-11 14:00:00,233.2,9.88,3.409,10.33
2026-03-11 14:05:00,220.5,8.55,3.767,9
2026-03-11 14:10:00,231,7.497,3.575,7.997
2026-03-11 14:15:00,234,6.831,2.973,7.497
2026-03-11 14:20:00,241.7,10.11,3.808,10.66
2026-03-11 14:25:00,230.1,9.44,3.859,10.33
2026-03-11 14:30:00,224.7,6.886,3.062,7.83
2026-03-11 14:35:00,229.5,7.83,3.412,8.66
2026-03-11 14:40:00,236.4,6.275,2.932,7.33
2026-03-11 14:45:00,234.8,6.72,3.105,7.33
2026-03-11 14:50:00,238,8.16,3.199,8.33
2026-03-11 14:55:00,235.4,5.998,2.866,6.664
2026-03-11 15:00:00,233.8,7.275,3.061,8.33
2026-03-11 15:05:00,233.7,6.053,3.079,6.497
2026-03-11 15:10:00,233.2,7.275,3.261,7.997
2026-03-11 15:15:00,239.7,8.16,3.575,9.16
2026-03-11 15:20:00,229.7,8.72,3.515,9.16
2026-03-11 15:25:00,230.5,7.219,2.498,8.5
2026-03-11 15:30:00,218.9,8.72,3.487,9.16
2026-03-11 15:35:00,236.2,6.997,3.503,7.997
2026-03-11 15:40:00,230.8,9.27,3.607,10.33
2026-03-11 15:45:00,238.2,6.942,3.572,8.5
2026-03-11 15:50:00,236.3,8.5,2.71,9.16
2026-03-11 15:55:00,232,6.553,3.195,7.664
2026-03-11 16:00:00,239.3,9.27,3.877,10.83
2026-03-11 16:05:00,236.4,6.831,3.067,7.164
2026-03-11 16:10:00,235.2,8.61,3.782,9
2026-03-11 16:15:00,243,7.886,3.61,8.83
2026-03-11 16:20:00,238.5,7.553,3.713,7.664
2026-03-11 16:25:00,235.9,6.886,3.326,7.33
2026-03-11 16:30:00,234.8,8.66,4.079,8.83
2026-03-11 16:35:00,236.6,6.775,3.249,7.664
2026-03-11 16:40:00,236.3,9.27,4.067,10
2026-03-11 16:45:00,245.1,7.219,3.565,8.16
2026-03-11 16:50:00,224.3,7.053,3.597,7.83
2026-03-11 16:55:00,231.6,6.053,2.947,6.997
2026-03-11 17:00:00,238.2,7.275,3.291,7.83
2026-03-11 17:05:00,238,6.109,2.892,6.831
2026-03-11 17:10:00,232.7,8.94,3.58,9
2026-03-11 17:15:00,245.5,7.497,3.746,8.16
2026-03-11 17:20:00,224.2,6.164,3.524,6.831
2026-03-11 17:25:00,237,8.55,3.281,8.83
2026-03-11 17:30:00,244.8,7.719,3.228,7.83
2026-03-11 17:35:00,236.8,7.219,3.5,7.83
2026-03-11 17:40:00,246.5,8.16,3.297,8.83
2026-03-11 17:45:00,241.9,6.942,3.359,7.83
2026-03-11 17:50:00,235.4,8.05,3.503,8.66
2026-03-11 17:55:00,242.2,6.22,3.06,7.164
2026-03-11 18:00:00,231.3,7.386,3.82,7.997
2026-03-11 18:05:00,236.9,8.83,3.58,9.66
2026-03-11 18:10:00,243.3,6.997,3.567,7.664
2026-03-11 18:15:00,239.5,7.33,3.643,8.5
2026-03-11 18:20:00,231.8,7.164,3.83,7.497
2026-03-11 18:25:00,233.1,7.108,3.724,8.33
2026-03-11 18:30:00,233,7.053,2.974,7.664
2026-03-11 18:35:00,238.2,6.997,2.865,7.997
2026-03-11 18:40:00,235.5,6.72,3.394,7.83
2026-03-11 18:45:00,233.7,6.942,3.195,7.497
2026-03-11 18:50:00,229.9,6.053,3.334,6.331
2026-03-11 18:55:00,231.4,6.942,3.261,7.83
2026-03-11 19:00:00,231.3,6.497,3.453,6.831
2026-03-11 19:05:00,234.1,6.442,2.925,7.33
2026-03-11 19:10:00,222.7,7.497,3.616,8.83
2026-03-11 19:15:00,219.8,5.276,2.575,5.831
2026-03-11 19:20:00,212.2,6.664,3.388,6.997
2026-03-11 19:25:00,218.2,6.942,3.261,7.164
2026-03-11 19:30:00,204.6,7.497,3.392,7.997
2026-03-11 19:35:00,201.4,6.608,2.947,7.497
2026-03-11 19:40:00,203.9,7.219,2.628,8.16
2026-03-11 19:45:00,210.5,5.498,1.968,5.998
2026-03-11 19:50:00,223,6.497,2.781,7.164
2026-03-11 19:55:00,223.1,7.441,3.04,8.16
2026-03-11 20:00:00,232.7,6.053,2.459,6.331
2026-03-11 20:05:00,233,4.776,2.444,5.165
2026-03-11 20:10:00,231.5,6.442,2.892,6.664
2026-03-11 20:15:00,239.8,7.608,3.181,8.16
2026-03-11 20:20:00,236.3,5.553,2.477,6.164
2026-03-11 20:25:00,243.2,5.498,2.417,5.998
2026-03-11 20:30:00,229.3,6.497,2.543,7.164
2026-03-11 20:35:00,235.4,3.887,1.424,3.998
2026-03-11 20:40:00,212.5,2.277,1.112,2.499
2026-03-11 20:45:00,214.4,4.221,1.571,4.332
2026-03-11 20:50:00,243.5,2.888,1.394,2.999
2026-03-11 20:55:00,239.4,5.109,1.965,5.498
2026-03-11 21:00:00,246.7,4.998,2.299,5.831
2026-03-11 21:05:00,232.3,3.776,1.695,3.998
2026-03-11 21:10:00,220.9,3.61,1.6,3.665
2026-03-11 21:15:00,204,4.276,1.7,4.498
2026-03-11 21:20:00,219.7,2.943,1.216,2.999
2026-03-11 21:25:00,224,7.33,2.202,7.83
2026-03-11 21:30:00,237.9,4.332,2.013,4.665
2026-03-11 21:35:00,228.8,3.998,1.838,4.165
2026-03-11 21:40:00,232.8,4.165,1.528,4.332
2026-03-11 21:45:00,226.2,4.221,1.985,4.498
2026-03-11 21:50:00,220.4,4.276,1.521,4.498
2026-03-11 21:55:00,211,5.331,1.92,5.498
2026-03-11 22:00:00,211.5,3.443,1.594,3.665
2026-03-11 22:05:00,216.4,3.443,1.456,3.499
2026-03-11 22:10:00,233.2,3.887,1.936,3.998
2026-03-11 22:15:00,227.3,3.832,1.939,3.832
2026-03-11 22:20:00,219.4,4.498,2.018,4.665
2026-03-11 22:25:00,228.1,3.998,2.097,4.165
2026-03-11 22:30:00,235.6,4.109,1.786,4.332
2026-03-11 22:35:00,234.1,4.665,1.854,5.165
2026-03-11 22:40:00,231.1,3.554,1.68,3.665
2026-03-11 22:45:00,236.6,4.221,1.744,4.332
2026-03-11 22:50:00,235.5,4.887,2.045,4.998
2026-03-11 22:55:00,244.8,5.22,2.299,5.498
2026-03-11 23:00:00,239.1,3.887,1.93,3.998
2026-03-11 23:05:00,237.1,4.554,2.291,4.831
2026-03-11 23:10:00,232.5,3.554,2.035,3.998
2026-03-11 23:15:00,237.8,3.499,1.893,3.665
2026-03-11 23:20:00,250.7,4.332,1.704,5.498
2026-03-11 23:25:00,250.7,3.998,1.9,4.498
2026-03-11 23:30:00,258.1,3.276,1.782,3.665
2026-03-11 23:35:00,254.9,3.887,1.854,3.998
2026-03-11 23:40:00,260.5,3.665,1.512,3.832
2026-03-11 23:45:00,265.7,3.499,1.599,3.665
2026-03-11 23:50:00,261.8,3.887,1.726,4.332
2026-03-11 23:55:00,252.9,3.887,1.713,4.332
2026-03-12 00:00:00,253.1,3.61,1.746,3.832
2026-03-12 00:05:00,250.1,4.554,1.785,4.831
2026-03-12 00:10:00,249.2,4.609,1.513,4.998
2026-03-12 00:15:00,244.8,3.554,1.634,3.998
2026-03-12 00:20:00,229.6,3.054,1.381,3.165
2026-03-12 00:25:00,236.9,3.721,1.558,3.832
2026-03-12 00:30:00,234,3.332,1.772,3.499
2026-03-12 00:35:00,234.5,3.887,1.999,4.332
2026-03-12 00:40:00,228.2,4.498,2.129,4.831
2026-03-12 00:45:00,224.5,5.331,2.287,5.998
2026-03-12 00:50:00,223.9,5.165,2.271,5.331
2026-03-12 00:55:00,218,4.554,2.111,4.831
2026-03-12 01:00:00,217.1,6.053,2.908,6.331
2026-03-12 01:05:00,212.4,4.665,2.566,4.831
2026-03-12 01:10:00,208.2,4.665,2.167,4.998
2026-03-12 01:15:00,197.3,6.775,2.251,6.997
2026-03-12 01:20:00,203.9,3.665,1.77,4.498
2026-03-12 01:25:00,199.2,3.887,2.003,3.998
2026-03-12 01:30:00,190.4,5.498,1.881,5.498
2026-03-12 01:35:00,186.7,3.221,1.569,3.332
2026-03-12 01:40:00,178.8,2.888,1.067,2.999
2026-03-12 01:45:00,162.4,2.999,1.386,2.999
2026-03-12 01:50:00,150.3,2.11,0.956,2.166
2026-03-12 01:55:00,152,1.833,0.66,1.833
2026-03-12 02:00:00,192.3,2.443,1.123,2.666
2026-03-12 02:05:00,166.9,2.499,1.219,2.666
2026-03-12 02:10:00,181.9,2.999,0.905,3.165
2026-03-12 02:15:00,171.3,2.555,0.64,2.166
2026-03-12 02:20:00,204.5,3.332,1.373,3.499
2026-03-12 02:25:00,203.2,2.943,1.562,3.165
2026-03-12 02:30:00,187.5,2.666,1.327,2.832
2026-03-12 02:35:00,178.9,2.832,0.922,2.999
2026-03-12 02:40:00,170.9,2.666,1.006,2.999
2026-03-12 02:45:00,188.5,2.555,1.035,2.666
2026-03-12 02:50:00,172.3,2.666,1.005,2.666
2026-03-12 02:55:00,188.4,1.722,0.784,1.833
2026-03-12 03:00:00,227.6,2.499,1.143,2.666
2026-03-12 03:05:00,202.6,2.332,1.04,2.332
2026-03-12 03:10:00,203.2,2.221,0.988,2.499
2026-03-12 03:15:00,186.4,1.777,0.885,1.833
2026-03-12 03:20:00,174.2,1.61,0.647,1.666
2026-03-12 03:25:00,204.9,1.944,0.626,1.999
2026-03-12 03:30:00,215.1,1.944,0.808,2.166
2026-03-12 03:35:00,233.1,3.832,1.215,3.998
2026-03-12 03:40:00,228.1,5.054,1.548,5.331
2026-03-12 03:45:00,233.2,3.054,0.983,3.165
2026-03-12 03:50:00,206.3,4.054,1.203,4.165
2026-03-12 03:55:00,148.3,3.221,0.961,3.332
2026-03-12 04:00:00,151,1.388,0.339,1.499
2026-03-12 04:05:00,220.8,1.666,0.462,1.666
2026-03-12 04:10:00,230.8,2.61,1.23,2.666
2026-03-12 04:15:00,211.9,2.888,1.488,2.999
2026-03-12 04:20:00,209.3,2.277,1.15,2.499
2026-03-12 04:25:00,219.6,3.332,1.726,3.499
2026-03-12 04:30:00,214.1,4.387,2.151,4.665
2026-03-12 04:35:00,211.1,3.665,1.734,3.998
2026-03-12 04:40:00,198.9,4.554,1.817,4.831
2026-03-12 04:45:00,194.1,3.554,1.614,3.665
2026-03-12 04:50:00,185,3.11,1.773,3.332
2026-03-12 04:55:00,198.1,3.832,1.696,4.165
2026-03-12 05:00:00,205.2,4.221,1.751,4.831
2026-03-12 05:05:00,195.5,4.998,1.894,5.331
2026-03-12 05:10:00,192,3.943,1.799,4.165
2026-03-12 05:15:00,192.4,4.831,2.486,4.998
2026-03-12 05:20:00,201.5,4.221,2.001,4.498
2026-03-12 05:25:00,204.6,3.388,1.813,3.499
2026-03-12 05:30:00,193.2,2.721,1.284,2.832
2026-03-12 05:35:00,207.4,3.221,1.418,3.332
2026-03-12 05:40:00,216.4,3.721,1.7,3.832
2026-03-12 05:45:00,220.1,4.109,2.015,4.332
2026-03-12 05:50:00,223.2,3.887,1.802,4.165
2026-03-12 05:55:00,215.2,3.998,2.152,4.665
2026-03-12 06:00:00,213.6,3.61,1.875,3.832
2026-03-12 06:05:00,208.2,3.61,1.66,3.665
2026-03-12 06:10:00,198.6,3.054,1.36,3.165
2026-03-12 06:15:00,204.1,2.943,1.341,3.165
2026-03-12 06:20:00,197.4,2.888,1.453,2.999
2026-03-12 06:25:00,202.3,2.999,1.543,2.999
2026-03-12 06:30:00,211.2,3.165,1.834,3.332
2026-03-12 06:35:00,209.2,2.888,1.747,2.999
2026-03-12 06:40:00,218.3,3.332,1.763,3.665
2026-03-12 06:45:00,230.3,3.443,1.823,3.665
2026-03-12 06:50:00,230.1,3.332,1.64,3.332
2026-03-12 06:55:00,225.3,3.165,1.787,3.165
2026-03-12 07:00:00,226.9,3.665,1.844,3.832
2026-03-12 07:05:00,215.2,3.332,1.777,3.665
2026-03-12 07:10:00,212.2,3.276,1.915,3.332
2026-03-12 07:15:00,206.3,2.777,1.381,2.832
2026-03-12 07:20:00,202.9,3.054,1.602,3.165
2026-03-12 07:25:00,217.6,2.943,1.473,3.165
2026-03-12 07:30:00,221,3.388,1.542,3.499
2026-03-12 07:35:00,202.8,3.443,1.615,3.499
2026-03-12 07:40:00,194.4,2.721,1.308,2.832
2026-03-12 07:45:00,190.6,2.499,1.397,2.832
2026-03-12 07:50:00,175.4,2.443,1.206,2.666
2026-03-12 07:55:00,184.5,2.443,1.155,2.499
2026-03-12 08:00:00,190.7,2.11,1.225,2.332
2026-03-12 08:05:00,195.3,2.221,0.952,2.332
2026-03-12 08:10:00,195.1,1.055,0.193,1.166
2026-03-12 08:15:00,345.1,0.611,0.065,0.666
2026-03-12 08:20:00,0,0,0,0
2026-03-12 08:25:00,0,0,0,0
2026-03-12 08:30:00,112.5,0.889,0.325,1
2026-03-12 08:35:00,111.6,0.722,0.061,0.833
2026-03-12 08:40:00,282.6,0.5,0.066,0.5
2026-03-12 08:45:00,237.9,0.444,0.036,0.5
2026-03-12 08:50:00,233.4,0.5,0.056,0.5
2026-03-12 08:55:00,221.4,0.555,0.092,0.666
2026-03-12 09:00:00,121.9,1,0.214,1
2026-03-12 09:05:00,115.1,0.666,0.06,0.666
2026-03-12 09:10:00,0,0,0,0
2026-03-12 09:15:00,232.5,0.5,0.066,0.5
2026-03-12 09:20:00,230.4,0.5,0.096,0.5
2026-03-12 09:25:00,217.8,0.666,0.115,0.666
2026-03-12 09:30:00,201.9,0.5,0.071,0.5
2026-03-12 09:35:00,179.3,1.222,0.374,1.333
2026-03-12 09:40:00,190.9,1.555,0.518,1.666
2026-03-12 09:45:00,192.9,1.499,0.659,1.499
2026-03-12 09:50:00,202.4,1.555,0.859,1.666
2026-03-12 09:55:00,195.4,1.722,0.912,1.833
2026-03-12 10:00:00,179.6,2.11,1.082,2.166
2026-03-12 10:05:00,183.7,1.999,1.211,1.999
2026-03-12 10:10:00,187,1.944,1.121,1.999
2026-03-12 10:15:00,181.8,1.666,0.914,1.833
2026-03-12 10:20:00,167.3,1.888,1.046,1.999
2026-03-12 10:25:00,165.6,1.666,0.741,1.666
2026-03-12 10:30:00,171.6,3.054,1.071,3.165
2026-03-12 10:35:00,167.6,3.165,1.793,3.332
2026-03-12 10:40:00,185,2.999,1.748,3.165
2026-03-12 10:45:00,183.2,2.055,1.167,2.166
2026-03-12 10:50:00,157.9,1.777,0.478,1.833
2026-03-12 10:55:00,43.52,1.166,0.386,1.166
2026-03-12 11:00:00,55.18,0.944,0.192,1
2026-03-12 11:05:00,104.8,1.666,0.615,1.666
2026-03-12 11:10:00,20.98,2.832,1.008,2.999
2026-03-12 11:15:00,9.33,2.61,1.471,2.666
2026-03-12 11:20:00,23.72,1.833,0.621,1.833
2026-03-12 11:25:00,61.45,1.222,0.339,1.333
2026-03-12 11:30:00,72.05,1.944,0.407,1.999
2026-03-12 11:35:00,25.65,1.61,0.664,1.666
2026-03-12 11:40:00,46.66,1.388,0.469,1.499
2026-03-12 11:45:00,46.14,1.944,0.784,1.999
2026-03-12 11:50:00,80,0.944,0.161,1
2026-03-12 11:55:00,130.4,1,0.406,1
2026-03-12 12:00:00,184.5,0.666,0.038,0.666
2026-03-12 12:05:00,0,0,0,0
2026-03-12 12:10:00,0,0,0,0
2026-03-12 12:15:00,145.5,1,0.213,1.166
2026-03-12 12:20:00,113.7,0.777,0.099,0.833
2026-03-12 12:25:00,119.6,0.666,0.033,0.666
2026-03-12 12:30:00,2.088,0.5,0.027,0.5
2026-03-12 12:35:00,36.82,0.611,0.044,0.666
2026-03-12 12:40:00,118.2,0.333,0.006,0.333
2026-03-12 12:45:00,234.2,0.666,0.103,0.666
2026-03-12 12:50:00,0,0,0,0
2026-03-12 12:55:00,262,0.611,0.078,0.666
2026-03-12 13:00:00,245.1,2.388,0.465,2.499
2026-03-12 13:05:00,245.5,1.944,0.811,1.999
2026-03-12 13:10:00,225,2.388,0.929,2.499
2026-03-12 13:15:00,253.8,3.776,1.261,3.998
2026-03-12 13:20:00,260.8,2.666,0.701,2.832
2026-03-12 13:25:00,272,1.833,0.622,1.833
2026-03-12 13:30:00,258.7,1.944,0.461,1.999
2026-03-12 13:35:00,282.1,1.444,0.386,1.499
2026-03-12 13:40:00,269.2,0.666,0.071,0.666
2026-03-12 13:45:00,237.5,1.722,0.29,1.833
2026-03-12 13:50:00,248.9,1.555,0.351,1.666
2026-03-12 13:55:00,165,0.389,0.021,0.5
2026-03-12 14:00:00,139.1,0.333,0.004,0.333
2026-03-12 14:05:00,24.8,0.889,0.112,1
2026-03-12 14:10:00,32.1,0.722,0.076,0.833
2026-03-12 14:15:00,86.6,0.666,0.031,0.666
2026-03-12 14:20:00,91.9,1.055,0.251,1.166
2026-03-12 14:25:00,132,1.444,0.567,1.499
2026-03-12 14:30:00,117.4,1.333,0.565,1.499
2026-03-12 14:35:00,145.8,1.999,0.616,2.166
2026-03-12 14:40:00,168.4,2.166,1.081,2.166
2026-03-12 14:45:00,185.4,1.61,0.7,1.833
2026-03-12 14:50:00,187.8,1.444,0.579,1.499
2026-03-12 14:55:00,183.5,1.222,0.454,1.333
2026-03-12 15:00:00,0,0,0,0
2026-03-12 15:05:00,178.3,1.444,0.349,1.499
2026-03-12 15:10:00,49.8,1.166,0.533,1.166
2026-03-12 15:15:00,0,0,0,0
2026-03-12 15:20:00,0,0,0,0
2026-03-12 15:25:00,109.1,1.277,0.061,1.333
2026-03-12 15:30:00,149.9,1.888,1.028,1.999
2026-03-12 15:35:00,135,2.666,1.452,2.832
2026-03-12 15:40:00,161.2,3.665,1.015,3.832
2026-03-12 15:45:00,213.7,1.999,0.287,1.999
2026-03-12 15:50:00,238.4,3.165,1.074,3.165
2026-03-12 15:55:00,220.8,3.943,1.793,3.998
2026-03-12 16:00:00,235.9,4.221,2.33,4.665
2026-03-12 16:05:00,240.6,4.831,2.043,4.831
2026-03-12 16:10:00,242.7,3.887,2.041,4.165
2026-03-12 16:15:00,246.4,2.943,1.162,2.999
2026-03-12 16:20:00,207.8,2.277,0.911,2.499
2026-03-12 16:25:00,198.7,1.888,0.468,1.999
2026-03-12 16:30:00,169.8,2.11,0.566,2.166
2026-03-12 16:35:00,164.7,2.221,0.919,2.332
2026-03-12 16:40:00,159.7,2.221,0.693,2.332
2026-03-12 16:45:00,154.5,1.555,0.569,1.666
2026-03-12 16:50:00,131.2,1.61,0.727,1.666
2026-03-12 16:55:00,128.4,2.499,0.904,2.666
2026-03-12 17:00:00,140.6,3.276,1.186,3.332
2026-03-12 17:05:00,160.2,2.832,1.086,2.999
2026-03-12 17:10:00,290.8,0.833,0.263,0.833
2026-03-12 17:15:00,292.6,1.444,0.568,1.499
2026-03-12 17:20:00,247.8,1.333,0.558,1.499
2026-03-12 17:25:00,181.9,1.055,0.186,1.166
2026-03-12 17:30:00,194.8,0.889,0.34,1
2026-03-12 17:35:00,191.9,1.166,0.303,1.166
2026-03-12 17:40:00,221.2,1.61,0.599,1.833
2026-03-12 17:45:00,233.4,1.61,0.552,1.666
2026-03-12 17:50:00,230.8,0.611,0.142,0.666
2026-03-12 17:55:00,215,0.889,0.507,1
2026-03-12 18:00:00,231,0.889,0.341,1
2026-03-12 18:05:00,257.6,0.833,0.275,0.833
2026-03-12 18:10:00,254.6,1.222,0.321,1.333
2026-03-12 18:15:00,270.8,0.611,0.157,0.666
2026-03-12 18:20:00,228.3,0.889,0.205,1
2026-03-12 18:25:00,217.9,1.333,0.549,1.333
2026-03-12 18:30:00,200.8,1.222,0.594,1.333
2026-03-12 18:35:00,181.5,1.222,0.712,1.333
2026-03-12 18:40:00,211.3,1.222,0.436,1.333
2026-03-12 18:45:00,222,1.277,0.651,1.333
2026-03-12 18:50:00,246.4,1.333,0.613,1.333
2026-03-12 18:55:00,253.3,1.999,0.89,2.166
2026-03-12 19:00:00,252.3,2.943,1.554,3.165
2026-03-12 19:05:00,251,3.776,2.077,3.832
2026-03-12 19:10:00,247.2,4.054,2.304,4.332
2026-03-12 19:15:00,243.2,4.165,2.345,4.498
2026-03-12 19:20:00,249.6,3.776,2.015,3.832
2026-03-12 19:25:00,244.1,3.721,2.094,3.832
2026-03-12 19:30:00,234,4.332,2.141,4.332
2026-03-12 19:35:00,239.3,3.943,2.172,4.332
2026-03-12 19:40:00,242.6,3.721,2.041,4.165
2026-03-12 19:45:00,238.1,4.72,2.199,4.831
2026-03-12 19:50:00,239.5,3.721,2.084,3.998
2026-03-12 19:55:00,240.4,4.276,2.324,4.665
2026-03-12 20:00:00,238.8,4.443,2.35,4.831
2026-03-12 20:05:00,243.7,4.776,2.068,5.165
2026-03-12 20:10:00,239.3,5.387,2.314,5.498
2026-03-12 20:15:00,230.7,4.942,2.515,5.498
2026-03-12 20:20:00,229.3,4.887,2.124,4.998
2026-03-12 20:25:00,226.4,4.609,2.211,4.831
2026-03-12 20:30:00,225.5,3.665,1.831,3.832
2026-03-12 20:35:00,229.8,3.388,1.712,3.499
2026-03-12 20:40:00,216.9,3.443,1.503,3.499
2026-03-12 20:45:00,220,2.999,1.362,3.165
2026-03-12 20:50:00,218.4,2.999,1.442,3.165
2026-03-12 20:55:00,224,2.721,1.11,2.832
2026-03-12 21:00:00,218,1.777,0.815,1.833
2026-03-12 21:05:00,207.9,2.832,0.966,2.999
2026-03-12 21:10:00,216.8,3.276,1.178,3.665
2026-03-12 21:15:00,209.5,1.944,0.829,1.999
2026-03-12 21:20:00,220.4,1.444,0.727,1.499
2026-03-12 21:25:00,218.8,1.444,0.649,1.666
2026-03-12 21:30:00,219.4,1.666,0.806,1.666
2026-03-12 21:35:00,212.5,2.055,0.849,2.166
2026-03-12 21:40:00,205.9,1.777,0.751,1.833
2026-03-12 21:45:00,212.8,2.166,0.932,2.332
2026-03-12 21:50:00,215.1,1.61,0.823,1.666
2026-03-12 21:55:00,229.4,2.11,1.014,2.166
2026-03-12 22:00:00,228.2,1.944,0.833,1.999
2026-03-12 22:05:00,219.3,2.555,1.253,2.666
2026-03-12 22:10:00,225.9,2.943,0.887,3.165
2026-03-12 22:15:00,177.6,1.388,0.701,1.499
2026-03-12 22:20:00,171.7,1.333,0.616,1.333
2026-03-12 22:25:00,182.6,1.444,0.511,1.499
2026-03-12 22:30:00,159.2,1.999,0.889,1.999
2026-03-12 22:35:00,217,2.332,0.821,2.499
2026-03-12 22:40:00,160.9,1.833,0.766,1.999
2026-03-12 22:45:00,159.5,1.388,0.349,1.499
2026-03-12 22:50:00,0,0.056,0,0.167
2026-03-12 22:55:00,208.1,0.833,0.269,0.833
2026-03-12 23:00:00,190.7,1.388,0.39,1.499
2026-03-12 23:05:00,217.9,1.277,0.29,1.333
2026-03-12 23:10:00,241,2.166,0.738,2.332
2026-03-12 23:15:00,225,1.499,0.474,1.499
2026-03-12 23:20:00,231.1,1.277,0.17,1.333
2026-03-12 23:25:00,252.2,1.388,0.661,1.499
2026-03-12 23:30:00,252,1.333,0.568,1.333
2026-03-12 23:35:00,247,1.055,0.474,1.166
2026-03-12 23:40:00,256.9,0.833,0.141,1
2026-03-12 23:45:00,286.8,0.5,0.027,0.5
2026-03-12 23:50:00,171.6,2.888,0.973,2.999
2026-03-12 23:55:00,181,2.221,0.994,1.999
2026-03-13 00:00:00,188.8,1.222,0.344,1.166
2026-03-13 00:05:00,211.4,2.443,0.849,2.499
2026-03-13 00:10:00,201.6,3.332,1.012,3.499
2026-03-13 00:15:00,196.2,3.165,1.516,3.499
2026-03-13 00:20:00,194,2.999,1.42,3.165
2026-03-13 00:25:00,178.1,4.054,1.534,4.498
2026-03-13 00:30:00,164.9,6.442,2.08,6.831
2026-03-13 00:35:00,155.4,4.72,2.121,5.331
2026-03-13 00:40:00,160.1,6.053,2.505,6.164
2026-03-13 00:45:00,165.7,4.665,2.167,4.998
2026-03-13 00:50:00,157.7,7.83,2.106,7.83
2026-03-13 00:55:00,172.1,4.665,1.733,4.665
2026-03-13 01:00:00,171.6,4.942,1.958,5.664
2026-03-13 01:05:00,176.3,4.332,1.868,4.498
2026-03-13 01:10:00,185.2,5.498,1.88,5.664
2026-03-13 01:15:00,185,5.276,1.584,5.998
2026-03-13 01:20:00,170.4,4.054,1.404,4.165
2026-03-13 01:25:00,171.2,4.221,1.514,4.332
2026-03-13 01:30:00,173,4.443,1.464,4.498
2026-03-13 01:35:00,167.9,3.665,1.521,3.998
2026-03-13 01:40:00,166.5,4.665,1.821,4.831
2026-03-13 01:45:00,178.6,5.831,2.29,6.331
2026-03-13 01:50:00,192.9,6.109,2.107,6.664
2026-03-13 01:55:00,213.8,7.664,2.546,8.83
2026-03-13 02:00:00,205.1,6.442,2.899,7.164
2026-03-13 02:05:00,211.6,4.998,2.588,5.331
2026-03-13 02:10:00,205.1,7.108,3.405,8.16
2026-03-13 02:15:00,209.4,6.553,2.881,6.831
2026-03-13 02:20:00,206.8,5.942,3.008,6.331
2026-03-13 02:25:00,204.1,5.664,2.486,6.331
2026-03-13 02:30:00,215.1,6.664,2.628,6.831
2026-03-13 02:35:00,212,7.108,2.806,8.5
2026-03-13 02:40:00,214.5,6.997,2.742,7.664
2026-03-13 02:45:00,231.4,5.775,2.695,6.497
2026-03-13 02:50:00,228.5,5.553,2.796,5.831
2026-03-13 02:55:00,231.8,5.22,2.295,6.164
2026-03-13 03:00:00,232.2,5.442,1.936,5.498
2026-03-13 03:05:00,235.8,5.553,1.752,6.164
2026-03-13 03:10:00,216.4,4.665,2.048,4.665
2026-03-13 03:15:00,207.7,4.609,2.251,4.831
2026-03-13 03:20:00,202.3,5.887,2.412,7.164
2026-03-13 03:25:00,217,4.831,1.944,5.165
2026-03-13 03:30:00,232.8,3.665,1.529,3.832
2026-03-13 03:35:00,232.9,3.61,1.232,3.832
2026-03-13 03:40:00,260.5,1.333,0.431,1.333
2026-03-13 03:45:00,260.2,1.166,0.361,1.166
2026-03-13 03:50:00,176.6,2.777,0.8,2.832
2026-03-13 03:55:00,166.8,4.109,1.191,4.498
2026-03-13 04:00:00,177.4,4.165,1.653,4.665
2026-03-13 04:05:00,190.4,3.332,1.316,3.499
2026-03-13 04:10:00,199.8,4.665,1.763,5.165
2026-03-13 04:15:00,196.9,5.109,2.456,5.331
2026-03-13 04:20:00,201.9,6.831,2.692,7.497
2026-03-13 04:25:00,198.7,6.053,2.489,6.331
2026-03-13 04:30:00,206.2,7.497,2.943,7.997
2026-03-13 04:35:00,210.6,6.553,2.295,7.164
2026-03-13 04:40:00,222.2,4.942,1.954,5.498
2026-03-13 04:45:00,213.3,4.221,1.539,4.665
2026-03-13 04:50:00,209.2,3.887,1.702,4.165
2026-03-13 04:55:00,216.3,4.498,1.163,4.665
2026-03-13 05:00:00,205.5,4.387,1.515,4.665
2026-03-13 05:05:00,200.3,3.61,1.479,3.998
2026-03-13 05:10:00,189.9,3.776,1.749,3.998
2026-03-13 05:15:00,211.6,4.165,1.829,4.665
2026-03-13 05:20:00,234.2,2.388,1.267,2.499
2026-03-13 05:25:00,219.8,3.276,1.386,3.499
2026-03-13 05:30:00,222.7,1.944,0.946,2.166
2026-03-13 05:35:00,256.6,3.499,0.961,3.832
2026-03-13 05:40:00,226.2,1.666,0.842,1.666
2026-03-13 05:45:00,205.4,2.277,0.737,2.332
2026-03-13 05:50:00,191.4,1.666,0.874,2.332
2026-03-13 05:55:00,207.8,2.499,0.828,2.499
2026-03-13 06:00:00,225.6,2.332,1.078,2.332
2026-03-13 06:05:00,204.2,1.888,0.716,1.999
2026-03-13 06:10:00,224.4,1.833,0.967,1.999
2026-03-13 06:15:00,220.8,1.333,0.643,1.333
2026-03-13 06:20:00,229.5,1.555,0.86,1.666
2026-03-13 06:25:00,233.4,1.444,0.84,1.499
2026-03-13 06:30:00,240.5,1.61,0.807,1.666
2026-03-13 06:35:00,235.6,1.499,0.805,1.499
2026-03-13 06:40:00,235.8,1.61,1.045,1.666
2026-03-13 06:45:00,234.6,1.777,1.053,1.833
2026-03-13 06:50:00,217.3,1.722,1.022,1.833
2026-03-13 06:55:00,233.8,1.833,1.263,1.833
2026-03-13 07:00:00,241.1,1.499,0.915,1.499
2026-03-13 07:05:00,252.4,1.722,0.983,1.833
2026-03-13 07:10:00,264.9,1.499,0.86,1.499
2026-03-13 07:15:00,264.4,1.666,0.896,1.833
2026-03-13 07:20:00,238.5,1.444,0.726,1.666
2026-03-13 07:25:00,230,2.277,1.022,2.332
2026-03-13 07:30:00,242.2,2.166,1.127,2.166
2026-03-13 07:35:00,239.7,2.555,1.002,2.666
2026-03-13 07:40:00,250.8,3.165,1.234,3.332
2026-03-13 07:45:00,234.7,4.998,1.545,4.998
2026-03-13 07:50:00,200.6,2.443,0.86,2.499
2026-03-13 07:55:00,221.3,3.276,1.516,3.499
2026-03-13 08:00:00,181.6,4.72,1.575,4.831
2026-03-13 08:05:00,166,4.831,1.835,5.165
2026-03-13 08:10:00,137.2,3.221,1.022,3.499
2026-03-13 08:15:00,112.8,1.666,0.681,1.666
2026-03-13 08:20:00,125.1,2.61,0.918,2.666
2026-03-13 08:25:00,139.9,1.888,0.655,1.999
2026-03-13 08:30:00,125.7,1.444,0.611,1.499
2026-03-13 08:35:00,88.5,1.055,0.262,1.166
2026-03-13 08:40:00,114.3,1.499,0.516,1.499
2026-03-13 08:45:00,82.5,0.5,0.022,0.5
2026-03-13 08:50:00,145.4,1.166,0.384,1.166
2026-03-13 08:55:00,170.3,1.444,0.329,1.499
2026-03-13 09:00:00,220.2,3.943,0.629,4.165
2026-03-13 09:05:00,203.2,3.721,1.614,3.832
2026-03-13 09:10:00,196.9,2.943,1.288,3.165
2026-03-13 09:15:00,231,2.777,0.917,2.999
2026-03-13 09:20:00,249,2.721,1.137,2.832
2026-03-13 09:25:00,245.3,3.721,1.286,3.998
2026-03-13 09:30:00,226.6,1.722,0.763,1.833
2026-03-13 09:35:00,196.5,1.222,0.25,1.333
2026-03-13 09:40:00,168.9,1.777,0.603,1.833
2026-03-13 09:45:00,151.4,1.166,0.557,1.166
2026-03-13 09:50:00,190.9,1.166,0.348,1.166
2026-03-13 09:55:00,228.4,1.055,0.392,1.166
2026-03-13 10:00:00,236.3,1.999,0.863,2.166
2026-03-13 10:05:00,235.2,3.054,1.379,3.165
2026-03-13 10:10:00,236.7,2.999,1.389,3.165
2026-03-13 10:15:00,243.2,3.388,1.323,3.665
2026-03-13 10:20:00,235.6,2.61,1.11,2.666
2026-03-13 10:25:00,240.5,3.165,1.518,3.165
2026-03-13 10:30:00,244.3,2.777,1.066,2.832
2026-03-13 10:35:00,221.7,2.61,1.031,2.666
2026-03-13 10:40:00,230.7,2.332,0.632,2.332
2026-03-13 10:45:00,223.2,2.166,0.56,2.166
2026-03-13 10:50:00,234.7,1.444,0.501,1.499
2026-03-13 10:55:00,210,1.999,0.651,1.999
2026-03-13 11:00:00,206.9,2.61,1.032,2.666
2026-03-13 11:05:00,226.1,2.999,0.925,2.999
2026-03-13 11:10:00,199.8,2.555,1.17,2.666
2026-03-13 11:15:00,155.7,2.221,0.861,2.332
2026-03-13 11:20:00,124.7,1.833,0.718,1.833
2026-03-13 11:25:00,154.1,4.054,1.882,4.332
2026-03-13 11:30:00,159,6.275,2.137,7.164
2026-03-13 11:35:00,169.9,5.553,2.426,5.831
2026-03-13 11:40:00,190.6,4.887,1.795,5.165
2026-03-13 11:45:00,193.8,4.276,1.585,4.665
2026-03-13 11:50:00,196.5,6.331,3.132,6.831
2026-03-13 11:55:00,189,5.775,2.372,6.331
2026-03-13 12:00:00,182.7,4.831,2.125,5.331
2026-03-13 12:05:00,187.6,5.775,2.073,6.331
2026-03-13 12:10:00,209.2,5.165,2.281,5.664
2026-03-13 12:15:00,214.4,4.609,1.677,5.498
2026-03-13 12:20:00,215.4,6.053,2.039,6.164
2026-03-13 12:25:00,230.3,4.387,2.161,4.831
2026-03-13 12:30:00,225,5.387,2.129,5.998
2026-03-13 12:35:00,229,4.831,2.26,4.498
2026-03-13 12:40:00,244.2,5.442,2.227,5.498
2026-03-13 12:45:00,247.9,6.831,3.157,7.497
2026-03-13 12:50:00,243.9,7.497,3.192,9.5
2026-03-13 12:55:00,232.1,7.219,3.83,7.497
2026-03-13 13:00:00,245.1,8.5,3.113,8.83
2026-03-13 13:05:00,241.2,7.164,3.142,7.997
2026-03-13 13:10:00,239.5,8.27,3.173,8.66
2026-03-13 13:15:00,225.3,7.386,2.671,7.83
2026-03-13 13:20:00,226.7,6.053,2.473,6.831
2026-03-13 13:25:00,220.9,6.72,2.886,7.664
2026-03-13 13:30:00,229.1,7.108,2.729,7.33
2026-03-13 13:35:00,217.2,4.276,1.983,4.332
2026-03-13 13:40:00,225.8,4.776,2.378,5.165
2026-03-13 13:45:00,214.3,5.498,2.043,5.831
2026-03-13 13:50:00,197,5.276,2.383,5.998
2026-03-13 13:55:00,192.8,4.609,2.272,4.831
2026-03-13 14:00:00,191.2,6.331,2.796,6.497
2026-03-13 14:05:00,188.2,5.664,2.147,5.831
2026-03-13 14:10:00,180.5,6.331,2.523,6.831
2026-03-13 14:15:00,173.5,5.775,2.1,5.998
2026-03-13 14:20:00,186.2,5.387,2.076,5.664
2026-03-13 14:25:00,180.1,4.498,1.751,4.998
2026-03-13 14:30:00,204.2,3.776,1.831,3.998
2026-03-13 14:35:00,239.7,3.832,1.407,3.998
2026-03-13 14:40:00,234.3,4.498,2.17,4.831
2026-03-13 14:45:00,255.9,3.554,1.497,3.832
2026-03-13 14:50:00,254.4,2.999,1.097,2.999
2026-03-13 14:55:00,259.7,4.776,1.755,5.165
2026-03-13 15:00:00,247.3,3.943,1.638,4.332
2026-03-13 15:05:00,240.2,3.165,0.934,3.332
2026-03-13 15:10:00,257.4,1.555,0.406,1.666
2026-03-13 15:15:00,266.2,3.665,1.35,3.832
2026-03-13 15:20:00,255.4,3.943,1.589,4.165
2026-03-13 15:25:00,266.9,4.498,1.162,4.998
2026-03-13 15:30:00,262,3.276,1.448,3.499
2026-03-13 15:35:00,277.6,2.666,1.12,2.999
2026-03-13 15:40:00,296.1,1.61,0.579,1.666
2026-03-13 15:45:00,272.7,2.499,1.167,2.666
2026-03-13 15:50:00,280.3,2.221,0.955,2.332
2026-03-13 15:55:00,280.6,2.999,0.927,3.332
2026-03-13 16:00:00,266.3,3.554,1.274,3.832
2026-03-13 16:05:00,276.6,3.61,1.414,3.998
2026-03-13 16:10:00,276.4,3.165,1.275,3.165
2026-03-13 16:15:00,261.4,3.832,1.492,4.165
2026-03-13 16:20:00,257.2,4.165,1.669,4.831
2026-03-13 16:25:00,252.1,3.721,1.467,3.998
2026-03-13 16:30:00,239.8,3.61,1.647,3.998
2026-03-13 16:35:00,250.4,3.943,1.688,4.165
2026-03-13 16:40:00,258.4,4.221,1.869,4.498
2026-03-13 16:45:00,263.4,3.276,1.269,3.332
2026-03-13 16:50:00,242.8,4.443,1.542,4.665
2026-03-13 16:55:00,237.4,6.386,1.93,6.831
2026-03-13 17:00:00,253.4,4.109,2.014,4.498
2026-03-13 17:05:00,240.2,5.331,2.312,5.998
2026-03-13 17:10:00,254.9,8.61,3.037,9.16
2026-03-13 17:15:00,232.3,5.22,2.413,5.331
2026-03-13 17:20:00,245.6,7.997,2.674,8.66
2026-03-13 17:25:00,240,7.33,2.922,7.664
2026-03-13 17:30:00,239.8,7.33,2.134,8.16
2026-03-13 17:35:00,245.1,4.887,1.917,4.998
2026-03-13 17:40:00,243.3,4.165,1.844,4.332
2026-03-13 17:45:00,240.5,3.887,1.778,4.332
2026-03-13 17:50:00,242.9,3.554,1.321,3.665
2026-03-13 17:55:00,250,3.054,1.198,3.165
2026-03-13 18:00:00,230.2,2.666,1.271,2.832
2026-03-13 18:05:00,242.4,2.666,0.87,2.832
2026-03-13 18:10:00,252.2,5.998,2.107,6.497
2026-03-13 18:15:00,243.5,4.498,1.85,4.831
2026-03-13 18:20:00,235.6,3.887,2.044,4.165
2026-03-13 18:25:00,220.5,3.832,2.068,3.998
2026-03-13 18:30:00,218.8,3.998,1.523,3.998
2026-03-13 18:35:00,230.1,3.554,1.809,3.832
2026-03-13 18:40:00,213.6,3.665,1.898,3.832
2026-03-13 18:45:00,242,2.943,1.384,3.165
2026-03-13 18:50:00,233.5,4.109,1.816,4.332
2026-03-13 18:55:00,225.5,3.443,1.665,3.665
2026-03-13 19:00:00,233.6,2.888,1.446,2.999
2026-03-13 19:05:00,231.1,3.499,1.723,3.665
2026-03-13 19:10:00,222.3,3.61,1.686,3.998
2026-03-13 19:15:00,227.3,3.665,1.52,3.832
2026-03-13 19:20:00,203.4,1.944,0.97,1.999
2026-03-13 19:25:00,208.3,1.444,0.483,1.666
2026-03-13 19:30:00,202.4,1.777,0.802,1.833
2026-03-13 19:35:00,248.3,1.833,0.648,1.833
2026-03-13 19:40:00,244.2,1.944,0.826,1.999
2026-03-13 19:45:00,204.2,2.888,0.834,2.999
2026-03-13 19:50:00,200.6,1.444,0.495,1.499
2026-03-13 19:55:00,243.3,2.666,0.872,2.832
2026-03-13 20:00:00,263.6,1.888,0.589,1.999
2026-03-13 20:05:00,270.3,1.722,0.436,1.999
2026-03-13 20:10:00,224.7,0.777,0.292,0.833
2026-03-13 20:15:00,258.7,2.11,0.727,2.332
2026-03-13 20:20:00,196.2,2.999,1.061,3.165
2026-03-13 20:25:00,221.9,3.388,1.248,3.499
2026-03-13 20:30:00,223.5,2.555,0.745,2.666
2026-03-13 20:35:00,240.7,3.388,1.481,3.499
2026-03-13 20:40:00,252.6,4.72,2.081,5.664
2026-03-13 20:45:00,257,4.831,2.096,5.165
2026-03-13 20:50:00,246.8,5.775,2.461,6.497
2026-03-13 20:55:00,239.5,6.386,2.896,6.831
2026-03-13 21:00:00,235.4,6.386,2.684,7.83
2026-03-13 21:05:00,227.5,4.054,2.262,4.498
2026-03-13 21:10:00,233.1,6.608,2.117,7.33
2026-03-13 21:15:00,237.3,5.22,2.77,5.831
2026-03-13 21:20:00,238.4,6.275,2.687,6.664
2026-03-13 21:25:00,218.3,6.942,2.426,7.497
2026-03-13 21:30:00,218.1,4.942,2.201,5.331
2026-03-13 21:35:00,230.6,6.109,2.157,6.164
2026-03-13 21:40:00,215.8,4.887,2.468,5.331
2026-03-13 21:45:00,223.7,5.22,2.325,5.498
2026-03-13 21:50:00,240.5,3.721,1.513,3.998
2026-03-13 21:55:00,238.9,4.609,2.135,4.998
2026-03-13 22:00:00,231.3,3.832,1.792,4.332
2026-03-13 22:05:00,231.7,4.054,1.293,4.332
2026-03-13 22:10:00,235,4.332,1.627,4.665
2026-03-13 22:15:00,238.9,2.443,1.026,2.666
2026-03-13 22:20:00,235.1,4.221,1.638,4.831
2026-03-13 22:25:00,248.2,6.22,2.329,6.664
2026-03-13 22:30:00,236,4.387,1.804,4.498
2026-03-13 22:35:00,233.8,3.054,1.493,3.499
2026-03-13 22:40:00,193.3,3.499,1.492,3.665
2026-03-13 22:45:00,139.4,3.499,1.213,3.832
2026-03-13 22:50:00,142.3,4.776,1.668,4.998
2026-03-13 22:55:00,170,6.386,2.259,6.997
2026-03-13 23:00:00,188.2,5.998,2.116,6.497
2026-03-13 23:05:00,186.6,6.164,2.473,6.997
2026-03-13 23:10:00,202.8,4.942,1.853,5.165
2026-03-13 23:15:00,214.2,6.886,2.605,7.83
2026-03-13 23:20:00,225.4,6.109,2.939,6.497
2026-03-13 23:25:00,239.4,7.997,2.585,8.33
2026-03-13 23:30:00,261.3,7.33,2.826,7.83
2026-03-13 23:35:00,268.3,4.998,2.411,5.831
2026-03-13 23:40:00,251.3,5.109,1.796,5.664
2026-03-13 23:45:00,230.5,4.443,1.658,4.665
2026-03-13 23:50:00,237.4,7.219,2.018,7.664
2026-03-13 23:55:00,227.4,5.553,2.497,6.497
2026-03-14 00:00:00,228.2,6.331,3.194,6.831
2026-03-14 00:05:00,225.6,7.664,3.271,8.16
2026-03-14 00:10:00,217.1,6.886,2.899,8.16
2026-03-14 00:15:00,222.6,8.33,4.11,10.83
2026-03-14 00:20:00,226.3,11.11,4.662,12.5
2026-03-14 00:25:00,234.8,9.39,4.143,10.66
2026-03-14 00:30:00,229.2,9.66,4.572,10
2026-03-14 00:35:00,227.5,10.5,4.523,11
2026-03-14 00:40:00,223.4,9.39,4.261,10.16
2026-03-14 00:45:00,220,7.775,3.74,9.5
2026-03-14 00:50:00,210.2,6.997,3.109,7.664
2026-03-14 00:55:00,216.2,8.83,3.517,9.16
2026-03-14 01:00:00,217.8,6.886,3.666,7.33
2026-03-14 01:05:00,221.9,7.108,3.098,9
2026-03-14 01:10:00,234.8,10.5,4.227,11.33
2026-03-14 01:15:00,234,10.83,4.611,11.83
2026-03-14 01:20:00,230.5,9.27,4.224,10
2026-03-14 01:25:00,226.4,10,4.206,11.16
2026-03-14 01:30:00,230.5,9.16,4.615,11.5
2026-03-14 01:35:00,238.1,10.5,4.72,11.16
2026-03-14 01:40:00,238,9.66,4.838,11.33
2026-03-14 01:45:00,231.2,12.83,5.671,13.83
2026-03-14 01:50:00,228.4,12.5,5.69,13.99
2026-03-14 01:55:00,233.1,10.33,5.7,12.83
2026-03-14 02:00:00,231.1,13.27,5.751,15.99
2026-03-14 02:05:00,228.1,11.94,5.601,13.16
2026-03-14 02:10:00,229.8,11,5.111,13.33
2026-03-14 02:15:00,227.5,13.44,5.021,14.16
2026-03-14 02:20:00,229.6,10.94,5.023,11.66
2026-03-14 02:25:00,230.8,8.33,4.877,10.5
2026-03-14 02:30:00,224.8,8.89,4.28,9.33
2026-03-14 02:35:00,231,7.941,4.279,9
2026-03-14 02:40:00,236.6,7.053,3.646,8.33
2026-03-14 02:45:00,235.5,9.16,3.142,10.16
2026-03-14 02:50:00,223.2,5.775,3.003,6.164
2026-03-14 02:55:00,228.6,5.331,2.405,5.831
2026-03-14 03:00:00,222.2,5.72,2.421,5.831
2026-03-14 03:05:00,222.5,5.442,2.231,5.998
2026-03-14 03:10:00,208.8,4.387,1.694,4.665
2026-03-14 03:15:00,211.3,6.22,2.673,7.497
2026-03-14 03:20:00,215.4,7.219,3.212,7.664
2026-03-14 03:25:00,226.7,7.719,3.173,8.66
2026-03-14 03:30:00,225.4,6.608,3.158,7.664
2026-03-14 03:35:00,233.4,7.83,3.273,8.33
2026-03-14 03:40:00,238.4,8.27,4.035,9.16
2026-03-14 03:45:00,230.9,7.608,2.89,7.664
2026-03-14 03:50:00,235.5,9.77,3.702,11.16
2026-03-14 03:55:00,229.2,10.5,4.444,11.16
2026-03-14 04:00:00,215.4,8.33,3.351,9.33
2026-03-14 04:05:00,213.5,5.942,3.003,6.664
2026-03-14 04:10:00,211.4,7.108,2.992,7.664
2026-03-14 04:15:00,214.5,8.5,3.775,9.66
2026-03-14 04:20:00,211.9,6.942,3.449,7.664
2026-03-14 04:25:00,220.8,6.053,3.285,6.831
2026-03-14 04:30:00,221.4,5.942,3.28,6.664
2026-03-14 04:35:00,218,9.11,4.097,10.33
2026-03-14 04:40:00,223.8,8.89,4.24,9.5
2026-03-14 04:45:00,205.9,11.94,4.603,13.33
2026-03-14 04:50:00,197,12.22,5.455,13.83
2026-03-14 04:55:00,199.4,13.94,6.487,16.16
2026-03-14 05:00:00,198,10.22,4.377,10.83
2026-03-14 05:05:00,191.4,9.88,4.477,12.16
2026-03-14 05:10:00,190.6,10.22,4.251,10.83
2026-03-14 05:15:00,188.5,12.11,4.311,13.33
2026-03-14 05:20:00,195.5,10.38,4.394,11.16
2026-03-14 05:25:00,189.8,8.72,4.243,9.66
2026-03-14 05:30:00,189,9.11,4.555,10.5
2026-03-14 05:35:00,202.3,8.66,3.045,9.83
2026-03-14 05:40:00,208.1,6.553,2.07,7.33
2026-03-14 05:45:00,219.2,6.997,2.935,7.164
2026-03-14 05:50:00,237.8,8.55,3.501,8.83
2026-03-14 05:55:00,253.2,6.664,2.668,6.664
2026-03-14 06:00:00,231.7,5.553,2.561,6.164
2026-03-14 06:05:00,218.4,6.553,2.65,7.164
2026-03-14 06:10:00,221.5,7.553,3.169,8.16
2026-03-14 06:15:00,239.7,8.55,4.001,9.5
2026-03-14 06:20:00,222.3,8.66,4.329,9.33
2026-03-14 06:25:00,215.5,10.38,4.539,12.5
2026-03-14 06:30:00,205.7,9.55,3.851,10.16
2026-03-14 06:35:00,195.5,11.05,4.906,12.16
2026-03-14 06:40:00,207.5,13.27,6.195,15.16
2026-03-14 06:45:00,224.9,12.72,5.789,15.49
2026-03-14 06:50:00,220.1,13.16,5.904,15.49
2026-03-14 06:55:00,231.8,15.55,5.998,16.83
2026-03-14 07:00:00,231.4,13.99,7.27,15.49
2026-03-14 07:05:00,235.3,16.1,6.465,19.49
2026-03-14 07:10:00,238.2,19.6,7.498,20.99
2026-03-14 07:15:00,236.5,16.05,6.26,19.49
2026-03-14 07:20:00,236.3,12.55,6.477,15.83
2026-03-14 07:25:00,235.9,13.27,6.24,14.33
2026-03-14 07:30:00,225.6,14.27,6.939,16.16
2026-03-14 07:35:00,224.6,12.33,6.19,12.66
2026-03-14 07:40:00,228.7,11.83,5.195,14.16
2026-03-14 07:45:00,235.8,14.33,6.052,15.99
2026-03-14 07:50:00,228.5,12.5,5.979,13.99
2026-03-14 07:55:00,228.8,12.27,5.713,14.66
2026-03-14 08:00:00,231.2,15.6,5.885,16.33
2026-03-14 08:05:00,229.4,12.11,6.12,12.83
2026-03-14 08:10:00,231.4,12.5,5.788,13.99
2026-03-14 08:15:00,229.7,13.66,6.171,16.66
2026-03-14 08:20:00,234.4,11.66,5.34,13.49
2026-03-14 08:25:00,237.3,13.49,5.773,15.99
2026-03-14 08:30:00,237.7,14.38,6.357,16.33
2026-03-14 08:35:00,237.4,15.66,6.071,18.16
2026-03-14 08:40:00,235.5,15.33,6.367,17.49
2026-03-14 08:45:00,227.6,13.22,5.977,14.83
2026-03-14 08:50:00,226.9,11.66,5.926,13.49
2026-03-14 08:55:00,230,12,5.784,14.49
2026-03-14 09:00:00,234,13.94,5.667,14.66
2026-03-14 09:05:00,234.7,11.77,5.216,12.99
2026-03-14 09:10:00,240.2,12.55,5.995,13.16
2026-03-14 09:15:00,233.2,12.72,5.554,14.16
2026-03-14 09:20:00,225.5,12.44,5.27,13.83
2026-03-14 09:25:00,216.1,14.05,6.681,15.16
2026-03-14 09:30:00,214.4,11.61,5.532,13.16
2026-03-14 09:35:00,208.8,10.61,4.892,11.83
2026-03-14 09:40:00,207,10.72,5.249,12.33
2026-03-14 09:45:00,214.2,11.94,5.387,14.33
2026-03-14 09:50:00,220.9,9.88,4.296,10.5
2026-03-14 09:55:00,213.7,8.72,3.928,9.5
2026-03-14 10:00:00,213.9,9.55,4.519,11.16
2026-03-14 10:05:00,217,14.16,5.535,15.99
2026-03-14 10:10:00,217.9,10.88,5.18,14.16
2026-03-14 10:15:00,225.2,13.16,4.48,14.33
2026-03-14 10:20:00,231.6,11.77,4.79,12.66
2026-03-14 10:25:00,227.3,11.16,4.846,12.33
2026-03-14 10:30:00,223.3,10.38,5.064,13.99
2026-03-14 10:35:00,213.6,12.27,6.197,13.49
2026-03-14 10:40:00,216.5,12.72,6.276,15.16
2026-03-14 10:45:00,224.4,12.66,5.706,14.66
2026-03-14 10:50:00,226,12.05,6.125,13.33
2026-03-14 10:55:00,222.9,10.11,4.795,12
2026-03-14 11:00:00,220.7,13.27,5.212,14.33
2026-03-14 11:05:00,223,13.99,6.758,16.33
2026-03-14 11:10:00,220.1,11.44,5.281,11.83
2026-03-14 11:15:00,213.7,12.55,4.817,14.83
2026-03-14 11:20:00,223.3,11.55,4.399,13.16
2026-03-14 11:25:00,242.1,14.16,5.095,15.16
2026-03-14 11:30:00,235.4,12.61,5.672,13.16
2026-03-14 11:35:00,230.8,11.38,4.688,12.5
2026-03-14 11:40:00,244.8,12.61,5.599,14.16
2026-03-14 11:45:00,235.8,12.11,6.314,15.16
2026-03-14 11:50:00,236.8,14.11,6.36,16.16
2026-03-14 11:55:00,229.4,18.21,6.673,22.16
2026-03-14 12:00:00,225.6,15.83,5.86,17.16
2026-03-14 12:05:00,214.3,12.66,5.724,13.66
2026-03-14 12:10:00,207.7,13.27,5.851,14.99
2026-03-14 12:15:00,216.4,9.22,4.47,10.66
2026-03-14 12:20:00,208.3,11.88,4.968,14.83
2026-03-14 12:25:00,220.3,12.05,5.223,12.66
2026-03-14 12:30:00,224.7,12.22,5.454,13.16
2026-03-14 12:35:00,221.4,17.44,5.814,18.33
2026-03-14 12:40:00,227,11.61,5.671,13.33
2026-03-14 12:45:00,226.3,11.88,5.472,13.16
2026-03-14 12:50:00,228.9,12.22,5.898,13.16
2026-03-14 12:55:00,224.8,14.55,6.28,15.49
2026-03-14 13:00:00,228.2,12.22,5.594,13.49
2026-03-14 13:05:00,232.8,10.27,5.492,12.66
2026-03-14 13:10:00,234.1,16.38,5.503,19.99
2026-03-14 13:15:00,234.6,18.16,5.92,18.99
2026-03-14 13:20:00,235.9,11.66,5.364,12.99
2026-03-14 13:25:00,234.7,14.99,4.094,17.49
2026-03-14 13:30:00,231.4,11.5,5.366,12.5
2026-03-14 13:35:00,230.5,12.11,5.58,13.66
2026-03-14 13:40:00,236,11.11,5.157,11.83
2026-03-14 13:45:00,240.5,13.55,5.415,15.16
2026-03-14 13:50:00,235.4,14.72,5.744,15.99
2026-03-14 13:55:00,245.2,13.49,5.356,15.99
2026-03-14 14:00:00,238,10.72,6.27,12.16
2026-03-14 14:05:00,228.2,11.72,5.735,12.33
2026-03-14 14:10:00,223.8,10.11,4.85,11.5
2026-03-14 14:15:00,228.7,11.22,4.969,13.33
2026-03-14 14:20:00,235.8,16.38,6.239,18.33
2026-03-14 14:25:00,233.2,13.83,6.155,16.33
2026-03-14 14:30:00,237.9,12.77,5.991,15.66
2026-03-14 14:35:00,233.8,14.33,6.351,14.99
2026-03-14 14:40:00,238,13.55,5.327,14.99
2026-03-14 14:45:00,235.4,11.44,5.016,12
2026-03-14 14:50:00,237.4,11.77,5.346,12.83
2026-03-14 14:55:00,235.4,10.94,5.563,11.83
2026-03-14 15:00:00,230.6,11,5.086,12.66
2026-03-14 15:05:00,227.7,13.11,4.977,13.99
2026-03-14 15:10:00,233.1,10.94,4.632,12.33
2026-03-14 15:15:00,234.4,11.44,4.54,13.99
2026-03-14 15:20:00,231.6,11.38,4.779,12.66
2026-03-14 15:25:00,236.9,9.11,4.833,10.33
2026-03-14 15:30:00,236.3,12.83,5.181,14.66
2026-03-14 15:35:00,235,10.66,4.629,11.33
2026-03-14 15:40:00,241.7,10.05,4.637,10.66
2026-03-14 15:45:00,230,8.77,4.247,9.66
2026-03-14 15:50:00,230,11.5,4.713,14.16
2026-03-14 15:55:00,234.2,15.49,5.192,17.16
2026-03-14 16:00:00,235.6,11.22,5.292,13.49
2026-03-14 16:05:00,231.3,12.05,5.529,13.66
2026-03-14 16:10:00,236.9,12.83,5.724,16.33
2026-03-14 16:15:00,229.3,12.05,4.703,12.83
2026-03-14 16:20:00,238.9,10.38,4.469,11
2026-03-14 16:25:00,236.3,10.38,4.343,11.83
2026-03-14 16:30:00,229.2,11.05,4.16,11.83
2026-03-14 16:35:00,228.8,10.44,4.881,11.33
2026-03-14 16:40:00,232,11.38,4.454,13.16
2026-03-14 16:45:00,236,12,5.713,13.33
2026-03-14 16:50:00,236.5,11.88,4.799,12.99
2026-03-14 16:55:00,240,10,4.249,11.33
2026-03-14 17:00:00,222.3,11.22,5.276,12.83
2026-03-14 17:05:00,230.7,11.77,5.464,13.66
2026-03-14 17:10:00,226.9,12.61,5.625,15.16
2026-03-14 17:15:00,224.5,10.11,4.984,11.16
2026-03-14 17:20:00,228,13.11,5.799,13.99
2026-03-14 17:25:00,220.3,14.16,5.994,16.99
2026-03-14 17:30:00,221.7,12.11,5.805,13.66
2026-03-14 17:35:00,226.9,11.11,5.73,12.5
2026-03-14 17:40:00,218.9,8.72,4.429,9.83
2026-03-14 17:45:00,214.2,11.66,4.93,12.66
2026-03-14 17:50:00,216.8,10.27,4.761,11.16
2026-03-14 17:55:00,214.4,11.66,5.121,12.33
2026-03-14 18:00:00,221.4,11.33,5.652,12.99
2026-03-14 18:05:00,213.5,11.05,4.568,12.66
2026-03-14 18:10:00,217.3,10.55,4.427,10.83
2026-03-14 18:15:00,231.3,9.39,4.763,10
2026-03-14 18:20:00,227,9,4.106,9.66
2026-03-14 18:25:00,240.5,12.66,5.064,15.33
2026-03-14 18:30:00,228.6,16.44,5.96,18.49
2026-03-14 18:35:00,243.1,13.88,5.91,17.16
2026-03-14 18:40:00,233.2,13.49,4.723,15.83
2026-03-14 18:45:00,243.9,15.05,5.662,15.99
2026-03-14 18:50:00,233.1,21.55,5.708,24.32
2026-03-14 18:55:00,246.5,12.66,6.078,14.66
2026-03-14 19:00:00,245.1,12.22,5.726,13.33
2026-03-14 19:05:00,237,14.94,6.124,15.99
2026-03-14 19:10:00,236.2,12.66,6.525,16.49
2026-03-14 19:15:00,235.6,12.77,6.345,13.66
2026-03-14 19:20:00,230.4,10.33,5.046,12.5
2026-03-14 19:25:00,233.5,13.27,4.596,14.99
2026-03-14 19:30:00,231.9,10,3.579,11
2026-03-14 19:35:00,231.5,10.61,3.36,12.33
2026-03-14 19:40:00,239.4,15.38,3.449,18.16
2026-03-14 19:45:00,224.9,8.66,4.089,9.33
2026-03-14 19:50:00,232.3,8.94,3.418,9.33
2026-03-14 19:55:00,240.9,7.33,2.661,8.33
2026-03-14 20:00:00,237.3,9.88,4.674,10.5
2026-03-14 20:05:00,230,9.05,3.975,10
2026-03-14 20:10:00,252.5,12.44,4.43,14.33
2026-03-14 20:15:00,231.5,11.16,4.936,11.66
2026-03-14 20:20:00,225.2,11.61,5.012,14.49
2026-03-14 20:25:00,252.4,9.77,4.449,10.83
2026-03-14 20:30:00,246.1,9.44,3.313,10.5
2026-03-14 20:35:00,258.2,7.386,3.054,9
2026-03-14 20:40:00,249.8,6.053,2.755,6.831
2026-03-14 20:45:00,227.4,9.66,3.3,10.83
2026-03-14 20:50:00,228.1,7.108,2.615,7.33
2026-03-14 20:55:00,255.7,7.053,2.806,7.997
2026-03-14 21:00:00,214.3,12.05,3.169,13.16
2026-03-14 21:05:00,240,8.77,3.249,10.5
2026-03-14 21:10:00,239,6.997,2.027,7.664
2026-03-14 21:15:00,210.9,6.22,2.362,6.997
2026-03-14 21:20:00,249,7.497,3.358,10.33
2026-03-14 21:25:00,228.2,10.44,3.387,11.5
2026-03-14 21:30:00,247.5,9.88,2.872,11.16
2026-03-14 21:35:00,232.3,9.27,3.482,10
2026-03-14 21:40:00,231.2,8.89,3.783,9.33
2026-03-14 21:45:00,229.7,11.77,4.402,12.16
2026-03-14 21:50:00,224.8,11.77,4.651,13.16
2026-03-14 21:55:00,246.1,12.11,4.43,12.99
2026-03-14 22:00:00,247.3,12.94,5.546,14.49
2026-03-14 22:05:00,232.8,14.22,5.977,15.16
2026-03-14 22:10:00,225.6,14.05,5.727,15.99
2026-03-14 22:15:00,252.1,12.55,5.587,15.49
2026-03-14 22:20:00,248.6,12.44,5.854,14.66
2026-03-14 22:25:00,260.6,12.5,6.043,13.83
2026-03-14 22:30:00,247.9,13.44,5.252,14.49
2026-03-14 22:35:00,244.1,9.27,4.445,11
2026-03-14 22:40:00,261.3,13.16,5.057,16.16
2026-03-14 22:45:00,260.8,13.16,4.559,14.83
2026-03-14 22:50:00,234.6,9.83,4.278,12.83
2026-03-14 22:55:00,234.2,11.27,5.482,13.66
2026-03-14 23:00:00,231.4,14.72,5.488,15.99
2026-03-14 23:05:00,245.7,13.88,5.053,16.16
2026-03-14 23:10:00,236.3,18.88,6.344,19.49
2026-03-14 23:15:00,236.3,11.5,6.167,13.33
2026-03-14 23:20:00,235.2,12,5.753,12.83
2026-03-14 23:25:00,223.2,13.33,5.992,16.66
2026-03-14 23:30:00,240.3,13.83,6.147,16.33
2026-03-14 23:35:00,231.9,12.83,5.982,15.16
2026-03-14 23:40:00,238.6,10.72,5.047,11.83
2026-03-14 23:45:00,232.8,13.49,5.66,13.83
2026-03-14 23:50:00,236.4,12.27,4.984,15.16
2026-03-14 23:55:00,232.4,12.99,4.947,14.49
2026-03-15 00:00:00,234.8,12.66,5.444,12.99
2026-03-15 00:05:00,231.6,12.38,5.308,14.83
2026-03-15 00:10:00,237.3,12.61,5.628,13.16
2026-03-15 00:15:00,234,14.66,5.732,15.33
2026-03-15 00:20:00,242.9,13.61,4.793,14.83
2026-03-15 00:25:00,233.9,11.5,5.86,12.16
2026-03-15 00:30:00,236.5,11.33,5.042,12.66
2026-03-15 00:35:00,230.6,10.88,4.485,13.16
2026-03-15 00:40:00,235,11.44,4.78,12.66
2026-03-15 00:45:00,247.5,11.55,3.341,11.83
2026-03-15 00:50:00,242.3,9,3.899,10.16
2026-03-15 00:55:00,234,10.44,4.709,10.83
2026-03-15 01:00:00,236.2,12.99,4.52,13.66
2026-03-15 01:05:00,232.4,10.44,4.471,11.16
2026-03-15 01:10:00,233.3,10.16,4.827,11.16
2026-03-15 01:15:00,237.4,9.27,4.607,11.33
2026-03-15 01:20:00,233.5,13.99,4.384,15.16
2026-03-15 01:25:00,233.7,11.44,4.267,11.83
2026-03-15 01:30:00,237.8,10.88,4.889,12.16
2026-03-15 01:35:00,231.6,13.27,4.712,13.99
2026-03-15 01:40:00,228.4,11.88,5.331,14.16
2026-03-15 01:45:00,232,11.55,4.117,12.66
2026-03-15 01:50:00,222.3,11.33,4.381,12
2026-03-15 01:55:00,238.3,10.33,4.258,10.83
2026-03-15 02:00:00,229.3,10.83,5.452,12.66
2026-03-15 02:05:00,227.4,14.77,5.439,16.99
2026-03-15 02:10:00,231.6,13.49,5.278,15.66
2026-03-15 02:15:00,244.3,9.39,4.303,11
2026-03-15 02:20:00,229.7,8.61,4.419,10.33
2026-03-15 02:25:00,234.9,8.05,3.659,8.66
2026-03-15 02:30:00,229.5,7.941,3.476,9
2026-03-15 02:35:00,228.2,9.94,3.464,10.83
2026-03-15 02:40:00,225.1,9.05,4.183,10.83
2026-03-15 02:45:00,239.7,9.39,3.991,11
2026-03-15 02:50:00,233.2,11.22,4.316,12
2026-03-15 02:55:00,240.1,10.11,4.373,10.33
2026-03-15 03:00:00,239.7,9.22,3.192,10
2026-03-15 03:05:00,236.5,8.89,3.625,10.83
2026-03-15 03:10:00,246.9,9.66,4.252,10.16
2026-03-15 03:15:00,235.4,10.94,4.33,12.16
2026-03-15 03:20:00,232.7,11.77,3.863,15.49
2026-03-15 03:25:00,229.4,11.27,3.87,11.66
2026-03-15 03:30:00,237.6,6.386,3.322,6.997
2026-03-15 03:35:00,233.4,11.77,4.218,12.16
2026-03-15 03:40:00,237.8,8.44,3.787,9.16
2026-03-15 03:45:00,248.2,9.22,3.901,9.33
2026-03-15 03:50:00,236.6,8.39,3.549,10.16
2026-03-15 03:55:00,247,8.66,3.785,9.33
2026-03-15 04:00:00,237.4,10,4.571,11.5
2026-03-15 04:05:00,241.4,8.27,3.771,9.33
2026-03-15 04:10:00,225.9,8.94,3.997,10
2026-03-15 04:15:00,240.1,10.77,3.671,12.66
2026-03-15 04:20:00,241.2,9.22,3.359,10
2026-03-15 04:25:00,252.6,6.553,3.146,6.664
2026-03-15 04:30:00,250.1,7.83,3.42,9.16
2026-03-15 04:35:00,229.2,10.11,4.161,11.66
2026-03-15 04:40:00,234.3,8.39,3.63,9
2026-03-15 04:45:00,237.9,10.66,4.273,10.83
2026-03-15 04:50:00,233.7,7.33,3.556,8.66
2026-03-15 04:55:00,231.3,11,3.8,11.33
2026-03-15 05:00:00,235.3,9.39,3.883,9.66
2026-03-15 05:05:00,246.8,7.997,3.308,9.66
2026-03-15 05:10:00,233.5,10.61,4.057,11.5
2026-03-15 05:15:00,232.9,9.39,3.221,9.5
2026-03-15 05:20:00,226.6,8.44,3.864,9.66
2026-03-15 05:25:00,234.7,6.109,3.216,6.831
2026-03-15 05:30:00,230.6,10.66,3.81,11.66
2026-03-15 05:35:00,224.3,8.94,4.271,10.16
2026-03-15 05:40:00,236.1,7.775,3.374,8.16
2026-03-15 05:45:00,244.9,8.55,3.163,8.66
2026-03-15 05:50:00,233.1,7.275,3.22,8.66
2026-03-15 05:55:00,238.4,9.94,3.367,12.83
2026-03-15 06:00:00,236,13.27,4.423,14.16
2026-03-15 06:05:00,239.1,10.05,4.228,10.16
2026-03-15 06:10:00,233.2,9.72,3.972,11.16
2026-03-15 06:15:00,242.3,14.94,4.588,15.49
2026-03-15 06:20:00,239.7,14.11,4.254,15.16
2026-03-15 06:25:00,223.8,9.77,4.273,10.66
2026-03-15 06:30:00,233.9,10.27,4.332,11
2026-03-15 06:35:00,238.8,8.55,4.324,9.5
2026-03-15 06:40:00,241.4,7.719,4.151,8.33
2026-03-15 06:45:00,234.8,8.94,3.379,10.83
2026-03-15 06:50:00,230.8,6.942,3.291,7.497
2026-03-15 06:55:00,238.3,7.33,3.451,7.83
2026-03-15 07:00:00,237.8,6.608,3.304,7.164
2026-03-15 07:05:00,233.1,5.664,2.7,6.497
2026-03-15 07:10:00,237.2,9,3.582,10.83
2026-03-15 07:15:00,234.4,9.22,3.746,10
2026-03-15 07:20:00,234.7,10.66,4.374,11.83
2026-03-15 07:25:00,226.7,10.33,4.134,11.16
2026-03-15 07:30:00,236.3,10.94,4.17,11.83
2026-03-15 07:35:00,238.3,12,4.207,13.99
2026-03-15 07:40:00,252.2,7.719,3.368,8.66
2026-03-15 07:45:00,232.4,11.27,3.616,12.16
2026-03-15 07:50:00,229.9,7.886,4.015,8.66
2026-03-15 07:55:00,239.7,10.44,3.379,11.16
2026-03-15 08:00:00,230.5,7.886,3.927,9
2026-03-15 08:05:00,236.3,6.997,3.254,7.33
2026-03-15 08:10:00,235.9,7.886,3.017,8.83
2026-03-15 08:15:00,239.9,6.997,3.065,8.83
2026-03-15 08:20:00,228.8,9.11,4.104,10
2026-03-15 08:25:00,243.8,10.83,4.082,12.83
2026-03-15 08:30:00,234.4,7.33,3.585,8.5
2026-03-15 08:35:00,235.4,7.441,3.711,7.997
2026-03-15 08:40:00,232.6,7.775,3.781,8.5
2026-03-15 08:45:00,247.3,9.33,3.492,10.33
2026-03-15 08:50:00,236.9,7.775,3.757,8.33
2026-03-15 08:55:00,235.8,9.5,4.234,11
2026-03-15 09:00:00,243.1,7.053,3.675,7.497
2026-03-15 09:05:00,230.6,8.33,4.193,8.83
2026-03-15 09:10:00,228.6,10.33,5.064,11.5
2026-03-15 09:15:00,230.5,10.94,5.082,11.5
2026-03-15 09:20:00,232.6,10.22,4.897,11.16
2026-03-15 09:25:00,224.4,10.66,4.552,12.5
2026-03-15 09:30:00,230.1,12.11,5.439,12.5
2026-03-15 09:35:00,233.8,11.05,4.495,12
2026-03-15 09:40:00,233.2,10.05,4.666,10.5
2026-03-15 09:45:00,228.8,10.16,3.964,11.5
2026-03-15 09:50:00,238.1,11.61,4.536,12.16
2026-03-15 09:55:00,227.9,9.61,4.878,10.66
2026-03-15 10:00:00,224.4,9.55,4.355,9.66
2026-03-15 10:05:00,227.5,9.55,4.614,11
2026-03-15 10:10:00,225.7,9.55,4.927,10.33
2026-03-15 10:15:00,227.2,9.94,4.608,11.66
2026-03-15 10:20:00,230.2,10.11,4.622,10.66
2026-03-15 10:25:00,231.1,11,4.494,12.16
2026-03-15 10:30:00,230.6,10.05,4.421,10.83
2026-03-15 10:35:00,237.8,6.997,3.603,7.497
2026-03-15 10:40:00,230.9,9.5,3.626,9.66
2026-03-15 10:45:00,240.7,8.55,3.956,9
2026-03-15 10:50:00,236.4,9.16,3.812,10.33
2026-03-15 10:55:00,235.5,9.83,4.303,11
2026-03-15 11:00:00,230.8,8.77,4.448,10.83
2026-03-15 11:05:00,227.1,9.27,3.965,10
2026-03-15 11:10:00,223.8,8.77,4.367,9.16
2026-03-15 11:15:00,230.2,9.88,4.382,11.16
2026-03-15 11:20:00,233.1,7.164,3.308,7.997
2026-03-15 11:25:00,230.9,9.72,4.254,10.83
2026-03-15 11:30:00,225.8,11.27,4.077,13.66
2026-03-15 11:35:00,217.7,12.05,5.156,12.33
2026-03-15 11:40:00,228.4,9.5,4.177,10.66
2026-03-15 11:45:00,227.6,10.33,4.174,11.16
2026-03-15 11:50:00,225.6,8.27,4.106,9.33
2026-03-15 11:55:00,222.2,9.33,3.855,10.33
2026-03-15 12:00:00,226.7,8.61,4.049,9.66
2026-03-15 12:05:00,243.5,8.77,4.058,9.5
2026-03-15 12:10:00,235.6,10.16,4.619,10.66
2026-03-15 12:15:00,237.7,10.05,5.017,11
2026-03-15 12:20:00,231.1,11.38,5.037,12.33
2026-03-15 12:25:00,228.8,10.77,5.224,13.99
2026-03-15 12:30:00,220.8,10.16,4.182,10.83
2026-03-15 12:35:00,220,7.83,4.188,8.5
2026-03-15 12:40:00,216.3,9,4.048,9.83
2026-03-15 12:45:00,208,7.83,3.329,8.83
2026-03-15 12:50:00,214.4,10.88,4.092,11.5
2026-03-15 12:55:00,211.1,8.05,3.546,8.83
2026-03-15 13:00:00,215.7,8.89,4.256,10.66
2026-03-15 13:05:00,214.7,9.11,4.251,9.66
2026-03-15 13:10:00,227,9.5,4.814,10.33
2026-03-15 13:15:00,225.7,10.16,3.976,11
2026-03-15 13:20:00,229.4,9.61,4.8,11
2026-03-15 13:25:00,232.4,9.5,4.787,10
2026-03-15 13:30:00,232.2,10.61,5.074,12.16
2026-03-15 13:35:00,232.5,10.22,4.664,11.33
2026-03-15 13:40:00,231.5,8.89,4.49,9.83
2026-03-15 13:45:00,234.9,9.27,4.649,10.16
2026-03-15 13:50:00,234.4,10.27,4.682,11.33
2026-03-15 13:55:00,243.7,8.22,3.716,10.33
2026-03-15 14:00:00,235.7,7.664,4.047,8.16
2026-03-15 14:05:00,238.8,8.05,3.308,9
2026-03-15 14:10:00,228.5,7.83,3.127,8.83
2026-03-15 14:15:00,229.6,7.108,3.518,8.33
2026-03-15 14:20:00,223.8,7.997,3.249,8.5
2026-03-15 14:25:00,220.1,8.44,3.229,9
2026-03-15 14:30:00,219.9,9,3.216,9.5
2026-03-15 14:35:00,229.2,8.22,3.403,8.5
2026-03-15 14:40:00,231.4,8.05,4.299,9
2026-03-15 14:45:00,228.7,10.44,4.124,11.33
2026-03-15 14:50:00,229.6,8.22,3.524,9
2026-03-15 14:55:00,232.5,6.942,3.755,8.66
2026-03-15 15:00:00,229.3,8.72,4.578,10.33
2026-03-15 15:05:00,222.3,8.77,3.08,9.33
2026-03-15 15:10:00,220,5.942,3.194,7.497
2026-03-15 15:15:00,220.7,9,3.491,10.33
2026-03-15 15:20:00,224.7,7.441,3.725,7.997
2026-03-15 15:25:00,231.7,9.55,4.113,10.16
2026-03-15 15:30:00,238.5,8.33,4.077,9.33
2026-03-15 15:35:00,233.5,9.94,4.137,10.5
2026-03-15 15:40:00,233.6,9.61,4.514,11
2026-03-15 15:45:00,235.3,9.83,3.985,10.16
2026-03-15 15:50:00,230.8,9.22,4.204,10.16
2026-03-15 15:55:00,235.8,8.55,3.938,10
2026-03-15 16:00:00,224.3,8.44,3.921,8.83
2026-03-15 16:05:00,230.4,6.775,3.351,7.33
2026-03-15 16:10:00,234.1,9.88,3.972,11
2026-03-15 16:15:00,231.2,8.61,4.017,9
2026-03-15 16:20:00,228.5,8.5,3.465,9.66
2026-03-15 16:25:00,228.4,8.05,3.733,8.66
2026-03-15 16:30:00,229.5,7.719,3.015,8.83
2026-03-15 16:35:00,224.3,6.442,2.576,6.831
2026-03-15 16:40:00,220.8,6.608,3.12,7.164
2026-03-15 16:45:00,226.6,5.72,2.596,5.831
2026-03-15 16:50:00,232.5,5.442,2.741,5.664
2026-03-15 16:55:00,235.3,6.831,2.968,7.164
2026-03-15 17:00:00,228.8,6.775,2.395,7.164
2026-03-15 17:05:00,233.4,5.831,2.958,6.164
2026-03-15 17:10:00,236.1,5.498,2.305,5.664
2026-03-15 17:15:00,237,5.553,2.217,6.164
2026-03-15 17:20:00,232.8,5.553,2.483,6.664
2026-03-15 17:25:00,231,5.165,2.271,5.498
2026-03-15 17:30:00,224.7,5.998,2.591,6.331
2026-03-15 17:35:00,237.9,5.331,2.636,5.831
2026-03-15 17:40:00,226.1,6.886,2.427,7.164
2026-03-15 17:45:00,227.6,6.942,3.233,7.164
2026-03-15 17:50:00,235,7.553,2.764,7.997
2026-03-15 17:55:00,227.3,7.053,3.053,6.331
2026-03-15 18:00:00,228.4,6.386,3.098,7.664
2026-03-15 18:05:00,229.3,7.941,2.997,8.5
2026-03-15 18:10:00,225.2,6.72,3.049,7.164
2026-03-15 18:15:00,252.2,5.775,1.75,7.164
2026-03-15 18:20:00,235.6,6.664,1.89,6.997
2026-03-15 18:25:00,238.9,6.275,2.446,7.164
2026-03-15 18:30:00,222.4,7.053,2.394,7.664
2026-03-15 18:35:00,234,6.886,2.707,7.83
2026-03-15 18:40:00,239.1,5.498,2.728,6.164
2026-03-15 18:45:00,234.3,6.109,2.849,7.164
2026-03-15 18:50:00,236.7,5.887,2.709,6.831
2026-03-15 18:55:00,227.6,7.275,3.125,8.16
2026-03-15 19:00:00,230.9,7.83,3.471,8.66
2026-03-15 19:05:00,226.7,7.664,3.164,8.33
2026-03-15 19:10:00,223.6,8.05,3.721,9
2026-03-15 19:15:00,223.7,9.16,3.654,9.66
2026-03-15 19:20:00,227.8,7.608,3.503,8.33
2026-03-15 19:25:00,236.9,10.11,3.945,10.66
2026-03-15 19:30:00,236.3,8.16,3.978,9.83
2026-03-15 19:35:00,233.8,10.11,4.038,10.66
2026-03-15 19:40:00,239.3,10.33,4.152,11.5
2026-03-15 19:45:00,242.6,12,4.344,12.66
2026-03-15 19:50:00,243.1,9.77,3.109,11.16
2026-03-15 19:55:00,237.3,7.941,4.105,9
2026-03-15 20:00:00,238,8.55,4.409,9.16
2026-03-15 20:05:00,226.2,11.16,4.351,12
2026-03-15 20:10:00,237.6,11.16,4.026,12.66
2026-03-15 20:15:00,243.8,10.11,4.349,11.33
2026-03-15 20:20:00,238.8,10.22,4.258,10.66
2026-03-15 20:25:00,239.8,12,4.025,13.66
2026-03-15 20:30:00,235.8,8.11,3.339,9.5
2026-03-15 20:35:00,226.4,5.942,2.667,6.497
2026-03-15 20:40:00,238.1,10.22,4.156,11.83
2026-03-15 20:45:00,231.1,9.27,3.86,10.5
2026-03-15 20:50:00,235.5,7.997,3.816,8.5
2026-03-15 20:55:00,240.8,9.83,3.977,11.33
2026-03-15 21:00:00,234.2,8.89,3.996,9.5
2026-03-15 21:05:00,229.7,8.72,3.933,9.66
2026-03-15 21:10:00,245.7,9.61,3.857,10.16
2026-03-15 21:15:00,250.7,5.22,2.683,5.664
2026-03-15 21:20:00,234.2,7.275,3.416,7.664
2026-03-15 21:25:00,233,7.941,3.958,8.33
2026-03-15 21:30:00,242.3,7.664,3.388,7.997
2026-03-15 21:35:00,239.3,8.27,3.98,9.16
2026-03-15 21:40:00,233.5,9.33,3.616,9.83
2026-03-15 21:45:00,236.1,7.83,3.557,8.5
2026-03-15 21:50:00,240.7,9.33,3.993,10.33
2026-03-15 21:55:00,237,6.72,3.476,7.83
2026-03-15 22:00:00,233.6,5.276,2.873,6.164
2026-03-15 22:05:00,237.8,6.442,3.636,7.664
2026-03-15 22:10:00,231.5,7.775,3.602,7.997
2026-03-15 22:15:00,230.2,6.886,3.105,7.497
2026-03-15 22:20:00,234.3,6.72,3.453,7.33
2026-03-15 22:25:00,229.1,8.11,3.481,8.33
2026-03-15 22:30:00,230.3,8.33,3.496,9.16
2026-03-15 22:35:00,224.1,6.442,2.937,6.831
2026-03-15 22:40:00,228.9,5.498,2.441,5.831
2026-03-15 22:45:00,228.6,6.386,2.777,6.831
2026-03-15 22:50:00,239.2,6.386,3.093,6.997
2026-03-15 22:55:00,234.7,6.164,3.367,6.831
2026-03-15 23:00:00,227.6,7.053,3.002,7.33
2026-03-15 23:05:00,229.6,5.998,2.886,6.331
2026-03-15 23:10:00,225.9,7.164,2.841,7.997
2026-03-15 23:15:00,226.7,5.442,2.741,5.998
2026-03-15 23:20:00,227.8,4.942,2.108,5.165
2026-03-15 23:25:00,223.7,5.664,2.61,5.998
2026-03-15 23:30:00,222.1,5.664,2.076,5.998
2026-03-15 23:35:00,222.3,5.942,2.442,6.331
2026-03-15 23:40:00,223.1,6.386,2.898,6.997
2026-03-15 23:45:00,219,5.775,2.466,6.164
2026-03-15 23:50:00,232.6,5.609,2.537,5.998
2026-03-15 23:55:00,231.1,4.72,2.142,4.998
2026-03-16 00:00:00,220.9,4.831,2.335,5.165
2026-03-16 00:05:00,218.6,6.109,2.558,6.331
2026-03-16 00:10:00,216.1,6.553,2.824,7.164
2026-03-16 00:15:00,223.8,5.831,2.807,6.164
2026-03-16 00:20:00,221.3,6.886,2.507,7.664
2026-03-16 00:25:00,226,6.331,2.623,6.664
2026-03-16 00:30:00,226,5.553,2.663,5.998
2026-03-16 00:35:00,229.4,5.331,2.977,5.998
2026-03-16 00:40:00,231.3,6.664,2.781,6.831
2026-03-16 00:45:00,229.8,5.942,2.807,6.331
2026-03-16 00:50:00,237.2,6.497,2.819,6.997
2026-03-16 00:55:00,237.9,5.165,2.913,5.498
2026-03-16 01:00:00,235.7,4.498,2.428,4.831
2026-03-16 01:05:00,238.5,6.22,3.105,6.664
2026-03-16 01:10:00,240.7,5.887,2.451,5.998
2026-03-16 01:15:00,243.1,5.887,2.663,5.998
2026-03-16 01:20:00,238.6,5.276,2.724,5.664
2026-03-16 01:25:00,236.3,6.053,3.076,6.164
2026-03-16 01:30:00,235.4,6.442,2.831,6.831
2026-03-16 01:35:00,231.9,5.609,2.575,5.998
2026-03-16 01:40:00,230.9,6.72,2.754,7.33
2026-03-16 01:45:00,232.1,5.165,2.602,5.998
2026-03-16 01:50:00,229,5.276,2.754,5.664
2026-03-16 01:55:00,233.6,5.442,2.578,5.664
2026-03-16 02:00:00,231.4,5.387,2.535,5.998
2026-03-16 02:05:00,226.3,6.109,2.652,6.331
2026-03-16 02:10:00,233.6,4.887,1.979,5.165
2026-03-16 02:15:00,232.6,5.887,2.985,6.331
2026-03-16 02:20:00,235,5.831,2.468,5.998
2026-03-16 02:25:00,230.4,7.275,2.877,8.16
2026-03-16 02:30:00,230.3,6.331,2.57,6.997
2026-03-16 02:35:00,234.7,7.886,2.351,8.5
2026-03-16 02:40:00,235.6,6.164,2.847,6.331
2026-03-16 02:45:00,235.1,6.22,2.997,6.664
2026-03-16 02:50:00,232.4,5.498,2.673,5.831
2026-03-16 02:55:00,232.7,5.498,2.786,5.664
2026-03-16 03:00:00,233.1,7.664,3.115,8.33
2026-03-16 03:05:00,235.5,6.053,2.581,6.497
2026-03-16 03:10:00,235,5.775,2.42,5.831
2026-03-16 03:15:00,235.2,5.276,2.833,5.498
2026-03-16 03:20:00,235.8,5.387,2.848,5.998
2026-03-16 03:25:00,235.3,5.998,2.413,6.997
2026-03-16 03:30:00,237.6,4.609,2.422,4.998
2026-03-16 03:35:00,230.9,6.331,2.508,7.83
2026-03-16 03:40:00,235.5,5.498,2.692,5.831
2026-03-16 03:45:00,245.8,5.942,2.977,6.497
2026-03-16 03:50:00,247.3,8.39,3.326,9
2026-03-16 03:55:00,243.7,6.497,3.094,7.164
2026-03-16 04:00:00,241.7,5.998,3.044,6.664
2026-03-16 04:05:00,236.7,9.27,3.593,10.5
2026-03-16 04:10:00,240.3,8.22,3.176,8.83
2026-03-16 04:15:00,242.2,7.941,3.085,8.5
2026-03-16 04:20:00,240.3,7.164,2.396,7.83
2026-03-16 04:25:00,240,6.442,3.287,7.164
2026-03-16 04:30:00,235.6,7.664,2.646,7.83
2026-03-16 04:35:00,244.9,5.998,2.922,6.497
2026-03-16 04:40:00,240.3,7.608,2.837,8.66
2026-03-16 04:45:00,245,6.553,2.704,8.16
2026-03-16 04:50:00,243.3,6.72,2.417,6.997
2026-03-16 04:55:00,242.9,6.275,2.647,6.997
2026-03-16 05:00:00,229,7.219,2.791,7.33
2026-03-16 05:05:00,236.8,8.16,3.004,8.83
2026-03-16 05:10:00,237.8,8.16,3.163,8.5
2026-03-16 05:15:00,228.6,6.22,3.394,6.997
2026-03-16 05:20:00,222.9,6.109,2.49,8.33
2026-03-16 05:25:00,233.8,8.61,3.602,9.83
2026-03-16 05:30:00,238.9,8.39,3.826,9
2026-03-16 05:35:00,236.4,9.83,3.575,11.33
2026-03-16 05:40:00,228.5,6.72,2.684,7.83
2026-03-16 05:45:00,234.5,5.998,2.697,6.997
2026-03-16 05:50:00,240.8,5.664,2.415,6.331
2026-03-16 05:55:00,240.6,5.276,2.025,5.498
2026-03-16 06:00:00,240.7,6.664,2.264,6.831
2026-03-16 06:05:00,220.9,8.72,3.591,10.33
2026-03-16 06:10:00,248.3,8.72,3.363,8.66
2026-03-16 06:15:00,228.6,6.664,2.959,7.164
2026-03-16 06:20:00,225.3,7.608,3.165,8.33
2026-03-16 06:25:00,227.4,8.61,3.503,9.16
2026-03-16 06:30:00,233.7,6.164,2.734,6.831
2026-03-16 06:35:00,233.9,6.442,2.709,6.664
2026-03-16 06:40:00,232.1,8.22,3.722,9
2026-03-16 06:45:00,236.9,8.83,3.43,9.33
2026-03-16 06:50:00,225.2,5.109,2.552,5.331
2026-03-16 06:55:00,232.6,5.998,2.881,6.331
2026-03-16 07:00:00,234,7.33,3.706,7.83
2026-03-16 07:05:00,230.4,6.164,2.677,7.33
2026-03-16 07:10:00,233.3,7.719,2.697,7.997
2026-03-16 07:15:00,227,6.497,2.533,6.831
2026-03-16 07:20:00,243.8,6.109,2.41,7.164
2026-03-16 07:25:00,228.2,5.442,2.354,5.831
2026-03-16 07:30:00,215.9,6.109,2.372,6.331
2026-03-16 07:35:00,223.6,4.998,2.575,5.498
2026-03-16 07:40:00,225.1,5.276,2.065,5.498
2026-03-16 07:45:00,220.5,5.442,2.262,6.164
2026-03-16 07:50:00,219.6,6.386,2.763,6.997
2026-03-16 07:55:00,208.4,5.331,2.569,5.498
2026-03-16 08:00:00,235.3,6.053,2.277,6.664
2026-03-16 08:05:00,237.5,5.553,2.422,6.497
2026-03-16 08:10:00,226.9,6.997,2.726,7.664
2026-03-16 08:15:00,235.7,6.442,2.978,8.16
2026-03-16 08:20:00,233.5,7.441,2.535,8.66
2026-03-16 08:25:00,231.5,7.83,2.828,7.997
2026-03-16 08:30:00,223.9,8.22,3.015,9.33
2026-03-16 08:35:00,220.1,7.441,2.928,8.5
2026-03-16 08:40:00,241.5,7.608,2.495,8.16
2026-03-16 08:45:00,237.7,5.887,2.449,6.831
2026-03-16 08:50:00,234.4,5.775,1.973,5.998
2026-03-16 08:55:00,231.7,8.33,3.024,8.66
2026-03-16 09:00:00,234.5,7.497,2.672,8.16
2026-03-16 09:05:00,227.4,5.664,2.407,5.998
2026-03-16 09:10:00,217.6,8.05,2.708,9.16
2026-03-16 09:15:00,222.8,5.72,2.013,6.164
2026-03-16 09:20:00,244.1,6.109,2.743,7.83
2026-03-16 09:25:00,234.8,4.72,1.718,5.165
2026-03-16 09:30:00,224.3,7.941,2.768,9.16
2026-03-16 09:35:00,226,4.776,2.435,5.165
2026-03-16 09:40:00,232.3,6.72,1.938,7.164
2026-03-16 09:45:00,233.7,6.275,2.069,6.664
2026-03-16 09:50:00,232.1,4.998,2.503,5.498
2026-03-16 09:55:00,228.2,6.275,2.204,6.497
2026-03-16 10:00:00,233.9,4.942,2.322,5.498
2026-03-16 10:05:00,222.4,6.164,2.418,6.497
2026-03-16 10:10:00,221.4,4.609,2.247,4.998
2026-03-16 10:15:00,222.1,4.665,1.936,4.998
2026-03-16 10:20:00,233.1,5.165,1.845,5.331
2026-03-16 10:25:00,245.3,5.831,2.095,6.164
2026-03-16 10:30:00,225.2,4.831,2.26,5.331
2026-03-16 10:35:00,233.1,8.55,2.688,9.33
2026-03-16 10:40:00,232.6,5.442,1.861,5.664
2026-03-16 10:45:00,234.3,6.664,2.157,7.83
2026-03-16 10:50:00,222.7,4.165,1.658,4.332
2026-03-16 10:55:00,240.6,3.665,1.614,4.332
2026-03-16 11:00:00,239.4,4.554,1.994,5.165
2026-03-16 11:05:00,246.7,7.219,2.155,7.83
2026-03-16 11:10:00,249,7.719,3.034,9
2026-03-16 11:15:00,238.3,7.553,2.718,8.5
2026-03-16 11:20:00,235.2,6.997,2.972,7.664
2026-03-16 11:25:00,230.9,5.165,2.561,5.498
2026-03-16 11:30:00,222.6,5.942,2.666,6.164
2026-03-16 11:35:00,223.3,6.386,2.146,7.164
2026-03-16 11:40:00,233.5,4.942,2.093,5.165
2026-03-16 11:45:00,213.4,5.109,1.665,5.331
2026-03-16 11:50:00,216.7,5.998,2.301,6.664
2026-03-16 11:55:00,238.5,6.72,2.003,7.497
2026-03-16 12:00:00,222.9,7.108,2.551,7.83
2026-03-16 12:05:00,250,4.165,1.776,4.498
2026-03-16 12:10:00,248.5,4.776,2.274,6.331
2026-03-16 12:15:00,256.4,8.72,3.527,10.33
2026-03-16 12:20:00,251.2,6.331,2.935,7.497
2026-03-16 12:25:00,249.1,6.109,2.816,6.831
2026-03-16 12:30:00,232.3,7.386,2.317,7.83
2026-03-16 12:35:00,240,8.44,2.39,9.16
2026-03-16 12:40:00,242.5,4.276,2.191,4.998
2026-03-16 12:45:00,221.6,3.998,1.821,4.165
2026-03-16 12:50:00,250.8,5.831,2.265,6.164
2026-03-16 12:55:00,247.3,8.66,2.716,9.5
2026-03-16 13:00:00,254.9,4.498,2.089,4.665
2026-03-16 13:05:00,252.4,6.331,2.723,6.997
2026-03-16 13:10:00,253.3,5.831,2.533,6.164
2026-03-16 13:15:00,253.6,6.942,2.215,7.83
2026-03-16 13:20:00,259,5.165,2.288,5.664
2026-03-16 13:25:00,242.7,8.22,3.373,8.83
2026-03-16 13:30:00,259.9,5.387,2.153,5.998
2026-03-16 13:35:00,256.1,6.942,2.626,7.164
2026-03-16 13:40:00,252,7.441,3.649,8.16
2026-03-16 13:45:00,254.6,6.942,3.276,7.664
2026-03-16 13:50:00,255.1,6.109,2.789,6.664
2026-03-16 13:55:00,246.3,5.553,2.588,6.164
2026-03-16 14:00:00,252.4,5.387,2.91,5.831
2026-03-16 14:05:00,239.7,7.33,2.944,7.83
2026-03-16 14:10:00,234.7,6.164,3.315,6.497
2026-03-16 14:15:00,242.7,6.72,2.831,6.831
2026-03-16 14:20:00,237.1,6.331,3.019,6.997
2026-03-16 14:25:00,239,6.497,2.98,7.497
2026-03-16 14:30:00,249.8,8.39,3.942,9.33
2026-03-16 14:35:00,245.2,7.664,3.452,7.83
2026-03-16 14:40:00,246.5,7.497,3.781,8.33
2026-03-16 14:45:00,246.3,10.72,4.709,11.66
2026-03-16 14:50:00,236.5,9.66,5.102,10.66
2026-03-16 14:55:00,237.4,10.11,4.889,11
2026-03-16 15:00:00,243.5,6.997,3.674,7.664
2026-03-16 15:05:00,239.5,7.053,4.093,7.997
2026-03-16 15:10:00,238.6,8.16,4.278,9.16
2026-03-16 15:15:00,240.9,8.83,4.132,9.66
2026-03-16 15:20:00,238.3,8.61,4.126,9
2026-03-16 15:25:00,243.2,9.72,4.271,10.5
2026-03-16 15:30:00,237.8,8.5,4.316,10
2026-03-16 15:35:00,243.8,7.941,4.051,8.83
2026-03-16 15:40:00,238.4,8.39,3.626,11
2026-03-16 15:45:00,237.6,8.77,3.932,9.33
2026-03-16 15:50:00,241.6,10.61,3.938,10.66
2026-03-16 15:55:00,237.5,7.608,4.012,8.16
2026-03-16 16:00:00,237.8,7.719,3.917,8.33
2026-03-16 16:05:00,236.6,8.44,3.567,9.33
2026-03-16 16:10:00,235.7,7.719,4.122,8.66
2026-03-16 16:15:00,240.9,6.997,3.549,7.497
2026-03-16 16:20:00,241,7.664,4.512,8.83
2026-03-16 16:25:00,242.2,9.27,4.363,10.16
2026-03-16 16:30:00,242.1,7.997,4.455,9
2026-03-16 16:35:00,237.5,7.941,3.955,8.33
2026-03-16 16:40:00,240.4,7.386,3.521,8.16
2026-03-16 16:45:00,236.1,7.997,3.654,8.66
2026-03-16 16:50:00,244.9,8.33,3.914,9.83
2026-03-16 16:55:00,240.6,8.72,4.068,9.66
2026-03-16 17:00:00,238.3,7.886,3.566,8.5
2026-03-16 17:05:00,242.7,8.44,3.677,9
2026-03-16 17:10:00,238.2,7.719,3.628,8.33
2026-03-16 17:15:00,231.9,7.441,3.569,7.83
2026-03-16 17:20:00,233.5,9.11,4.249,9.5
2026-03-16 17:25:00,236.2,9.39,3.791,10
2026-03-16 17:30:00,235.7,7.386,3.873,8.16
2026-03-16 17:35:00,229.1,7.997,3.684,9.66
2026-03-16 17:40:00,231.2,8.22,3.762,9.16
2026-03-16 17:45:00,233.3,8.11,3.945,8.5
2026-03-16 17:50:00,229.6,9.22,4.372,10.83
2026-03-16 17:55:00,229.5,7.997,3.966,8.16
2026-03-16 18:00:00,231.3,8.66,3.471,8.83
2026-03-16 18:05:00,230.4,8.11,4.299,9.5
2026-03-16 18:10:00,230.7,8.39,4.094,8.5
2026-03-16 18:15:00,231.2,7.719,4.011,7.997
2026-03-16 18:20:00,236.1,8.89,4.064,9.33
2026-03-16 18:25:00,241.2,6.831,3.371,7.83
2026-03-16 18:30:00,238.9,6.386,3.276,7.164
2026-03-16 18:35:00,232.4,9.05,4.119,9.83
2026-03-16 18:40:00,231.9,7.108,3.389,7.997
2026-03-16 18:45:00,230.7,7.497,2.929,7.997
2026-03-16 18:50:00,230.6,6.331,3.034,6.831
2026-03-16 18:55:00,234,6.775,2.861,6.997
2026-03-16 19:00:00,233,6.553,2.943,6.997
2026-03-16 19:05:00,229.9,5.553,2.69,5.831
2026-03-16 19:10:00,236,5.775,3.261,6.164
2026-03-16 19:15:00,233.1,5.775,2.913,6.331
2026-03-16 19:20:00,231.8,6.775,3.386,6.831
2026-03-16 19:25:00,230.1,6.22,3.017,6.497
2026-03-16 19:30:00,233.5,7.719,3.384,8.33
2026-03-16 19:35:00,234.8,5.331,2.876,5.664
2026-03-16 19:40:00,232.6,5.609,2.934,6.164
2026-03-16 19:45:00,234.1,6.275,2.646,6.831
2026-03-16 19:50:00,230.8,5.72,2.405,5.998
2026-03-16 19:55:00,233.6,5.942,2.717,6.331
2026-03-16 20:00:00,235.5,6.331,3.207,6.664
2026-03-16 20:05:00,234.5,6.331,3.154,6.831
2026-03-16 20:10:00,241.5,6.164,2.801,6.997
2026-03-16 20:15:00,234.6,6.053,2.85,6.331
2026-03-16 20:20:00,235.6,5.442,2.691,5.831
2026-03-16 20:25:00,234.5,4.443,2.754,4.665
2026-03-16 20:30:00,233.7,4.332,2.168,4.831
2026-03-16 20:35:00,229.4,4.665,2.225,4.998
2026-03-16 20:40:00,235,3.887,2.121,4.332
2026-03-16 20:45:00,227.3,4.831,2.436,5.165
2026-03-16 20:50:00,236.8,4.387,2.341,4.831
2026-03-16 20:55:00,240.8,4.554,1.984,4.831
2026-03-16 21:00:00,240.3,3.499,1.754,3.665
2026-03-16 21:05:00,237.7,4.443,2.375,4.998
2026-03-16 21:10:00,239.7,5.165,2.462,5.498
2026-03-16 21:15:00,237.9,4.498,2.084,4.998
2026-03-16 21:20:00,233.2,3.943,2.202,3.998
2026-03-16 21:25:00,236.9,4.443,2.025,4.665
2026-03-16 21:30:00,235.1,5.331,2.26,5.664
2026-03-16 21:35:00,235.3,5.664,2.456,6.164
2026-03-16 21:40:00,234.9,5.054,2.612,5.165
2026-03-16 21:45:00,232.7,4.887,2.456,4.998
2026-03-16 21:50:00,238.1,5.887,2.686,6.831
2026-03-16 21:55:00,243.1,5.609,1.6,5.998
2026-03-16 22:00:00,238.6,4.221,1.946,4.498
2026-03-16 22:05:00,233.8,4.998,2.479,5.165
2026-03-16 22:10:00,235,5.387,2.163,5.664
2026-03-16 22:15:00,243.7,5.331,2.086,6.164
2026-03-16 22:20:00,241.8,5.109,2.07,5.165
2026-03-16 22:25:00,238.9,4.332,2.275,4.665
2026-03-16 22:30:00,243.3,5.054,2.477,5.498
2026-03-16 22:35:00,241.1,3.887,1.996,4.665
2026-03-16 22:40:00,241,4.942,2.02,5.165
2026-03-16 22:45:00,240.5,4.443,2.07,4.831
2026-03-16 22:50:00,250.5,2.777,1.107,2.832
2026-03-16 22:55:00,234,3.943,1.701,4.332
2026-03-16 23:00:00,242.9,3.499,1.811,3.665
2026-03-16 23:05:00,244.6,5.331,1.946,5.498
2026-03-16 23:10:00,251,4.276,2.383,4.831
2026-03-16 23:15:00,231.8,4.609,2.339,4.831
2026-03-16 23:20:00,241.3,3.776,1.995,4.165
2026-03-16 23:25:00,236.8,4.165,1.981,4.332
2026-03-16 23:30:00,239.2,5.276,2.224,5.498
2026-03-16 23:35:00,238.3,3.998,1.818,4.165
2026-03-16 23:40:00,235.3,3.776,2.129,4.165
2026-03-16 23:45:00,230,4.665,2.324,4.831
2026-03-16 23:50:00,234.8,4.054,1.961,4.332
2026-03-16 23:55:00,234.5,4.221,1.904,4.498
2026-03-17 00:00:00,235.3,3.887,2.126,4.332
