timestamp,WDuv_1_Avg_value,WS_1_Avg_value
2026-03-10 00:00:00,187.2,2.363
2026-03-10 00:05:00,192.9,2.337
2026-03-10 00:10:00,204,1.687
2026-03-10 00:15:00,205.5,1.759
2026-03-10 00:20:00,195.1,1.14
2026-03-10 00:25:00,196,1.294
2026-03-10 00:30:00,215.2,1.275
2026-03-10 00:35:00,213.2,1.745
2026-03-10 00:40:00,220.3,1.882
2026-03-10 00:45:00,230.1,2.097
2026-03-10 00:50:00,239.7,2.464
2026-03-10 00:55:00,240.3,2.376
2026-03-10 01:00:00,228.5,2.184
2026-03-10 01:05:00,223.6,2.61
2026-03-10 01:10:00,231.6,3.185
2026-03-10 01:15:00,226.1,2.631
2026-03-10 01:20:00,219.2,2.342
2026-03-10 01:25:00,216.2,2.833
2026-03-10 01:30:00,217.6,2.795
2026-03-10 01:35:00,218.4,2.902
2026-03-10 01:40:00,216.5,2.713
2026-03-10 01:45:00,211,2.747
2026-03-10 01:50:00,211.8,2.672
2026-03-10 01:55:00,213.5,3.157
2026-03-10 02:00:00,211.6,2.917
2026-03-10 02:05:00,212.2,2.897
2026-03-10 02:10:00,206.2,2.615
2026-03-10 02:15:00,209.5,2.875
2026-03-10 02:20:00,210.7,2.745
2026-03-10 02:25:00,211.3,2.774
2026-03-10 02:30:00,208.3,2.688
2026-03-10 02:35:00,208.7,2.624
2026-03-10 02:40:00,212.2,2.582
2026-03-10 02:45:00,211.3,2.72
2026-03-10 02:50:00,211.8,2.654
2026-03-10 02:55:00,209.1,2.646
2026-03-10 03:00:00,210.5,2.631
2026-03-10 03:05:00,209.5,2.518
2026-03-10 03:10:00,210.7,2.583
2026-03-10 03:15:00,203.4,2.293
2026-03-10 03:20:00,206,2.264
2026-03-10 03:25:00,200.7,2.43
2026-03-10 03:30:00,202.3,2.507
2026-03-10 03:35:00,202.2,2.345
2026-03-10 03:40:00,204.1,2.474
2026-03-10 03:45:00,206.7,2.609
2026-03-10 03:50:00,205.2,2.548
2026-03-10 03:55:00,211.3,2.63
2026-03-10 04:00:00,212.8,2.492
2026-03-10 04:05:00,210.4,2.609
2026-03-10 04:10:00,205.8,2.291
2026-03-10 04:15:00,204.9,2.204
2026-03-10 04:20:00,201.3,2.023
2026-03-10 04:25:00,201.5,2.037
2026-03-10 04:30:00,203.5,2.114
2026-03-10 04:35:00,197,1.97
2026-03-10 04:40:00,201.5,2.072
2026-03-10 04:45:00,204.4,2.145
2026-03-10 04:50:00,197.5,2.043
2026-03-10 04:55:00,199.6,1.83
2026-03-10 05:00:00,195.6,1.925
2026-03-10 05:05:00,199,1.867
2026-03-10 05:10:00,199.4,1.833
2026-03-10 05:15:00,201.9,1.956
2026-03-10 05:20:00,205.8,2.287
2026-03-10 05:25:00,199.3,2.369
2026-03-10 05:30:00,197.3,1.908
2026-03-10 05:35:00,205.2,2.185
2026-03-10 05:40:00,202.4,2.333
2026-03-10 05:45:00,195.1,2.038
2026-03-10 05:50:00,196.5,2.102
2026-03-10 05:55:00,190,2.084
2026-03-10 06:00:00,186.7,1.704
2026-03-10 06:05:00,190,1.848
2026-03-10 06:10:00,185.8,1.813
2026-03-10 06:15:00,171.1,1.533
2026-03-10 06:20:00,176.6,1.645
2026-03-10 06:25:00,177.5,1.71
2026-03-10 06:30:00,170.4,1.448
2026-03-10 06:35:00,173.5,1.729
2026-03-10 06:40:00,174.6,1.999
2026-03-10 06:45:00,181.9,2.496
2026-03-10 06:50:00,183.4,2.196
2026-03-10 06:55:00,179.5,2.632
2026-03-10 07:00:00,177.1,2.44
2026-03-10 07:05:00,172.1,2.241
2026-03-10 07:10:00,179.8,2.545
2026-03-10 07:15:00,174.9,2.307
2026-03-10 07:20:00,179.9,2.593
2026-03-10 07:25:00,171,2.287
2026-03-10 07:30:00,169.1,2.141
2026-03-10 07:35:00,174.9,2.132
2026-03-10 07:40:00,176.5,1.973
2026-03-10 07:45:00,155.8,1.547
2026-03-10 07:50:00,144.5,1.017
2026-03-10 07:55:00,135.7,1.389
2026-03-10 08:00:00,132.6,1.757
2026-03-10 08:05:00,142.3,3.723
2026-03-10 08:10:00,153.1,2.872
2026-03-10 08:15:00,154.7,2.691
2026-03-10 08:20:00,146.1,1.846
2026-03-10 08:25:00,148.2,2.255
2026-03-10 08:30:00,147.8,2.727
2026-03-10 08:35:00,154.8,2.513
2026-03-10 08:40:00,155.9,1.594
2026-03-10 08:45:00,144.5,0.888
2026-03-10 08:50:00,171.4,0.849
2026-03-10 08:55:00,262.5,0.314
2026-03-10 09:00:00,305.4,1.843
2026-03-10 09:05:00,328.6,1.899
2026-03-10 09:10:00,344.2,0.449
2026-03-10 09:15:00,2.259,1.334
2026-03-10 09:20:00,53.23,1.359
2026-03-10 09:25:00,111,1.018
2026-03-10 09:30:00,136.8,1.07
2026-03-10 09:35:00,316.7,1.22
2026-03-10 09:40:00,316.3,3.399
2026-03-10 09:45:00,339.7,3.404
2026-03-10 09:50:00,343.3,3.073
2026-03-10 09:55:00,330.3,2.638
2026-03-10 10:00:00,332.1,1.928
2026-03-10 10:05:00,332.3,2.991
2026-03-10 10:10:00,336.1,2.473
2026-03-10 10:15:00,326.1,2.388
2026-03-10 10:20:00,340.9,2.311
2026-03-10 10:25:00,346.4,2.301
2026-03-10 10:30:00,322.3,1.926
2026-03-10 10:35:00,341.5,1.865
2026-03-10 10:40:00,356.6,2.578
2026-03-10 10:45:00,11.61,2.577
2026-03-10 10:50:00,351.5,2.105
2026-03-10 10:55:00,355.2,2.789
2026-03-10 11:00:00,346.7,2.204
2026-03-10 11:05:00,13.62,2.252
2026-03-10 11:10:00,25.68,1.188
2026-03-10 11:15:00,2.77,2.214
2026-03-10 11:20:00,22.49,3.093
2026-03-10 11:25:00,30.94,1.438
2026-03-10 11:30:00,13.28,1.804
2026-03-10 11:35:00,7.725,1.571
2026-03-10 11:40:00,11.78,0.978
2026-03-10 11:45:00,5.824,2.555
2026-03-10 11:50:00,8.45,1.982
2026-03-10 11:55:00,8.02,4.181
2026-03-10 12:00:00,12.42,1.849
2026-03-10 12:05:00,20.25,4.644
2026-03-10 12:10:00,24.86,2.457
2026-03-10 12:15:00,26.34,2.989
2026-03-10 12:20:00,351.7,0.884
2026-03-10 12:25:00,337.5,1.073
2026-03-10 12:30:00,276.3,2.921
2026-03-10 12:35:00,288.9,3.664
2026-03-10 12:40:00,305.5,3.187
2026-03-10 12:45:00,323.8,2.723
2026-03-10 12:50:00,325.8,3.695
2026-03-10 12:55:00,334.6,1.971
2026-03-10 13:00:00,355.1,2.264
2026-03-10 13:05:00,341.9,2.133
2026-03-10 13:10:00,318.4,2.405
2026-03-10 13:15:00,346,1.768
2026-03-10 13:20:00,6.625,1.803
2026-03-10 13:25:00,320.7,2.133
2026-03-10 13:30:00,13.08,1.614
2026-03-10 13:35:00,40.27,0.742
2026-03-10 13:40:00,79.03,1.925
2026-03-10 13:45:00,36.33,1.972
2026-03-10 13:50:00,132.2,2.253
2026-03-10 13:55:00,243.4,1.004
2026-03-10 14:00:00,136.7,1.969
2026-03-10 14:05:00,144.7,4.397
2026-03-10 14:10:00,121.4,1.602
2026-03-10 14:15:00,121.1,2.965
2026-03-10 14:20:00,127.2,3.638
2026-03-10 14:25:00,130.7,3.432
2026-03-10 14:30:00,113.3,2.446
2026-03-10 14:35:00,114.2,3.559
2026-03-10 14:40:00,122.1,4.299
2026-03-10 14:45:00,125.6,3.76
2026-03-10 14:50:00,115.2,3.143
2026-03-10 14:55:00,130.4,2.255
2026-03-10 15:00:00,130,0.801
2026-03-10 15:05:00,342.2,1.012
2026-03-10 15:10:00,276.4,0.834
2026-03-10 15:15:00,341.1,2.958
2026-03-10 15:20:00,345,2.395
2026-03-10 15:25:00,31.42,1.515
2026-03-10 15:30:00,284,1.824
2026-03-10 15:35:00,232.1,1.613
2026-03-10 15:40:00,285.8,2.24
2026-03-10 15:45:00,260.5,2.623
2026-03-10 15:50:00,268.5,1.649
2026-03-10 15:55:00,304.6,1.813
2026-03-10 16:00:00,324.1,1.009
2026-03-10 16:05:00,317,1.143
2026-03-10 16:10:00,316.9,2.646
2026-03-10 16:15:00,313.8,1.181
2026-03-10 16:20:00,316.1,1.116
2026-03-10 16:25:00,79.99,2.191
2026-03-10 16:30:00,84.6,1.752
2026-03-10 16:35:00,93.9,2.047
2026-03-10 16:40:00,110.9,1.585
2026-03-10 16:45:00,112,2.519
2026-03-10 16:50:00,99.5,0.998
2026-03-10 16:55:00,132.9,2.286
2026-03-10 17:00:00,123.3,1.915
2026-03-10 17:05:00,115.7,1.197
2026-03-10 17:10:00,115.6,0.535
2026-03-10 17:15:00,150,0.282
2026-03-10 17:20:00,77.41,0.556
2026-03-10 17:25:00,61.72,0.29
2026-03-10 17:30:00,332.8,0.873
2026-03-10 17:35:00,334.2,1.494
2026-03-10 17:40:00,329.8,1.351
2026-03-10 17:45:00,332.5,1.187
2026-03-10 17:50:00,339.5,0.863
2026-03-10 17:55:00,311.5,0.93
2026-03-10 18:00:00,343.4,1.088
2026-03-10 18:05:00,331.9,0.619
2026-03-10 18:10:00,321.9,0.252
2026-03-10 18:15:00,351.4,0.485
2026-03-10 18:20:00,7.011,0.391
2026-03-10 18:25:00,15.07,0.527
2026-03-10 18:30:00,21.76,0.196
2026-03-10 18:35:00,354.6,0.205
2026-03-10 18:40:00,18.45,0.685
2026-03-10 18:45:00,68.76,0.675
2026-03-10 18:50:00,90.9,0.685
2026-03-10 18:55:00,121.2,0.917
2026-03-10 19:00:00,151.6,0.522
2026-03-10 19:05:00,159.3,0.064
2026-03-10 19:10:00,90.4,0.164
2026-03-10 19:15:00,0,0
2026-03-10 19:20:00,0,0
2026-03-10 19:25:00,0,0
2026-03-10 19:30:00,239.7,0.368
2026-03-10 19:35:00,240.4,0.482
2026-03-10 19:40:00,295,0.165
2026-03-10 19:45:00,334.1,0.482
2026-03-10 19:50:00,278.4,0.511
2026-03-10 19:55:00,256,0.635
2026-03-10 20:00:00,248.5,0.152
2026-03-10 20:05:00,124.4,0.983
2026-03-10 20:10:00,127.9,1.567
2026-03-10 20:15:00,184.7,0.516
2026-03-10 20:20:00,0,0
2026-03-10 20:25:00,210.1,0.909
2026-03-10 20:30:00,216.6,1.577
2026-03-10 20:35:00,227.6,1.553
2026-03-10 20:40:00,217,1.485
2026-03-10 20:45:00,168.7,1.091
2026-03-10 20:50:00,165.5,1.65
2026-03-10 20:55:00,167.2,2.185
2026-03-10 21:00:00,184.1,2.648
2026-03-10 21:05:00,186.1,2.12
2026-03-10 21:10:00,187.8,1.983
2026-03-10 21:15:00,179.3,2.033
2026-03-10 21:20:00,184.6,1.979
2026-03-10 21:25:00,171.4,1.902
2026-03-10 21:30:00,166.4,2.261
2026-03-10 21:35:00,180.9,2.121
2026-03-10 21:40:00,188.8,2.657
2026-03-10 21:45:00,192.5,2.681
2026-03-10 21:50:00,192.6,2.846
2026-03-10 21:55:00,203.7,2.8
2026-03-10 22:00:00,212.5,2.325
2026-03-10 22:05:00,201.8,2.461
2026-03-10 22:10:00,201.5,2.645
2026-03-10 22:15:00,203.4,2.354
2026-03-10 22:20:00,205.6,2.029
2026-03-10 22:25:00,186.3,1.712
2026-03-10 22:30:00,173.6,2.001
2026-03-10 22:35:00,173.2,2.38
2026-03-10 22:40:00,181.8,2.773
2026-03-10 22:45:00,195.2,3.202
2026-03-10 22:50:00,203.8,3.037
2026-03-10 22:55:00,215.5,2.955
2026-03-10 23:00:00,212.9,2.451
2026-03-10 23:05:00,217.7,2.649
2026-03-10 23:10:00,219.6,3.061
2026-03-10 23:15:00,225.6,2.68
2026-03-10 23:20:00,204.1,2.214
2026-03-10 23:25:00,211,1.212
2026-03-10 23:30:00,213.8,1.511
2026-03-10 23:35:00,232.2,1.836
2026-03-10 23:40:00,220.9,1.465
2026-03-10 23:45:00,199.4,1.062
2026-03-10 23:50:00,196.4,0.415
2026-03-10 23:55:00,183.9,1.203
2026-03-11 00:00:00,122.4,1.445
2026-03-11 00:05:00,100.8,1.387
2026-03-11 00:10:00,130.4,0.958
2026-03-11 00:15:00,102.4,0.758
2026-03-11 00:20:00,91.8,0.381
2026-03-11 00:25:00,237.7,1.593
2026-03-11 00:30:00,237.7,1.765
2026-03-11 00:35:00,211.1,1.952
2026-03-11 00:40:00,213.9,1.892
2026-03-11 00:45:00,228,2.121
2026-03-11 00:50:00,203.5,1.812
2026-03-11 00:55:00,205.8,0.663
2026-03-11 01:00:00,234.2,0.653
2026-03-11 01:05:00,206.3,0.617
2026-03-11 01:10:00,197.6,1.363
2026-03-11 01:15:00,216.3,1.868
2026-03-11 01:20:00,221.3,2.356
2026-03-11 01:25:00,242.3,1.938
2026-03-11 01:30:00,251,1.552
2026-03-11 01:35:00,283.7,1.491
2026-03-11 01:40:00,270.2,1.177
2026-03-11 01:45:00,246.1,1.49
2026-03-11 01:50:00,266.9,1.356
2026-03-11 01:55:00,259.3,0.651
2026-03-11 02:00:00,259.9,1.086
2026-03-11 02:05:00,268.4,0.391
2026-03-11 02:10:00,249.2,0.849
2026-03-11 02:15:00,221,0.597
2026-03-11 02:20:00,154.5,0.707
2026-03-11 02:25:00,341.6,0.029
2026-03-11 02:30:00,256.4,0.898
2026-03-11 02:35:00,291.6,1.097
2026-03-11 02:40:00,296.6,0.967
2026-03-11 02:45:00,293.2,0.704
2026-03-11 02:50:00,297,0.141
2026-03-11 02:55:00,10.97,1.342
2026-03-11 03:00:00,337.9,1.026
2026-03-11 03:05:00,219.7,1.692
2026-03-11 03:10:00,234.8,1.064
2026-03-11 03:15:00,243.8,1.79
2026-03-11 03:20:00,248.3,2.548
2026-03-11 03:25:00,271.3,1.86
2026-03-11 03:30:00,260.5,1.212
2026-03-11 03:35:00,209.1,0.7
2026-03-11 03:40:00,163.3,0.941
2026-03-11 03:45:00,198.7,1.384
2026-03-11 03:50:00,217,1.093
2026-03-11 03:55:00,238.7,1.495
2026-03-11 04:00:00,256.2,1.859
2026-03-11 04:05:00,238.6,1.857
2026-03-11 04:10:00,235.7,0.936
2026-03-11 04:15:00,223.7,1.529
2026-03-11 04:20:00,193.8,1.307
2026-03-11 04:25:00,177.9,1.168
2026-03-11 04:30:00,175.9,1.367
2026-03-11 04:35:00,200.7,1.963
2026-03-11 04:40:00,228.6,1.659
2026-03-11 04:45:00,241.5,2.579
2026-03-11 04:50:00,242.2,2.535
2026-03-11 04:55:00,246,2.952
2026-03-11 05:00:00,238.1,3.196
2026-03-11 05:05:00,225.6,3.243
2026-03-11 05:10:00,217,3.777
2026-03-11 05:15:00,210.2,4.039
2026-03-11 05:20:00,214.2,3.43
2026-03-11 05:25:00,211.9,3.023
2026-03-11 05:30:00,213.1,3.324
2026-03-11 05:35:00,210.8,2.765
2026-03-11 05:40:00,206.5,2.266
2026-03-11 05:45:00,307.3,0.824
2026-03-11 05:50:00,219.4,1.12
2026-03-11 05:55:00,249.4,1.981
2026-03-11 06:00:00,254.1,1.8
2026-03-11 06:05:00,240.9,2.363
2026-03-11 06:10:00,250.1,2.101
2026-03-11 06:15:00,255.2,2.729
2026-03-11 06:20:00,258.8,2.326
2026-03-11 06:25:00,237.9,1.878
2026-03-11 06:30:00,226.4,2.252
2026-03-11 06:35:00,232.3,2.488
2026-03-11 06:40:00,241.9,1.919
2026-03-11 06:45:00,239.5,1.732
2026-03-11 06:50:00,243.8,1.926
2026-03-11 06:55:00,238.6,2.347
2026-03-11 07:00:00,233.5,2.05
2026-03-11 07:05:00,241,2.005
2026-03-11 07:10:00,241.2,2.101
2026-03-11 07:15:00,239.2,1.889
2026-03-11 07:20:00,238.7,1.469
2026-03-11 07:25:00,252.4,1.422
2026-03-11 07:30:00,251.3,1.24
2026-03-11 07:35:00,263.5,1.679
2026-03-11 07:40:00,262.1,1.69
2026-03-11 07:45:00,256.6,1.406
2026-03-11 07:50:00,266,1.11
2026-03-11 07:55:00,217.3,1.452
2026-03-11 08:00:00,231.6,1.396
2026-03-11 08:05:00,248.1,1.696
2026-03-11 08:10:00,239.3,1.664
2026-03-11 08:15:00,212.6,1.375
2026-03-11 08:20:00,205.6,1.394
2026-03-11 08:25:00,204.6,1.202
2026-03-11 08:30:00,203.8,1.105
2026-03-11 08:35:00,213.9,1.939
2026-03-11 08:40:00,225.5,1.864
2026-03-11 08:45:00,228.5,1.573
2026-03-11 08:50:00,225.3,0.635
2026-03-11 08:55:00,236.7,0.453
2026-03-11 09:00:00,243.9,0.217
2026-03-11 09:05:00,0,0
2026-03-11 09:10:00,268.5,0.268
2026-03-11 09:15:00,273.3,0.76
2026-03-11 09:20:00,283.4,0.381
2026-03-11 09:25:00,298.4,0.44
2026-03-11 09:30:00,287.4,0.494
2026-03-11 09:35:00,320.3,0.256
2026-03-11 09:40:00,336.1,0.831
2026-03-11 09:45:00,359.1,0.751
2026-03-11 09:50:00,10.47,0.455
2026-03-11 09:55:00,30.71,0.771
2026-03-11 10:00:00,31.47,0.482
2026-03-11 10:05:00,23.55,0.921
2026-03-11 10:10:00,42.46,0.823
2026-03-11 10:15:00,68.46,0.615
2026-03-11 10:20:00,87.1,0.746
2026-03-11 10:25:00,94.8,0.697
2026-03-11 10:30:00,112.5,0.434
2026-03-11 10:35:00,104.5,0.201
2026-03-11 10:40:00,36.73,0.05
2026-03-11 10:45:00,29.69,0.742
2026-03-11 10:50:00,85.2,0.328
2026-03-11 10:55:00,86.2,0.204
2026-03-11 11:00:00,107.7,0.868
2026-03-11 11:05:00,54.22,0.567
2026-03-11 11:10:00,30.44,0.736
2026-03-11 11:15:00,28.07,0.928
2026-03-11 11:20:00,47.23,0.804
2026-03-11 11:25:00,55.64,1.225
2026-03-11 11:30:00,36.78,2.021
2026-03-11 11:35:00,28.36,2.163
2026-03-11 11:40:00,61.67,1.582
2026-03-11 11:45:00,64.54,1.424
2026-03-11 11:50:00,59.6,1.599
2026-03-11 11:55:00,37.72,2.152
2026-03-11 12:00:00,61.47,1.819
2026-03-11 12:05:00,34.33,1.484
2026-03-11 12:10:00,56.24,1.652
2026-03-11 12:15:00,64.44,1.849
2026-03-11 12:20:00,35.76,1.936
2026-03-11 12:25:00,20.98,1.78
2026-03-11 12:30:00,42.58,1.873
2026-03-11 12:35:00,44.91,1.918
2026-03-11 12:40:00,35.48,1.839
2026-03-11 12:45:00,56.52,1.629
2026-03-11 12:50:00,48.7,0.451
2026-03-11 12:55:00,125.2,0.194
2026-03-11 13:00:00,123,1.334
2026-03-11 13:05:00,125.6,2.072
2026-03-11 13:10:00,92.8,1.537
2026-03-11 13:15:00,98.3,2.007
2026-03-11 13:20:00,80.1,1.249
2026-03-11 13:25:00,67.68,0.914
2026-03-11 13:30:00,45.6,1.205
2026-03-11 13:35:00,81.7,0.636
2026-03-11 13:40:00,69.41,1.532
2026-03-11 13:45:00,78.78,1.427
2026-03-11 13:50:00,52.74,1.229
2026-03-11 13:55:00,59.99,1.447
2026-03-11 14:00:00,84.7,1.259
2026-03-11 14:05:00,48,1.437
2026-03-11 14:10:00,33.51,2.817
2026-03-11 14:15:00,43.93,2.264
2026-03-11 14:20:00,14.93,1.807
2026-03-11 14:25:00,12.05,2.476
2026-03-11 14:30:00,38.46,1.684
2026-03-11 14:35:00,30.58,1.429
2026-03-11 14:40:00,22.49,0.724
2026-03-11 14:45:00,60.64,0.945
2026-03-11 14:50:00,55.12,1.251
2026-03-11 14:55:00,51.7,1.608
2026-03-11 15:00:00,95.3,0.485
2026-03-11 15:05:00,30.96,1.108
2026-03-11 15:10:00,14.91,0.489
2026-03-11 15:15:00,3.317,1.006
2026-03-11 15:20:00,358.4,0.447
2026-03-11 15:25:00,45.95,0.241
2026-03-11 15:30:00,332.4,0.676
2026-03-11 15:35:00,317.8,1.386
2026-03-11 15:40:00,343.1,1.505
2026-03-11 15:45:00,301.6,2.01
2026-03-11 15:50:00,246.6,1.792
2026-03-11 15:55:00,253.7,0.888
2026-03-11 16:00:00,219.8,0.527
2026-03-11 16:05:00,221.3,1.451
2026-03-11 16:10:00,262.8,1.104
2026-03-11 16:15:00,227.6,0.906
2026-03-11 16:20:00,211.7,1.486
2026-03-11 16:25:00,225.7,1.115
2026-03-11 16:30:00,216.7,0.827
2026-03-11 16:35:00,243.2,0.97
2026-03-11 16:40:00,251.8,0.971
2026-03-11 16:45:00,277.9,1.689
2026-03-11 16:50:00,294.4,1.584
2026-03-11 16:55:00,331,1.556
2026-03-11 17:00:00,276.4,0.674
2026-03-11 17:05:00,296,0.793
2026-03-11 17:10:00,295.7,0.84
2026-03-11 17:15:00,290.9,0.671
2026-03-11 17:20:00,268.8,0.704
2026-03-11 17:25:00,278.9,1.159
2026-03-11 17:30:00,317.9,0.772
2026-03-11 17:35:00,311.5,0.788
2026-03-11 17:40:00,320,1.361
2026-03-11 17:45:00,311.1,1.049
2026-03-11 17:50:00,327.7,0.763
2026-03-11 17:55:00,321.3,0.264
2026-03-11 18:00:00,272.5,0.194
2026-03-11 18:05:00,249.2,0.743
2026-03-11 18:10:00,245.4,0.682
2026-03-11 18:15:00,261.9,0.062
2026-03-11 18:20:00,286.3,0.602
2026-03-11 18:25:00,290.8,0.521
2026-03-11 18:30:00,283.7,0.241
2026-03-11 18:35:00,286.7,0.621
2026-03-11 18:40:00,319.2,0.798
2026-03-11 18:45:00,323.4,0.061
2026-03-11 18:50:00,302.7,0.046
2026-03-11 18:55:00,273,0.097
2026-03-11 19:00:00,272.3,0.942
2026-03-11 19:05:00,273.5,1
2026-03-11 19:10:00,259.4,1.468
2026-03-11 19:15:00,262,1.813
2026-03-11 19:20:00,250.3,1.42
2026-03-11 19:25:00,259.7,1.703
2026-03-11 19:30:00,253.6,1.526
2026-03-11 19:35:00,243.3,1.389
2026-03-11 19:40:00,238.5,1.838
2026-03-11 19:45:00,242.2,1.638
2026-03-11 19:50:00,248.5,1.364
2026-03-11 19:55:00,232.6,1.361
2026-03-11 20:00:00,233.9,1.88
2026-03-11 20:05:00,221.8,1.961
2026-03-11 20:10:00,222.2,1.277
2026-03-11 20:15:00,210.7,1.08
2026-03-11 20:20:00,209.1,1.827
2026-03-11 20:25:00,206,1.997
2026-03-11 20:30:00,200,1.588
2026-03-11 20:35:00,197.2,1.015
2026-03-11 20:40:00,204.9,1.33
2026-03-11 20:45:00,180.4,0.783
2026-03-11 20:50:00,84.8,0.951
2026-03-11 20:55:00,98.3,0.025
2026-03-11 21:00:00,209.3,0.459
2026-03-11 21:05:00,211.3,1.314
2026-03-11 21:10:00,205.3,1.354
2026-03-11 21:15:00,201.4,1.298
2026-03-11 21:20:00,206.8,1.483
2026-03-11 21:25:00,208.4,1.507
2026-03-11 21:30:00,204.3,1.366
2026-03-11 21:35:00,193.6,1.044
2026-03-11 21:40:00,204.1,1.032
2026-03-11 21:45:00,218.1,1.482
2026-03-11 21:50:00,217.3,1.951
2026-03-11 21:55:00,216.6,1.655
2026-03-11 22:00:00,209.1,0.848
2026-03-11 22:05:00,200.4,0.362
2026-03-11 22:10:00,192.4,0.632
2026-03-11 22:15:00,185.5,1.006
2026-03-11 22:20:00,182.4,0.968
2026-03-11 22:25:00,182.7,1.188
2026-03-11 22:30:00,192.9,1.173
2026-03-11 22:35:00,196.2,1.301
2026-03-11 22:40:00,182.1,1.227
2026-03-11 22:45:00,182.3,1.114
2026-03-11 22:50:00,186.4,0.779
2026-03-11 22:55:00,154.9,0.749
2026-03-11 23:00:00,166.2,0.12
2026-03-11 23:05:00,221.3,0.538
2026-03-11 23:10:00,234.8,0.669
2026-03-11 23:15:00,236.2,0.37
2026-03-11 23:20:00,264.8,0.444
2026-03-11 23:25:00,248.9,1.04
2026-03-11 23:30:00,224,1.64
2026-03-11 23:35:00,213.6,1.191
2026-03-11 23:40:00,205.2,1.071
2026-03-11 23:45:00,193.9,1.101
2026-03-11 23:50:00,164.6,0.549
2026-03-11 23:55:00,186.8,0.586
2026-03-12 00:00:00,220.6,0.667
2026-03-12 00:05:00,245.2,0.335
2026-03-12 00:10:00,232.4,0.918
2026-03-12 00:15:00,220.4,1.062
2026-03-12 00:20:00,208,1.295
2026-03-12 00:25:00,205.2,0.95
2026-03-12 00:30:00,208.4,1.292
2026-03-12 00:35:00,207.2,1.646
2026-03-12 00:40:00,205.9,2.026
2026-03-12 00:45:00,203.1,1.606
2026-03-12 00:50:00,204.7,1.746
2026-03-12 00:55:00,202.5,1.887
2026-03-12 01:00:00,204.6,1.798
2026-03-12 01:05:00,195,1.359
2026-03-12 01:10:00,199.3,1.308
2026-03-12 01:15:00,198.4,1.459
2026-03-12 01:20:00,195.2,1.436
2026-03-12 01:25:00,202.2,1.474
2026-03-12 01:30:00,202.6,1.475
2026-03-12 01:35:00,195.1,1.315
2026-03-12 01:40:00,184,0.979
2026-03-12 01:45:00,153.3,0.539
2026-03-12 01:50:00,101.1,0.384
2026-03-12 01:55:00,205.9,0.594
2026-03-12 02:00:00,207.1,0.208
2026-03-12 02:05:00,193.8,0.154
2026-03-12 02:10:00,194.4,0.349
2026-03-12 02:15:00,188.1,0.045
2026-03-12 02:20:00,190.7,0.47
2026-03-12 02:25:00,179.5,0.585
2026-03-12 02:30:00,171.3,0.573
2026-03-12 02:35:00,172.4,0.316
2026-03-12 02:40:00,183.7,1.104
2026-03-12 02:45:00,197.9,1.409
2026-03-12 02:50:00,194.4,1.495
2026-03-12 02:55:00,196.7,1.456
2026-03-12 03:00:00,185.9,1.193
2026-03-12 03:05:00,173.2,1.242
2026-03-12 03:10:00,165.3,1.431
2026-03-12 03:15:00,167.5,1.377
2026-03-12 03:20:00,172.7,1.289
2026-03-12 03:25:00,166.6,1.498
2026-03-12 03:30:00,158.6,1.415
2026-03-12 03:35:00,169.4,1.424
2026-03-12 03:40:00,175.5,1.378
2026-03-12 03:45:00,195,1.422
2026-03-12 03:50:00,186.7,1.073
2026-03-12 03:55:00,164.7,0.541
2026-03-12 04:00:00,60.31,0.184
2026-03-12 04:05:00,0.706,0.245
2026-03-12 04:10:00,303.2,1.013
2026-03-12 04:15:00,281.6,1.183
2026-03-12 04:20:00,259.8,1.296
2026-03-12 04:25:00,239.7,1.805
2026-03-12 04:30:00,230,1.692
2026-03-12 04:35:00,232.8,2.19
2026-03-12 04:40:00,227.5,1.947
2026-03-12 04:45:00,215.7,1.746
2026-03-12 04:50:00,211.7,1.771
2026-03-12 04:55:00,200.9,1.454
2026-03-12 05:00:00,190.8,0.953
2026-03-12 05:05:00,195.6,0.922
2026-03-12 05:10:00,202.6,1.442
2026-03-12 05:15:00,223.9,1.775
2026-03-12 05:20:00,243.2,1.605
2026-03-12 05:25:00,207,1.677
2026-03-12 05:30:00,179.9,2.054
2026-03-12 05:35:00,180.4,2.602
2026-03-12 05:40:00,180.6,2.411
2026-03-12 05:45:00,189.1,2.99
2026-03-12 05:50:00,188.9,2.958
2026-03-12 05:55:00,187.2,2.738
2026-03-12 06:00:00,182.5,2.046
2026-03-12 06:05:00,187.5,2.401
2026-03-12 06:10:00,176.7,1.282
2026-03-12 06:15:00,70.87,0.263
2026-03-12 06:20:00,39.13,0.345
2026-03-12 06:25:00,110.3,0.077
2026-03-12 06:30:00,115.5,0.15
2026-03-12 06:35:00,133.4,0.795
2026-03-12 06:40:00,158.7,1.318
2026-03-12 06:45:00,176.3,2.279
2026-03-12 06:50:00,170.5,2.152
2026-03-12 06:55:00,174.7,1.962
2026-03-12 07:00:00,181.7,2.232
2026-03-12 07:05:00,179.6,1.952
2026-03-12 07:10:00,175.2,2.042
2026-03-12 07:15:00,163.8,2.08
2026-03-12 07:20:00,149.6,1.844
2026-03-12 07:25:00,148.5,2.315
2026-03-12 07:30:00,157.2,2.025
2026-03-12 07:35:00,165.1,2.07
2026-03-12 07:40:00,173,2.087
2026-03-12 07:45:00,185.1,2.03
2026-03-12 07:50:00,201.1,2.317
2026-03-12 07:55:00,181.6,2.411
2026-03-12 08:00:00,178.5,2.144
2026-03-12 08:05:00,185.2,2.314
2026-03-12 08:10:00,181,1.852
2026-03-12 08:15:00,164.3,1.949
2026-03-12 08:20:00,157.9,1.97
2026-03-12 08:25:00,153.5,2.337
2026-03-12 08:30:00,148.7,1.679
2026-03-12 08:35:00,151.9,1.599
2026-03-12 08:40:00,148.2,2.122
2026-03-12 08:45:00,148.2,1.834
2026-03-12 08:50:00,158.3,1.419
2026-03-12 08:55:00,147.3,1.359
2026-03-12 09:00:00,148.1,1.465
2026-03-12 09:05:00,156.7,1.197
2026-03-12 09:10:00,164.9,0.655
2026-03-12 09:15:00,160.5,0.621
2026-03-12 09:20:00,158.3,0.907
2026-03-12 09:25:00,159.4,0.525
2026-03-12 09:30:00,149.8,0.952
2026-03-12 09:35:00,137,1.085
2026-03-12 09:40:00,128.4,0.351
2026-03-12 09:45:00,126.7,0.558
2026-03-12 09:50:00,109.8,0.076
2026-03-12 09:55:00,88.2,0.012
2026-03-12 10:00:00,131,0.009
2026-03-12 10:05:00,76.23,0.736
2026-03-12 10:10:00,96.7,0.697
2026-03-12 10:15:00,126.3,1.045
2026-03-12 10:20:00,142.9,0.814
2026-03-12 10:25:00,137.7,1.085
2026-03-12 10:30:00,126.3,0.864
2026-03-12 10:35:00,115.2,2.001
2026-03-12 10:40:00,102.1,1.039
2026-03-12 10:45:00,94.8,2.579
2026-03-12 10:50:00,101.4,2.912
2026-03-12 10:55:00,116.1,3.704
2026-03-12 11:00:00,109.8,3.447
2026-03-12 11:05:00,99.1,2.709
2026-03-12 11:10:00,96.3,3.813
2026-03-12 11:15:00,98.4,3.133
2026-03-12 11:20:00,87.9,3.335
2026-03-12 11:25:00,91.4,3.33
2026-03-12 11:30:00,98.3,2.66
2026-03-12 11:35:00,79.47,1.93
2026-03-12 11:40:00,57.11,1.805
2026-03-12 11:45:00,57.02,1.655
2026-03-12 11:50:00,21.05,0.809
2026-03-12 11:55:00,8.55,1.885
2026-03-12 12:00:00,345.6,2.508
2026-03-12 12:05:00,340.4,2.77
2026-03-12 12:10:00,335.4,2.867
2026-03-12 12:15:00,333.5,2.694
2026-03-12 12:20:00,318,2.849
2026-03-12 12:25:00,302.4,2.556
2026-03-12 12:30:00,302.4,2.556
2026-03-12 12:35:00,300.6,1.412
2026-03-12 12:40:00,280.9,1.62
2026-03-12 12:45:00,265.8,1.263
2026-03-12 12:50:00,265.3,0.957
2026-03-12 12:55:00,331.1,0.374
2026-03-12 13:00:00,311.7,1.132
2026-03-12 13:05:00,341.7,0.999
2026-03-12 13:10:00,4.242,1.241
2026-03-12 13:15:00,6.172,1.139
2026-03-12 13:20:00,10.66,0.282
2026-03-12 13:25:00,4.344,0.062
2026-03-12 13:30:00,356.3,0.053
2026-03-12 13:35:00,339.7,0.893
2026-03-12 13:40:00,324.9,0.711
2026-03-12 13:45:00,346.3,0.075
2026-03-12 13:50:00,346.7,0.514
2026-03-12 13:55:00,350.8,1.149
2026-03-12 14:00:00,357.2,1.02
2026-03-12 14:05:00,334.5,1.603
2026-03-12 14:10:00,339,1.525
2026-03-12 14:15:00,335.7,1.995
2026-03-12 14:20:00,323.8,1.857
2026-03-12 14:25:00,305.3,2.275
2026-03-12 14:30:00,303.3,1.824
2026-03-12 14:35:00,303.2,2.606
2026-03-12 14:40:00,297.2,2.141
2026-03-12 14:45:00,311.2,1.544
2026-03-12 14:50:00,295.5,1.235
2026-03-12 14:55:00,305.9,1.127
2026-03-12 15:00:00,321,1.615
2026-03-12 15:05:00,323.2,1.396
2026-03-12 15:10:00,311.5,1.3
2026-03-12 15:15:00,313.3,0.797
2026-03-12 15:20:00,298.2,0.06
2026-03-12 15:25:00,278,0.739
2026-03-12 15:30:00,355.8,0.732
2026-03-12 15:35:00,11.36,0.167
2026-03-12 15:40:00,0,0
2026-03-12 15:45:00,59.28,0.384
2026-03-12 15:50:00,43.45,0.625
2026-03-12 15:55:00,11.36,0.741
2026-03-12 16:00:00,4.865,0.414
2026-03-12 16:05:00,4.905,0.523
2026-03-12 16:10:00,15.97,0.353
2026-03-12 16:15:00,37.07,1.036
2026-03-12 16:20:00,22.26,0.69
2026-03-12 16:25:00,356.8,1.356
2026-03-12 16:30:00,331.8,1.034
2026-03-12 16:35:00,354.5,0.896
2026-03-12 16:40:00,338.5,0.614
2026-03-12 16:45:00,4.097,0.05
2026-03-12 16:50:00,60.15,1.005
2026-03-12 16:55:00,32.89,0.865
2026-03-12 17:00:00,39.88,0.55
2026-03-12 17:05:00,42.09,0.615
2026-03-12 17:10:00,60.01,1.136
2026-03-12 17:15:00,86.6,1.379
2026-03-12 17:20:00,94.8,1.038
2026-03-12 17:25:00,109,1.591
2026-03-12 17:30:00,111.8,2.33
2026-03-12 17:35:00,115.8,2.315
2026-03-12 17:40:00,126.6,1.935
2026-03-12 17:45:00,119.7,1.9
2026-03-12 17:50:00,99.2,1.656
2026-03-12 17:55:00,78.24,1.104
2026-03-12 18:00:00,88.4,0.428
2026-03-12 18:05:00,105.4,1.094
2026-03-12 18:10:00,102.9,2.105
2026-03-12 18:15:00,102.5,1.991
2026-03-12 18:20:00,112,2.924
2026-03-12 18:25:00,99.9,1.486
2026-03-12 18:30:00,78.55,0.843
2026-03-12 18:35:00,89.8,1.293
2026-03-12 18:40:00,92.3,0.974
2026-03-12 18:45:00,144.4,1.11
2026-03-12 18:50:00,123,2.393
2026-03-12 18:55:00,113,2.392
2026-03-12 19:00:00,112.1,1.833
2026-03-12 19:05:00,116.2,1.927
2026-03-12 19:10:00,120.2,1.529
2026-03-12 19:15:00,353.5,1.587
2026-03-12 19:20:00,288.4,0.988
2026-03-12 19:25:00,100.3,0.972
2026-03-12 19:30:00,106.4,1.062
2026-03-12 19:35:00,265.9,0.783
2026-03-12 19:40:00,257,0.482
2026-03-12 19:45:00,250.3,1.37
2026-03-12 19:50:00,265.4,0.418
2026-03-12 19:55:00,245.8,0.81
2026-03-12 20:00:00,262,1.664
2026-03-12 20:05:00,266.8,0.638
2026-03-12 20:10:00,240.8,1.527
2026-03-12 20:15:00,254.9,1.311
2026-03-12 20:20:00,277.7,0.784
2026-03-12 20:25:00,266,0.558
2026-03-12 20:30:00,322.7,0.677
2026-03-12 20:35:00,28.96,0.204
2026-03-12 20:40:00,231.7,0.046
2026-03-12 20:45:00,269.8,1.1
2026-03-12 20:50:00,284.7,0.629
2026-03-12 20:55:00,169.1,0.563
2026-03-12 21:00:00,182.7,1.046
2026-03-12 21:05:00,208.9,0.973
2026-03-12 21:10:00,213,1.51
2026-03-12 21:15:00,206.5,2.116
2026-03-12 21:20:00,204.4,1.827
2026-03-12 21:25:00,210.9,2.073
2026-03-12 21:30:00,202.7,1.912
2026-03-12 21:35:00,199.7,1.136
2026-03-12 21:40:00,207.5,1.203
2026-03-12 21:45:00,120.9,1.234
2026-03-12 21:50:00,169.8,0.76
2026-03-12 21:55:00,192.7,0.68
2026-03-12 22:00:00,195.6,0.211
2026-03-12 22:05:00,214.5,0.758
2026-03-12 22:10:00,165.3,0.613
2026-03-12 22:15:00,136.7,1.698
2026-03-12 22:20:00,146,1.343
2026-03-12 22:25:00,164.6,0.729
2026-03-12 22:30:00,228.7,0.5
2026-03-12 22:35:00,221.7,0.757
2026-03-12 22:40:00,224.4,0.398
2026-03-12 22:45:00,236.3,1.282
2026-03-12 22:50:00,232,1.728
2026-03-12 22:55:00,230,2.164
2026-03-12 23:00:00,236,2.454
2026-03-12 23:05:00,244.3,2.566
2026-03-12 23:10:00,241.6,2.699
2026-03-12 23:15:00,248.7,2.773
2026-03-12 23:20:00,251.9,3.099
2026-03-12 23:25:00,253.5,3.53
2026-03-12 23:30:00,245.5,3.795
2026-03-12 23:35:00,240.4,3.561
2026-03-12 23:40:00,234.1,3.757
2026-03-12 23:45:00,223.6,2.911
2026-03-12 23:50:00,218.7,2.656
2026-03-12 23:55:00,208,2.434
2026-03-13 00:00:00,211.4,2.064
2026-03-13 00:05:00,210.7,2.313
2026-03-13 00:10:00,201.9,2.339
2026-03-13 00:15:00,199.5,1.705
2026-03-13 00:20:00,200.4,2.194
2026-03-13 00:25:00,195.2,2.3
2026-03-13 00:30:00,188.5,2.134
2026-03-13 00:35:00,186.1,1.74
2026-03-13 00:40:00,194.6,2.1
2026-03-13 00:45:00,201,1.971
2026-03-13 00:50:00,192.8,2.149
2026-03-13 00:55:00,185.4,2.33
2026-03-13 01:00:00,191.6,2.548
2026-03-13 01:05:00,192.7,2.698
2026-03-13 01:10:00,188.2,2.907
2026-03-13 01:15:00,184.7,2.86
2026-03-13 01:20:00,175.8,2.463
2026-03-13 01:25:00,171.4,2.951
2026-03-13 01:30:00,164.6,2.931
2026-03-13 01:35:00,174.1,2.605
2026-03-13 01:40:00,167.1,2.441
2026-03-13 01:45:00,181,2.812
2026-03-13 01:50:00,199.2,3.126
2026-03-13 01:55:00,213.1,2.965
2026-03-13 02:00:00,220,3.207
2026-03-13 02:05:00,204.6,1.754
2026-03-13 02:10:00,192.3,2.488
2026-03-13 02:15:00,177.1,3.258
2026-03-13 02:20:00,181.8,2.878
2026-03-13 02:25:00,196.9,4.065
2026-03-13 02:30:00,206.7,4.008
2026-03-13 02:35:00,210.3,3.539
2026-03-13 02:40:00,202.8,3.114
2026-03-13 02:45:00,201.1,2.958
2026-03-13 02:50:00,217.5,3.357
2026-03-13 02:55:00,217.6,2.75
2026-03-13 03:00:00,230.5,2.789
2026-03-13 03:05:00,241,2.302
2026-03-13 03:10:00,236.3,3.262
2026-03-13 03:15:00,234.6,2.454
2026-03-13 03:20:00,239,3.091
2026-03-13 03:25:00,253.2,3.697
2026-03-13 03:30:00,287,2.475
2026-03-13 03:35:00,197.8,2.893
2026-03-13 03:40:00,229.2,1.612
2026-03-13 03:45:00,269.1,2.367
2026-03-13 03:50:00,229.1,2.765
2026-03-13 03:55:00,227.8,1.722
2026-03-13 04:00:00,213.7,2.1
2026-03-13 04:05:00,202.3,2.088
2026-03-13 04:10:00,197.5,1.942
2026-03-13 04:15:00,200.7,1.539
2026-03-13 04:20:00,208,1.474
2026-03-13 04:25:00,196.8,2.484
2026-03-13 04:30:00,179.6,1.278
2026-03-13 04:35:00,237.4,2.222
2026-03-13 04:40:00,183,1.835
2026-03-13 04:45:00,166.1,1.892
2026-03-13 04:50:00,194.3,1.924
2026-03-13 04:55:00,240.3,3.976
2026-03-13 05:00:00,192,2.991
2026-03-13 05:05:00,174.1,3.696
2026-03-13 05:10:00,180.1,3.996
2026-03-13 05:15:00,172.4,3.213
2026-03-13 05:20:00,168.5,5.492
2026-03-13 05:25:00,170.1,5.629
2026-03-13 05:30:00,176,4.562
2026-03-13 05:35:00,178.6,4.416
2026-03-13 05:40:00,176.8,4.448
2026-03-13 05:45:00,181.3,4.756
2026-03-13 05:50:00,181.6,4.471
2026-03-13 05:55:00,181.4,4.006
2026-03-13 06:00:00,175.2,5.109
2026-03-13 06:05:00,172.9,4.638
2026-03-13 06:10:00,169.1,3.771
2026-03-13 06:15:00,168.9,3.612
2026-03-13 06:20:00,162.8,4.065
2026-03-13 06:25:00,177,3.156
2026-03-13 06:30:00,200.1,2.846
2026-03-13 06:35:00,202.5,3.39
2026-03-13 06:40:00,238.5,2.808
2026-03-13 06:45:00,324.7,0.858
2026-03-13 06:50:00,351.2,0.89
2026-03-13 06:55:00,85.4,0.733
2026-03-13 07:00:00,92.3,0.698
2026-03-13 07:05:00,6.001,1.116
2026-03-13 07:10:00,300.7,0.714
2026-03-13 07:15:00,89.5,0.213
2026-03-13 07:20:00,284,0.946
2026-03-13 07:25:00,178.4,1.39
2026-03-13 07:30:00,323.3,0.976
2026-03-13 07:35:00,154.9,0.113
2026-03-13 07:40:00,224.1,1.364
2026-03-13 07:45:00,262.5,1.033
2026-03-13 07:50:00,273.6,1.216
2026-03-13 07:55:00,266.6,2.14
2026-03-13 08:00:00,265.8,1.964
2026-03-13 08:05:00,245.8,1.347
2026-03-13 08:10:00,233.5,1.662
2026-03-13 08:15:00,250.5,2.624
2026-03-13 08:20:00,260,1.654
2026-03-13 08:25:00,177.4,1.401
2026-03-13 08:30:00,149.2,0.943
2026-03-13 08:35:00,130.1,1.059
2026-03-13 08:40:00,160.4,0.87
2026-03-13 08:45:00,184.2,0.717
2026-03-13 08:50:00,79.24,0.148
2026-03-13 08:55:00,167.8,1.111
2026-03-13 09:00:00,203.2,1.267
2026-03-13 09:05:00,207.9,1.301
2026-03-13 09:10:00,225.4,0.694
2026-03-13 09:15:00,236.1,0.564
2026-03-13 09:20:00,235.6,0.965
2026-03-13 09:25:00,231.8,1.802
2026-03-13 09:30:00,286.9,1.25
2026-03-13 09:35:00,320,2.475
2026-03-13 09:40:00,297.8,1.402
2026-03-13 09:45:00,288.9,0.692
2026-03-13 09:50:00,245.7,0.736
2026-03-13 09:55:00,213.3,0.233
2026-03-13 10:00:00,110.4,0.506
2026-03-13 10:05:00,63.76,1.131
2026-03-13 10:10:00,103.8,0.72
2026-03-13 10:15:00,108.4,0.612
2026-03-13 10:20:00,333.5,1.852
2026-03-13 10:25:00,301.6,1.635
2026-03-13 10:30:00,274.2,1.633
2026-03-13 10:35:00,253.7,1.08
2026-03-13 10:40:00,245.5,1.301
2026-03-13 10:45:00,259,2.077
2026-03-13 10:50:00,253.4,1.579
2026-03-13 10:55:00,228.2,1.656
2026-03-13 11:00:00,235.5,1.645
2026-03-13 11:05:00,261,0.624
2026-03-13 11:10:00,168.4,0.857
2026-03-13 11:15:00,135.8,1.337
2026-03-13 11:20:00,132.2,1.001
2026-03-13 11:25:00,170,0.507
2026-03-13 11:30:00,167.7,0.483
2026-03-13 11:35:00,194.9,1.374
2026-03-13 11:40:00,209.4,0.553
2026-03-13 11:45:00,185.1,0.405
2026-03-13 11:50:00,188.8,0.639
2026-03-13 11:55:00,248.4,2.055
2026-03-13 12:00:00,237.8,1.954
2026-03-13 12:05:00,224.8,1.913
2026-03-13 12:10:00,219.7,2.336
2026-03-13 12:15:00,215.1,2.062
2026-03-13 12:20:00,233.3,2.937
2026-03-13 12:25:00,238.2,2.765
2026-03-13 12:30:00,221.6,2.382
2026-03-13 12:35:00,230.5,1.92
2026-03-13 12:40:00,224.6,2.941
2026-03-13 12:45:00,209.7,2.315
2026-03-13 12:50:00,209,2.26
2026-03-13 12:55:00,209.9,2.282
2026-03-13 13:00:00,206.9,2.196
2026-03-13 13:05:00,207.9,0.888
2026-03-13 13:10:00,272.5,1.674
2026-03-13 13:15:00,209.3,1.21
2026-03-13 13:20:00,131.3,1.399
2026-03-13 13:25:00,271.4,0.88
2026-03-13 13:30:00,249.8,1.732
2026-03-13 13:35:00,168.3,2.109
2026-03-13 13:40:00,128.8,3.204
2026-03-13 13:45:00,105,2.109
2026-03-13 13:50:00,20.46,1.828
2026-03-13 13:55:00,348.3,2.965
2026-03-13 14:00:00,327.9,3.124
2026-03-13 14:05:00,10.75,1.823
2026-03-13 14:10:00,162.1,2.109
2026-03-13 14:15:00,205.9,1.529
2026-03-13 14:20:00,149.5,1.652
2026-03-13 14:25:00,157.2,1.517
2026-03-13 14:30:00,137,1.215
2026-03-13 14:35:00,135.8,2.634
2026-03-13 14:40:00,146.7,2.019
2026-03-13 14:45:00,143.6,3.181
2026-03-13 14:50:00,137.4,3.992
2026-03-13 14:55:00,141.8,4.267
2026-03-13 15:00:00,156.8,1.581
2026-03-13 15:05:00,157.8,2.397
2026-03-13 15:10:00,199.9,3.208
2026-03-13 15:15:00,237.5,2.973
2026-03-13 15:20:00,232.1,2.718
2026-03-13 15:25:00,254.2,2.152
2026-03-13 15:30:00,239.9,2.631
2026-03-13 15:35:00,244.1,1.903
2026-03-13 15:40:00,205.8,2.093
2026-03-13 15:45:00,230.8,1.441
2026-03-13 15:50:00,303.9,2.065
2026-03-13 15:55:00,139.3,2.819
2026-03-13 16:00:00,153.8,2.334
2026-03-13 16:05:00,158.9,1.235
2026-03-13 16:10:00,139.8,1.937
2026-03-13 16:15:00,145.7,1.739
2026-03-13 16:20:00,170.8,0.492
2026-03-13 16:25:00,218.5,0.961
2026-03-13 16:30:00,329.9,0.581
2026-03-13 16:35:00,296.3,1.312
2026-03-13 16:40:00,286.8,0.412
2026-03-13 16:45:00,36.89,0.596
2026-03-13 16:50:00,36.09,1.402
2026-03-13 16:55:00,350.3,1.609
2026-03-13 17:00:00,274.6,0.808
2026-03-13 17:05:00,223.4,1.1
2026-03-13 17:10:00,27.35,0.652
2026-03-13 17:15:00,212.3,1.617
2026-03-13 17:20:00,117.6,1.098
2026-03-13 17:25:00,343.3,0.302
2026-03-13 17:30:00,245.6,0.389
2026-03-13 17:35:00,45.5,1.544
2026-03-13 17:40:00,322,1.569
2026-03-13 17:45:00,338.5,1.562
2026-03-13 17:50:00,342.3,1.823
2026-03-13 17:55:00,327.3,1.601
2026-03-13 18:00:00,292.9,1.871
2026-03-13 18:05:00,291,2.276
2026-03-13 18:10:00,271.9,1.877
2026-03-13 18:15:00,257,1.962
2026-03-13 18:20:00,250.6,2.378
2026-03-13 18:25:00,257.9,2.677
2026-03-13 18:30:00,247.7,1.788
2026-03-13 18:35:00,235.9,2.914
2026-03-13 18:40:00,261.2,2.289
2026-03-13 18:45:00,261.5,1.357
2026-03-13 18:50:00,250.7,2.806
2026-03-13 18:55:00,239,1.991
2026-03-13 19:00:00,233.4,2.849
2026-03-13 19:05:00,236.4,2.558
2026-03-13 19:10:00,224.9,2.34
2026-03-13 19:15:00,227,2.367
2026-03-13 19:20:00,220.3,1.611
2026-03-13 19:25:00,220.3,1.375
2026-03-13 19:30:00,211.2,1.666
2026-03-13 19:35:00,202.9,1.95
2026-03-13 19:40:00,209.6,1.295
2026-03-13 19:45:00,217.4,0.382
2026-03-13 19:50:00,0,0
2026-03-13 19:55:00,270.1,0.925
2026-03-13 20:00:00,231.2,2.42
2026-03-13 20:05:00,219.3,1.482
2026-03-13 20:10:00,220.8,2.244
2026-03-13 20:15:00,234.9,1.758
2026-03-13 20:20:00,241.7,2.269
2026-03-13 20:25:00,253.8,2.537
2026-03-13 20:30:00,257.5,2.716
2026-03-13 20:35:00,254.8,3.027
2026-03-13 20:40:00,239.2,1.966
2026-03-13 20:45:00,245.1,3.509
2026-03-13 20:50:00,237.2,2.553
2026-03-13 20:55:00,196.3,2.442
2026-03-13 21:00:00,184.2,1.264
2026-03-13 21:05:00,216.5,2.798
2026-03-13 21:10:00,200.1,2.144
2026-03-13 21:15:00,184,1.35
2026-03-13 21:20:00,143.9,0.698
2026-03-13 21:25:00,263.3,1.53
2026-03-13 21:30:00,248.7,1.71
2026-03-13 21:35:00,202.9,1.442
2026-03-13 21:40:00,160,1.406
2026-03-13 21:45:00,213.9,0.601
2026-03-13 21:50:00,207,0.529
2026-03-13 21:55:00,206.8,0.653
2026-03-13 22:00:00,234.5,1.56
2026-03-13 22:05:00,189,0.579
2026-03-13 22:10:00,191.8,1.207
2026-03-13 22:15:00,172.4,1.87
2026-03-13 22:20:00,208.6,1.556
2026-03-13 22:25:00,190.4,1.039
2026-03-13 22:30:00,219.3,0.102
2026-03-13 22:35:00,250.1,2.548
2026-03-13 22:40:00,242.6,2.614
2026-03-13 22:45:00,237,2.269
2026-03-13 22:50:00,229.1,2.693
2026-03-13 22:55:00,227.3,2.456
2026-03-13 23:00:00,224,3.694
2026-03-13 23:05:00,203.9,3.395
2026-03-13 23:10:00,221.3,3.474
2026-03-13 23:15:00,206.5,2.198
2026-03-13 23:20:00,214.3,1.597
2026-03-13 23:25:00,217.2,1.104
2026-03-13 23:30:00,229.1,2.168
2026-03-13 23:35:00,203.8,1.519
2026-03-13 23:40:00,181,1.646
2026-03-13 23:45:00,153.5,1.837
2026-03-13 23:50:00,144.7,0.644
2026-03-13 23:55:00,211,0.943
2026-03-14 00:00:00,229.5,2.039
2026-03-14 00:05:00,232,1.133
2026-03-14 00:10:00,286.8,1.22
2026-03-14 00:15:00,267.4,2.596
2026-03-14 00:20:00,260.8,2.316
2026-03-14 00:25:00,262.9,3.219
2026-03-14 00:30:00,273,1.079
2026-03-14 00:35:00,252.3,3.421
2026-03-14 00:40:00,251,2.792
2026-03-14 00:45:00,216.5,2.586
2026-03-14 00:50:00,238.9,3.863
2026-03-14 00:55:00,230.3,1.185
2026-03-14 01:00:00,313.9,2.811
2026-03-14 01:05:00,137.1,2.64
2026-03-14 01:10:00,180.5,0.98
2026-03-14 01:15:00,135.1,1.204
2026-03-14 01:20:00,137.6,1.428
2026-03-14 01:25:00,155.2,2.194
2026-03-14 01:30:00,125.5,1.6
2026-03-14 01:35:00,260.2,1.113
2026-03-14 01:40:00,228.5,1.769
2026-03-14 01:45:00,199,0.74
2026-03-14 01:50:00,153.8,1.721
2026-03-14 01:55:00,133.1,3.07
2026-03-14 02:00:00,161.9,2.068
2026-03-14 02:05:00,173,2.023
2026-03-14 02:10:00,306.4,2.967
2026-03-14 02:15:00,316.5,2.978
2026-03-14 02:20:00,281.7,1.772
2026-03-14 02:25:00,231.2,1.318
2026-03-14 02:30:00,231.4,2.51
2026-03-14 02:35:00,234.6,2.243
2026-03-14 02:40:00,196.3,2.072
2026-03-14 02:45:00,153.1,3.21
2026-03-14 02:50:00,197,3.474
2026-03-14 02:55:00,199,2.888
2026-03-14 03:00:00,152.8,2.648
2026-03-14 03:05:00,140.6,1.862
2026-03-14 03:10:00,173.9,3.001
2026-03-14 03:15:00,183.7,1.886
2026-03-14 03:20:00,154.4,3.109
2026-03-14 03:25:00,175.6,2.046
2026-03-14 03:30:00,183.6,2.584
2026-03-14 03:35:00,159.2,2.016
2026-03-14 03:40:00,176.7,2.18
2026-03-14 03:45:00,188.8,2.514
2026-03-14 03:50:00,209.1,1.84
2026-03-14 03:55:00,230.7,1.257
2026-03-14 04:00:00,136.8,0.829
2026-03-14 04:05:00,174.6,0.949
2026-03-14 04:10:00,201.4,2.571
2026-03-14 04:15:00,218.6,4.536
2026-03-14 04:20:00,223.3,4.238
2026-03-14 04:25:00,221.9,2.583
2026-03-14 04:30:00,234.6,3.436
2026-03-14 04:35:00,235.8,3.13
2026-03-14 04:40:00,246.5,3.037
2026-03-14 04:45:00,218.4,3.157
2026-03-14 04:50:00,222.3,2.078
2026-03-14 04:55:00,228.3,1.402
2026-03-14 05:00:00,276.7,1.933
2026-03-14 05:05:00,182.4,0.893
2026-03-14 05:10:00,125.8,2.258
2026-03-14 05:15:00,122,2.837
2026-03-14 05:20:00,61.3,2.889
2026-03-14 05:25:00,121.5,3.952
2026-03-14 05:30:00,116.2,4.42
2026-03-14 05:35:00,342.2,2.935
2026-03-14 05:40:00,270.2,3.287
2026-03-14 05:45:00,205,3.222
2026-03-14 05:50:00,181.4,3.663
2026-03-14 05:55:00,160.1,3.757
2026-03-14 06:00:00,138.2,3.448
2026-03-14 06:05:00,151.2,3.762
2026-03-14 06:10:00,212.2,5.828
2026-03-14 06:15:00,215.8,5.409
2026-03-14 06:20:00,196.8,3.506
2026-03-14 06:25:00,169,3.028
2026-03-14 06:30:00,159.8,3.925
2026-03-14 06:35:00,172.4,4.027
2026-03-14 06:40:00,239.5,5.163
2026-03-14 06:45:00,280.6,3.474
2026-03-14 06:50:00,226.6,3.992
2026-03-14 06:55:00,255.8,3.49
2026-03-14 07:00:00,217.5,2.31
2026-03-14 07:05:00,184.6,0.901
2026-03-14 07:10:00,278.3,1.267
2026-03-14 07:15:00,283.8,2.372
2026-03-14 07:20:00,268.2,1.479
2026-03-14 07:25:00,224.3,1.335
2026-03-14 07:30:00,201.8,1.542
2026-03-14 07:35:00,233.3,2.7
2026-03-14 07:40:00,264.7,1.211
2026-03-14 07:45:00,276.6,1.476
2026-03-14 07:50:00,293.9,1.325
2026-03-14 07:55:00,5.125,1.446
2026-03-14 08:00:00,100.6,0.479
2026-03-14 08:05:00,49.97,1.017
2026-03-14 08:10:00,235.6,0.456
2026-03-14 08:15:00,285.2,1.743
2026-03-14 08:20:00,215.2,1.338
2026-03-14 08:25:00,220.6,0.843
2026-03-14 08:30:00,226.7,0.279
2026-03-14 08:35:00,314.9,1.916
2026-03-14 08:40:00,16.07,1.698
2026-03-14 08:45:00,59.34,0.873
2026-03-14 08:50:00,46.46,1.552
2026-03-14 08:55:00,302,1.702
2026-03-14 09:00:00,281.7,4.156
2026-03-14 09:05:00,227.6,3.094
2026-03-14 09:10:00,339,3.605
2026-03-14 09:15:00,296,3.09
2026-03-14 09:20:00,223.9,1.591
2026-03-14 09:25:00,17.57,1.627
2026-03-14 09:30:00,293.2,1.179
2026-03-14 09:35:00,226.6,1.807
2026-03-14 09:40:00,186.9,2.194
2026-03-14 09:45:00,293.8,2.168
2026-03-14 09:50:00,281.3,3.333
2026-03-14 09:55:00,285.3,1.96
2026-03-14 10:00:00,279.5,3.311
2026-03-14 10:05:00,282.4,2.647
2026-03-14 10:10:00,248.8,2.993
2026-03-14 10:15:00,264.3,2.775
2026-03-14 10:20:00,282.6,2.616
2026-03-14 10:25:00,328.3,2.518
2026-03-14 10:30:00,310.7,2.53
2026-03-14 10:35:00,295.1,3.5
2026-03-14 10:40:00,299.1,2.396
2026-03-14 10:45:00,302.4,3.472
2026-03-14 10:50:00,291.1,2.999
2026-03-14 10:55:00,288.7,1.454
2026-03-14 11:00:00,319.4,1.622
2026-03-14 11:05:00,329.1,1.731
2026-03-14 11:10:00,328.7,1.032
2026-03-14 11:15:00,152.4,1.568
2026-03-14 11:20:00,174.4,1.488
2026-03-14 11:25:00,131.5,3.36
2026-03-14 11:30:00,182.2,2.837
2026-03-14 11:35:00,138.3,2.338
2026-03-14 11:40:00,253.3,0.901
2026-03-14 11:45:00,173.9,1.123
2026-03-14 11:50:00,91.9,1.468
2026-03-14 11:55:00,37.19,0.278
2026-03-14 12:00:00,65.54,0.542
2026-03-14 12:05:00,129.9,1.463
2026-03-14 12:10:00,145,1.509
2026-03-14 12:15:00,332.8,0.286
2026-03-14 12:20:00,333.3,0.667
2026-03-14 12:25:00,270.7,0.276
2026-03-14 12:30:00,77.66,0.894
2026-03-14 12:35:00,351.3,1.037
2026-03-14 12:40:00,17.13,1.04
2026-03-14 12:45:00,15.96,0.217
2026-03-14 12:50:00,29.37,1.082
2026-03-14 12:55:00,5.035,1.597
2026-03-14 13:00:00,44.29,1.447
2026-03-14 13:05:00,14.98,1.4
2026-03-14 13:10:00,30.56,1.027
2026-03-14 13:15:00,295.9,1.067
2026-03-14 13:20:00,166.1,0.783
2026-03-14 13:25:00,77.03,0.962
2026-03-14 13:30:00,332.5,1.293
2026-03-14 13:35:00,10.36,1.1
2026-03-14 13:40:00,337.2,1.534
2026-03-14 13:45:00,308.1,1.942
2026-03-14 13:50:00,319.1,1.086
2026-03-14 13:55:00,245.6,0.83
2026-03-14 14:00:00,276.7,1.422
2026-03-14 14:05:00,302.8,1.085
2026-03-14 14:10:00,317.9,0.614
2026-03-14 14:15:00,329.9,1.204
2026-03-14 14:20:00,358.7,0.841
2026-03-14 14:25:00,300.3,0.537
2026-03-14 14:30:00,327.3,1.862
2026-03-14 14:35:00,347.6,1.785
2026-03-14 14:40:00,337.1,2.392
2026-03-14 14:45:00,332.3,1.359
2026-03-14 14:50:00,322.4,2.006
2026-03-14 14:55:00,306.9,1.99
2026-03-14 15:00:00,281.9,1.593
2026-03-14 15:05:00,314.4,1.243
2026-03-14 15:10:00,262.5,1.693
2026-03-14 15:15:00,326.5,0.987
2026-03-14 15:20:00,206.4,0.656
2026-03-14 15:25:00,315.6,0.565
2026-03-14 15:30:00,343.7,0.822
2026-03-14 15:35:00,30.35,1.086
2026-03-14 15:40:00,34.36,0.225
2026-03-14 15:45:00,232.4,0.147
2026-03-14 15:50:00,104.4,0.409
2026-03-14 15:55:00,100.3,1.151
2026-03-14 16:00:00,17.12,1.151
2026-03-14 16:05:00,9.72,1.394
2026-03-14 16:10:00,11.78,0.92
2026-03-14 16:15:00,327.5,0.025
2026-03-14 16:20:00,299.1,1.526
2026-03-14 16:25:00,297.3,2.359
2026-03-14 16:30:00,285.9,1.263
2026-03-14 16:35:00,42.05,0.964
2026-03-14 16:40:00,15.91,0.59
2026-03-14 16:45:00,254.7,2.239
2026-03-14 16:50:00,276.7,2.505
2026-03-14 16:55:00,309.2,3.436
2026-03-14 17:00:00,292.5,3.051
2026-03-14 17:05:00,311.4,2.021
2026-03-14 17:10:00,272.3,2.98
2026-03-14 17:15:00,254.7,2.239
2026-03-14 17:20:00,258.2,2.196
2026-03-14 17:25:00,278.9,2.127
2026-03-14 17:30:00,268.6,3.149
2026-03-14 17:35:00,237.3,2.114
2026-03-14 17:40:00,211.9,2.37
2026-03-14 17:45:00,337.3,0.901
2026-03-14 17:50:00,199.1,1.449
2026-03-14 17:55:00,102.5,0.783
2026-03-14 18:00:00,99.7,0.225
2026-03-14 18:05:00,134.5,1.527
2026-03-14 18:10:00,262.4,0.817
2026-03-14 18:15:00,58.18,0.948
2026-03-14 18:20:00,124.7,2.402
2026-03-14 18:25:00,130.1,2.551
2026-03-14 18:30:00,139.8,3.224
2026-03-14 18:35:00,127.3,3.108
2026-03-14 18:40:00,148.9,3.722
2026-03-14 18:45:00,134.7,2.227
2026-03-14 18:50:00,118.8,2.519
2026-03-14 18:55:00,138.2,2.825
2026-03-14 19:00:00,125.6,3.305
2026-03-14 19:05:00,138.2,3.112
2026-03-14 19:10:00,139.1,2.833
2026-03-14 19:15:00,117.4,2.256
2026-03-14 19:20:00,75.63,1.75
2026-03-14 19:25:00,61.17,0.465
2026-03-14 19:30:00,96.8,1.82
2026-03-14 19:35:00,81.1,1.062
2026-03-14 19:40:00,317.6,0.763
2026-03-14 19:45:00,282.8,0.796
2026-03-14 19:50:00,287.7,0.303
2026-03-14 19:55:00,79.51,0.38
2026-03-14 20:00:00,78.07,0.031
2026-03-14 20:05:00,224.2,0.654
2026-03-14 20:10:00,265.8,1.724
2026-03-14 20:15:00,264.9,1.674
2026-03-14 20:20:00,262.3,1.503
2026-03-14 20:25:00,237.5,2.07
2026-03-14 20:30:00,237.3,2.951
2026-03-14 20:35:00,230.4,1.912
2026-03-14 20:40:00,238.6,1.25
2026-03-14 20:45:00,258.1,1.976
2026-03-14 20:50:00,258.1,1.354
2026-03-14 20:55:00,293.7,1.962
2026-03-14 21:00:00,264,1.519
2026-03-14 21:05:00,236.4,1.246
2026-03-14 21:10:00,172.5,1.28
2026-03-14 21:15:00,107.3,0.712
2026-03-14 21:20:00,147.2,0.629
2026-03-14 21:25:00,222,1.478
2026-03-14 21:30:00,316,0.914
2026-03-14 21:35:00,105.1,0.886
2026-03-14 21:40:00,114.7,0.104
2026-03-14 21:45:00,107.2,0.613
2026-03-14 21:50:00,87.3,1.361
2026-03-14 21:55:00,119,1.691
2026-03-14 22:00:00,99.6,1.122
2026-03-14 22:05:00,109.9,1.479
2026-03-14 22:10:00,144.4,1.081
2026-03-14 22:15:00,117.6,0.896
2026-03-14 22:20:00,147.3,2.148
2026-03-14 22:25:00,137.1,2.565
2026-03-14 22:30:00,125.8,3.289
2026-03-14 22:35:00,186.6,1.099
2026-03-14 22:40:00,202.9,0.737
2026-03-14 22:45:00,202.8,0.055
2026-03-14 22:50:00,34.28,0.125
2026-03-14 22:55:00,282.2,0.78
2026-03-14 23:00:00,331,1.438
2026-03-14 23:05:00,7.204,1.337
2026-03-14 23:10:00,16.37,0.651
2026-03-14 23:15:00,329,1.203
2026-03-14 23:20:00,11.29,1.13
2026-03-14 23:25:00,10.76,1.474
2026-03-14 23:30:00,342,0.122
2026-03-14 23:35:00,138,0.978
2026-03-14 23:40:00,100.3,1.903
2026-03-14 23:45:00,192.4,0.69
2026-03-14 23:50:00,62.77,2.023
2026-03-14 23:55:00,92,1.221
2026-03-15 00:00:00,72.98,1.744
2026-03-15 00:05:00,62.13,0.732
2026-03-15 00:10:00,166,0.926
2026-03-15 00:15:00,152.5,0.909
2026-03-15 00:20:00,142,0.938
2026-03-15 00:25:00,45.39,1.184
2026-03-15 00:30:00,325.8,1.558
2026-03-15 00:35:00,152,1.214
2026-03-15 00:40:00,270.3,0.878
2026-03-15 00:45:00,232.9,0.969
2026-03-15 00:50:00,278.2,0.757
2026-03-15 00:55:00,347.8,1.055
2026-03-15 01:00:00,34.12,0.716
2026-03-15 01:05:00,170.9,0.87
2026-03-15 01:10:00,104.6,0.619
2026-03-15 01:15:00,97.4,1.415
2026-03-15 01:20:00,144.9,1.536
2026-03-15 01:25:00,80.2,0.953
2026-03-15 01:30:00,260,1.283
2026-03-15 01:35:00,220.7,0.204
2026-03-15 01:40:00,96.9,0.026
2026-03-15 01:45:00,97.7,1.112
2026-03-15 01:50:00,210,0.391
2026-03-15 01:55:00,245.5,0.385
2026-03-15 02:00:00,138.3,2.174
2026-03-15 02:05:00,127.3,3.444
2026-03-15 02:10:00,153,1.985
2026-03-15 02:15:00,144.5,1.559
2026-03-15 02:20:00,114.1,2.906
2026-03-15 02:25:00,118.5,2.637
2026-03-15 02:30:00,112.1,2.085
2026-03-15 02:35:00,120.7,2.281
2026-03-15 02:40:00,121.2,1.235
2026-03-15 02:45:00,139.8,1.765
2026-03-15 02:50:00,115.6,1.137
2026-03-15 02:55:00,175.6,0.442
2026-03-15 03:00:00,94,1.13
2026-03-15 03:05:00,80.6,0.665
2026-03-15 03:10:00,125,0.694
2026-03-15 03:15:00,112.6,2.009
2026-03-15 03:20:00,115.3,1.443
2026-03-15 03:25:00,98.7,1.673
2026-03-15 03:30:00,76.64,0.553
2026-03-15 03:35:00,156.2,0.262
2026-03-15 03:40:00,108.7,0.541
2026-03-15 03:45:00,149.4,0.246
2026-03-15 03:50:00,58.48,0.241
2026-03-15 03:55:00,11.98,0.147
2026-03-15 04:00:00,58.23,0.17
2026-03-15 04:05:00,0,0
2026-03-15 04:10:00,290,0.771
2026-03-15 04:15:00,311.2,0.449
2026-03-15 04:20:00,22.48,0.375
2026-03-15 04:25:00,16.3,0.564
2026-03-15 04:30:00,331.7,0.368
2026-03-15 04:35:00,34.23,0.052
2026-03-15 04:40:00,60.68,0.356
2026-03-15 04:45:00,82.6,0.302
2026-03-15 04:50:00,329.1,0.276
2026-03-15 04:55:00,312.5,1.135
2026-03-15 05:00:00,295.2,0.999
2026-03-15 05:05:00,277.1,0.728
2026-03-15 05:10:00,287.6,0.67
2026-03-15 05:15:00,340.9,0.946
2026-03-15 05:20:00,353.2,0.947
2026-03-15 05:25:00,351.4,1.245
2026-03-15 05:30:00,162.3,0.611
2026-03-15 05:35:00,98.4,0.933
2026-03-15 05:40:00,111.3,0.188
2026-03-15 05:45:00,99.5,0.347
2026-03-15 05:50:00,9.43,0.753
2026-03-15 05:55:00,0.766,0.407
2026-03-15 06:00:00,36.64,0.105
2026-03-15 06:05:00,100.4,1.032
2026-03-15 06:10:00,126.1,0.376
2026-03-15 06:15:00,215.2,0.047
2026-03-15 06:20:00,174.7,0.36
2026-03-15 06:25:00,174.8,0.202
2026-03-15 06:30:00,223,0.016
2026-03-15 06:35:00,0,0
2026-03-15 06:40:00,278,0.251
2026-03-15 06:45:00,5.878,0.017
2026-03-15 06:50:00,0,0
2026-03-15 06:55:00,72.23,0.112
2026-03-15 07:00:00,195.2,0.161
2026-03-15 07:05:00,168.2,0.905
2026-03-15 07:10:00,125.4,1.56
2026-03-15 07:15:00,148.8,1.012
2026-03-15 07:20:00,140.2,1.198
2026-03-15 07:25:00,126.7,1.466
2026-03-15 07:30:00,158.7,1.158
2026-03-15 07:35:00,143.5,1.58
2026-03-15 07:40:00,149.4,0.952
2026-03-15 07:45:00,156.7,1.812
2026-03-15 07:50:00,124.2,2.401
2026-03-15 07:55:00,160.2,1.091
2026-03-15 08:00:00,211.7,0.64
2026-03-15 08:05:00,192.4,1.019
2026-03-15 08:10:00,169.7,1.574
2026-03-15 08:15:00,187,1.452
2026-03-15 08:20:00,175.3,0.515
2026-03-15 08:25:00,7.865,0.686
2026-03-15 08:30:00,358.2,1.271
2026-03-15 08:35:00,311,0.879
2026-03-15 08:40:00,242.8,0.91
2026-03-15 08:45:00,200.4,1.559
2026-03-15 08:50:00,242.9,1.067
2026-03-15 08:55:00,228.8,1.519
2026-03-15 09:00:00,195,1.568
2026-03-15 09:05:00,182.8,1.325
2026-03-15 09:10:00,184.8,1.025
2026-03-15 09:15:00,177.5,0.92
2026-03-15 09:20:00,164.1,1.373
2026-03-15 09:25:00,137.2,3.151
2026-03-15 09:30:00,126.5,3.719
2026-03-15 09:35:00,125.2,2.944
2026-03-15 09:40:00,131.8,3.439
2026-03-15 09:45:00,130.6,1.936
2026-03-15 09:50:00,105.9,2.524
2026-03-15 09:55:00,122.2,1.773
2026-03-15 10:00:00,107.5,2.978
2026-03-15 10:05:00,96,2.132
2026-03-15 10:10:00,89.8,1.11
2026-03-15 10:15:00,75.15,1.217
2026-03-15 10:20:00,81.8,0.845
2026-03-15 10:25:00,76.3,1.068
2026-03-15 10:30:00,120.1,2.285
2026-03-15 10:35:00,119.2,2.259
2026-03-15 10:40:00,126.6,2.783
2026-03-15 10:45:00,126.9,2.066
2026-03-15 10:50:00,145.3,2.379
2026-03-15 10:55:00,131.2,2.198
2026-03-15 11:00:00,139,2.395
2026-03-15 11:05:00,141.6,3.213
2026-03-15 11:10:00,152.1,2.595
2026-03-15 11:15:00,159.1,1.134
2026-03-15 11:20:00,164.4,0.238
2026-03-15 11:25:00,90.2,1.391
2026-03-15 11:30:00,115.9,2.281
2026-03-15 11:35:00,128.2,2.508
2026-03-15 11:40:00,153.4,0.657
2026-03-15 11:45:00,210,1.078
2026-03-15 11:50:00,125.2,0.601
2026-03-15 11:55:00,11.42,0.917
2026-03-15 12:00:00,2.134,1.237
2026-03-15 12:05:00,349.4,2.678
2026-03-15 12:10:00,355,1.521
2026-03-15 12:15:00,19.97,1.55
2026-03-15 12:20:00,55.64,1.381
2026-03-15 12:25:00,76.53,1.082
2026-03-15 12:30:00,70.6,1.161
2026-03-15 12:35:00,32.73,1.129
2026-03-15 12:40:00,50.74,1.493
2026-03-15 12:45:00,71.69,1.853
2026-03-15 12:50:00,53.7,1.338
2026-03-15 12:55:00,61.28,1.775
2026-03-15 13:00:00,71.62,0.988
2026-03-15 13:05:00,60.97,0.544
2026-03-15 13:10:00,99,0.944
2026-03-15 13:15:00,108,1.688
2026-03-15 13:20:00,119.3,0.746
2026-03-15 13:25:00,80,0.675
2026-03-15 13:30:00,91.2,0.965
2026-03-15 13:35:00,54.37,0.377
2026-03-15 13:40:00,89.7,0.985
2026-03-15 13:45:00,97.5,1.231
2026-03-15 13:50:00,107.4,1.027
2026-03-15 13:55:00,106.2,1.763
2026-03-15 14:00:00,118.1,1.213
2026-03-15 14:05:00,129.6,1.182
2026-03-15 14:10:00,124.1,1.437
2026-03-15 14:15:00,116.9,1.366
2026-03-15 14:20:00,84.6,1.308
2026-03-15 14:25:00,118.2,2.409
2026-03-15 14:30:00,120.2,2.739
2026-03-15 14:35:00,142.7,1.594
2026-03-15 14:40:00,58.62,0.723
2026-03-15 14:45:00,144.2,0.904
2026-03-15 14:50:00,150,2.552
2026-03-15 14:55:00,139.8,1.564
2026-03-15 15:00:00,146.1,2.189
2026-03-15 15:05:00,169.8,1.522
2026-03-15 15:10:00,169.1,1.805
2026-03-15 15:15:00,156.6,1.307
2026-03-15 15:20:00,158.6,1.201
2026-03-15 15:25:00,132,1.279
2026-03-15 15:30:00,138.7,1.921
2026-03-15 15:35:00,142.6,1.238
2026-03-15 15:40:00,100.9,1.174
2026-03-15 15:45:00,67.24,0.738
2026-03-15 15:50:00,76.57,2.058
2026-03-15 15:55:00,85.8,1.268
2026-03-15 16:00:00,93.6,1.68
2026-03-15 16:05:00,111.2,0.893
2026-03-15 16:10:00,76.17,1.573
2026-03-15 16:15:00,102,1.655
2026-03-15 16:20:00,329.5,0.856
2026-03-15 16:25:00,328.6,0.518
2026-03-15 16:30:00,53.61,0.445
2026-03-15 16:35:00,358.3,0.887
2026-03-15 16:40:00,69.55,1.278
2026-03-15 16:45:00,112,1.748
2026-03-15 16:50:00,153.6,1.847
2026-03-15 16:55:00,147.2,2.247
2026-03-15 17:00:00,146.7,1.482
2026-03-15 17:05:00,149.3,1.852
2026-03-15 17:10:00,121.4,1.267
2026-03-15 17:15:00,137.9,1.933
2026-03-15 17:20:00,123.6,0.606
2026-03-15 17:25:00,126,0.458
2026-03-15 17:30:00,107.7,1.721
2026-03-15 17:35:00,20.34,0.931
2026-03-15 17:40:00,121.3,0.663
2026-03-15 17:45:00,138.9,1.37
2026-03-15 17:50:00,321.4,1.135
2026-03-15 17:55:00,249.2,1.18
2026-03-15 18:00:00,244,0.479
2026-03-15 18:05:00,229.5,0.684
2026-03-15 18:10:00,196.2,1.364
2026-03-15 18:15:00,131,0.911
2026-03-15 18:20:00,163.9,0.763
2026-03-15 18:25:00,203.4,0.335
2026-03-15 18:30:00,187.2,0.398
2026-03-15 18:35:00,203.4,0.603
2026-03-15 18:40:00,168.5,0.693
2026-03-15 18:45:00,164.7,0.467
2026-03-15 18:50:00,132.5,0.412
2026-03-15 18:55:00,90.6,0.258
2026-03-15 19:00:00,245.5,0.042
2026-03-15 19:05:00,221.5,0.474
2026-03-15 19:10:00,233.9,0.242
2026-03-15 19:15:00,300.8,1.753
2026-03-15 19:20:00,319,2.334
2026-03-15 19:25:00,280.5,1.612
2026-03-15 19:30:00,282,1.591
2026-03-15 19:35:00,255.1,0.59
2026-03-15 19:40:00,247.6,0.568
2026-03-15 19:45:00,262.1,1.793
2026-03-15 19:50:00,299,2.081
2026-03-15 19:55:00,290.9,2.273
2026-03-15 20:00:00,321.2,2.375
2026-03-15 20:05:00,309.8,1.245
2026-03-15 20:10:00,302.8,0.797
2026-03-15 20:15:00,314.6,0.923
2026-03-15 20:20:00,279.4,0.631
2026-03-15 20:25:00,308.2,1.129
2026-03-15 20:30:00,304,1.522
2026-03-15 20:35:00,292.9,1.243
2026-03-15 20:40:00,313.5,2.075
2026-03-15 20:45:00,320.3,2.041
2026-03-15 20:50:00,317.7,1.553
2026-03-15 20:55:00,327.6,0.563
2026-03-15 21:00:00,322.5,0.499
2026-03-15 21:05:00,353.7,0.869
2026-03-15 21:10:00,10.32,0.32
2026-03-15 21:15:00,8.15,0.356
2026-03-15 21:20:00,21.92,0.199
2026-03-15 21:25:00,32.19,0.093
2026-03-15 21:30:00,43.51,0.025
2026-03-15 21:35:00,42.55,0.005
2026-03-15 21:40:00,0,0
2026-03-15 21:45:00,0,0
2026-03-15 21:50:00,275.6,0.157
2026-03-15 21:55:00,284.5,0.313
2026-03-15 22:00:00,0,0
2026-03-15 22:05:00,0,0
2026-03-15 22:10:00,284.2,0.549
2026-03-15 22:15:00,284.6,0.521
2026-03-15 22:20:00,251.7,0.257
2026-03-15 22:25:00,260.5,0.712
2026-03-15 22:30:00,318.6,0.558
2026-03-15 22:35:00,290.9,0.111
2026-03-15 22:40:00,291.6,0.013
2026-03-15 22:45:00,293,0.003
2026-03-15 22:50:00,133,0.391
2026-03-15 22:55:00,148.1,0.54
2026-03-15 23:00:00,310.3,0.572
2026-03-15 23:05:00,5.322,0.752
2026-03-15 23:10:00,179.6,0.247
2026-03-15 23:15:00,158,1.207
2026-03-15 23:20:00,157.1,1.743
2026-03-15 23:25:00,158.6,1.977
2026-03-15 23:30:00,157.3,2.267
2026-03-15 23:35:00,153.3,2.738
2026-03-15 23:40:00,148.4,2.366
2026-03-15 23:45:00,148.5,1.585
2026-03-15 23:50:00,111.1,1.116
2026-03-15 23:55:00,91.5,1.908
2026-03-16 00:00:00,91.9,1.794
2026-03-16 00:05:00,122,1.232
2026-03-16 00:10:00,122.2,2.7
2026-03-16 00:15:00,131.8,2.856
2026-03-16 00:20:00,141.3,3.303
2026-03-16 00:25:00,144.6,2.863
2026-03-16 00:30:00,150.5,2.788
2026-03-16 00:35:00,153.3,3.595
2026-03-16 00:40:00,164,3.373
2026-03-16 00:45:00,167.6,2.725
2026-03-16 00:50:00,171,2.158
2026-03-16 00:55:00,163.7,2.75
2026-03-16 01:00:00,159.4,2.013
2026-03-16 01:05:00,154.8,1.947
2026-03-16 01:10:00,147.5,1.578
2026-03-16 01:15:00,118,1.422
2026-03-16 01:20:00,119.3,1.492
2026-03-16 01:25:00,146.3,1.855
2026-03-16 01:30:00,146.1,2.581
2026-03-16 01:35:00,139.3,3.443
2026-03-16 01:40:00,152.5,1.936
2026-03-16 01:45:00,135.7,0.462
2026-03-16 01:50:00,153.5,0.69
2026-03-16 01:55:00,154.2,0.414
2026-03-16 02:00:00,280.6,0.275
2026-03-16 02:05:00,240.3,1.167
2026-03-16 02:10:00,229,1.709
2026-03-16 02:15:00,231.7,2.199
2026-03-16 02:20:00,211.1,1.96
2026-03-16 02:25:00,201.8,1.301
2026-03-16 02:30:00,108.4,1.725
2026-03-16 02:35:00,150.4,1.68
2026-03-16 02:40:00,194.7,1.992
2026-03-16 02:45:00,204.8,1.673
2026-03-16 02:50:00,212.1,1.562
2026-03-16 02:55:00,327,1.415
2026-03-16 03:00:00,256.1,1.075
2026-03-16 03:05:00,260.7,1.665
2026-03-16 03:10:00,245.3,2.036
2026-03-16 03:15:00,232.2,1.253
2026-03-16 03:20:00,179.8,0.718
2026-03-16 03:25:00,147.4,1.649
2026-03-16 03:30:00,140.1,0.814
2026-03-16 03:35:00,124.3,0.258
2026-03-16 03:40:00,226.8,0.85
2026-03-16 03:45:00,237.8,1.12
2026-03-16 03:50:00,270.8,0.38
2026-03-16 03:55:00,212,0.927
2026-03-16 04:00:00,195.7,0.763
2026-03-16 04:05:00,211,1.365
2026-03-16 04:10:00,195.8,1.115
2026-03-16 04:15:00,166.2,1.084
2026-03-16 04:20:00,186.7,1.682
2026-03-16 04:25:00,187,1.454
2026-03-16 04:30:00,183,1.437
2026-03-16 04:35:00,191.3,1.279
2026-03-16 04:40:00,189.5,1.181
2026-03-16 04:45:00,187.7,0.74
2026-03-16 04:50:00,200.7,1.577
2026-03-16 04:55:00,199.6,1.279
2026-03-16 05:00:00,205.2,1.184
2026-03-16 05:05:00,197.7,0.944
2026-03-16 05:10:00,222.2,2.774
2026-03-16 05:15:00,230.9,2.554
2026-03-16 05:20:00,227.2,1.933
2026-03-16 05:25:00,225.7,1.249
2026-03-16 05:30:00,201.4,1.189
2026-03-16 05:35:00,253.7,0.982
2026-03-16 05:40:00,305.5,1.155
2026-03-16 05:45:00,327.6,1.131
2026-03-16 05:50:00,273.2,1.493
2026-03-16 05:55:00,267.1,0.865
2026-03-16 06:00:00,251.8,1.664
2026-03-16 06:05:00,290.2,1.337
2026-03-16 06:10:00,262.1,1.395
2026-03-16 06:15:00,266,0.844
2026-03-16 06:20:00,278.5,0.782
2026-03-16 06:25:00,298.6,0.778
2026-03-16 06:30:00,286.2,0.832
2026-03-16 06:35:00,281.3,0.779
2026-03-16 06:40:00,277.9,0.104
2026-03-16 06:45:00,308.8,0.396
2026-03-16 06:50:00,294.1,0.092
2026-03-16 06:55:00,289.9,0.103
2026-03-16 07:00:00,280.4,0.167
2026-03-16 07:05:00,143.7,0.289
2026-03-16 07:10:00,143.3,0.649
2026-03-16 07:15:00,135.7,1.024
2026-03-16 07:20:00,152.2,1.667
2026-03-16 07:25:00,189.8,1.872
2026-03-16 07:30:00,195.6,1.968
2026-03-16 07:35:00,199.4,0.911
2026-03-16 07:40:00,37.54,0.553
2026-03-16 07:45:00,45.34,0.952
2026-03-16 07:50:00,59.84,0.451
2026-03-16 07:55:00,343.5,0.745
2026-03-16 08:00:00,53.48,0.65
2026-03-16 08:05:00,25.35,0.72
2026-03-16 08:10:00,318.5,0.481
2026-03-16 08:15:00,24.15,0.896
2026-03-16 08:20:00,3.014,0.716
2026-03-16 08:25:00,77.02,0.722
2026-03-16 08:30:00,58.81,0.804
2026-03-16 08:35:00,90.4,1.471
2026-03-16 08:40:00,101.4,1.529
2026-03-16 08:45:00,112.9,1.761
2026-03-16 08:50:00,124,1.213
2026-03-16 08:55:00,132.8,2.216
2026-03-16 09:00:00,144.1,0.799
2026-03-16 09:05:00,181.6,0.346
2026-03-16 09:10:00,100.7,0.006
2026-03-16 09:15:00,84.3,0.724
2026-03-16 09:20:00,83.7,0.945
2026-03-16 09:25:00,46.55,0.404
2026-03-16 09:30:00,31.03,0.857
2026-03-16 09:35:00,41.57,0.909
2026-03-16 09:40:00,73.03,0.214
2026-03-16 09:45:00,42.48,0.478
2026-03-16 09:50:00,98.7,1.033
2026-03-16 09:55:00,119.3,1.138
2026-03-16 10:00:00,129.1,1.623
2026-03-16 10:05:00,115.4,1.177
2026-03-16 10:10:00,86.2,1.07
2026-03-16 10:15:00,98.6,1.735
2026-03-16 10:20:00,103.6,1.574
2026-03-16 10:25:00,95.4,1.721
2026-03-16 10:30:00,105.4,1.306
2026-03-16 10:35:00,112.2,1.518
2026-03-16 10:40:00,120.8,2.003
2026-03-16 10:45:00,128.1,1.258
2026-03-16 10:50:00,132.1,1.44
2026-03-16 10:55:00,129.5,2.183
2026-03-16 11:00:00,127.1,1.722
2026-03-16 11:05:00,133.6,1.496
2026-03-16 11:10:00,130.4,1.197
2026-03-16 11:15:00,131,1.142
2026-03-16 11:20:00,129.2,1.17
2026-03-16 11:25:00,129.7,0.541
2026-03-16 11:30:00,112.5,0.149
2026-03-16 11:35:00,332.6,0.083
2026-03-16 11:40:00,22.59,0.53
2026-03-16 11:45:00,3.232,1.551
2026-03-16 11:50:00,354.3,1.753
2026-03-16 11:55:00,342.9,2.059
2026-03-16 12:00:00,318.4,1.934
2026-03-16 12:05:00,358.6,1.622
2026-03-16 12:10:00,346.8,1.433
2026-03-16 12:15:00,328.3,1.119
2026-03-16 12:20:00,327.1,2.447
2026-03-16 12:25:00,336,1.408
2026-03-16 12:30:00,326.1,1.659
2026-03-16 12:35:00,307.7,1.481
2026-03-16 12:40:00,297.8,1.328
2026-03-16 12:45:00,338.7,1.626
2026-03-16 12:50:00,329.5,1.594
2026-03-16 12:55:00,314.7,1.756
2026-03-16 13:00:00,317,0.954
2026-03-16 13:05:00,318.2,1.817
2026-03-16 13:10:00,332.9,1.893
2026-03-16 13:15:00,323.8,1.049
2026-03-16 13:20:00,323.6,1.522
2026-03-16 13:25:00,328.9,2.046
2026-03-16 13:30:00,313.3,2.076
2026-03-16 13:35:00,306,2.39
2026-03-16 13:40:00,293.4,2.327
2026-03-16 13:45:00,281.2,1.733
2026-03-16 13:50:00,298.6,1.293
2026-03-16 13:55:00,315.7,0.976
2026-03-16 14:00:00,352.2,1.443
2026-03-16 14:05:00,342.5,2.35
2026-03-16 14:10:00,309.1,2.164
2026-03-16 14:15:00,322.8,2.539
2026-03-16 14:20:00,321.8,2.687
2026-03-16 14:25:00,315.5,2.212
2026-03-16 14:30:00,310.5,2.81
2026-03-16 14:35:00,306.5,2.563
2026-03-16 14:40:00,310.9,2.734
2026-03-16 14:45:00,320.6,2.509
2026-03-16 14:50:00,312.1,2.208
2026-03-16 14:55:00,322,1.695
2026-03-16 15:00:00,320.9,1.056
2026-03-16 15:05:00,336,1.221
2026-03-16 15:10:00,339.7,1.317
2026-03-16 15:15:00,329.4,1.45
2026-03-16 15:20:00,333.4,0.966
2026-03-16 15:25:00,297.9,0.647
2026-03-16 15:30:00,284.1,1.129
2026-03-16 15:35:00,348.2,0.931
2026-03-16 15:40:00,320,1.965
2026-03-16 15:45:00,301.9,1.278
2026-03-16 15:50:00,302.1,1.375
2026-03-16 15:55:00,290.3,0.93
2026-03-16 16:00:00,306.7,0.155
2026-03-16 16:05:00,234.6,0.322
2026-03-16 16:10:00,230,0.003
2026-03-16 16:15:00,55.94,0.203
2026-03-16 16:20:00,124.3,0.781
2026-03-16 16:25:00,139.4,0.485
2026-03-16 16:30:00,131.9,0.975
2026-03-16 16:35:00,112.9,1.847
2026-03-16 16:40:00,115.3,1.893
2026-03-16 16:45:00,129.7,2.062
2026-03-16 16:50:00,139.9,2.276
2026-03-16 16:55:00,143.7,1.92
2026-03-16 17:00:00,151.7,1.913
2026-03-16 17:05:00,142.7,2.133
2026-03-16 17:10:00,148.9,2.061
2026-03-16 17:15:00,152.3,1.577
2026-03-16 17:20:00,162.5,1.104
2026-03-16 17:25:00,181.1,1.775
2026-03-16 17:30:00,173.4,1.687
2026-03-16 17:35:00,173.2,1.812
2026-03-16 17:40:00,181.4,1.939
2026-03-16 17:45:00,186.5,1.936
2026-03-16 17:50:00,199.1,1.175
2026-03-16 17:55:00,211.5,0.785
2026-03-16 18:00:00,217.6,0.401
2026-03-16 18:05:00,318.6,0.452
2026-03-16 18:10:00,309.7,0.841
2026-03-16 18:15:00,295.8,0.21
2026-03-16 18:20:00,197.3,0.343
2026-03-16 18:25:00,198.6,0.294
2026-03-16 18:30:00,157.3,0.369
2026-03-16 18:35:00,142,1.352
2026-03-16 18:40:00,142.4,1.162
2026-03-16 18:45:00,132.5,1.566
2026-03-16 18:50:00,127.9,1.109
2026-03-16 18:55:00,111.7,1.159
2026-03-16 19:00:00,63.67,0.523
2026-03-16 19:05:00,116.1,0.445
2026-03-16 19:10:00,118.5,1.021
2026-03-16 19:15:00,95.3,0.904
2026-03-16 19:20:00,100.3,1.336
2026-03-16 19:25:00,137.3,1.531
2026-03-16 19:30:00,138.9,1.935
2026-03-16 19:35:00,142.9,1.627
2026-03-16 19:40:00,150.2,1.287
2026-03-16 19:45:00,153.6,0.572
2026-03-16 19:50:00,163.1,0.522
2026-03-16 19:55:00,180.2,1.054
2026-03-16 20:00:00,193.6,1.306
2026-03-16 20:05:00,184.9,1.222
2026-03-16 20:10:00,187.3,0.67
2026-03-16 20:15:00,119.5,1.271
2026-03-16 20:20:00,192.2,0.982
2026-03-16 20:25:00,254.4,0.966
2026-03-16 20:30:00,265.9,1.099
2026-03-16 20:35:00,269.9,1.527
2026-03-16 20:40:00,259.2,0.952
2026-03-16 20:45:00,207.3,1.433
2026-03-16 20:50:00,219.7,1.945
2026-03-16 20:55:00,205.9,1.868
2026-03-16 21:00:00,215.6,1.993
2026-03-16 21:05:00,217.8,2.053
2026-03-16 21:10:00,216.8,1.738
2026-03-16 21:15:00,223,1.489
2026-03-16 21:20:00,267.3,0.813
2026-03-16 21:25:00,278.4,0.822
2026-03-16 21:30:00,247.4,0.366
2026-03-16 21:35:00,331.4,0.996
2026-03-16 21:40:00,302.6,1.183
2026-03-16 21:45:00,283.3,0.233
2026-03-16 21:50:00,160.3,0.199
2026-03-16 21:55:00,128,0.67
2026-03-16 22:00:00,121.3,1.043
2026-03-16 22:05:00,153.8,0.757
2026-03-16 22:10:00,180.9,0.594
2026-03-16 22:15:00,205.8,1.055
2026-03-16 22:20:00,217.9,1.047
2026-03-16 22:25:00,226.8,1.058
2026-03-16 22:30:00,238.3,1.029
2026-03-16 22:35:00,266.7,0.946
2026-03-16 22:40:00,242.1,0.954
2026-03-16 22:45:00,243.1,0.269
2026-03-16 22:50:00,0,0
2026-03-16 22:55:00,294,0.632
2026-03-16 23:00:00,294.2,0.406
2026-03-16 23:05:00,278,0.903
2026-03-16 23:10:00,280.4,0.791
2026-03-16 23:15:00,260,1.008
2026-03-16 23:20:00,247.8,1.145
2026-03-16 23:25:00,249.2,0.924
2026-03-16 23:30:00,264.1,1.392
2026-03-16 23:35:00,266.3,1.263
2026-03-16 23:40:00,274.3,0.664
2026-03-16 23:45:00,268.2,0.443
2026-03-16 23:50:00,36.57,0.263
2026-03-16 23:55:00,26.37,0.279
2026-03-17 00:00:00,331.6,0.318
