timestamp,RF_1_Tot300s_value,RF_1_cum,RF_1_cum_in
2026-03-10 00:00:00,0,0,0
2026-03-10 00:05:00,0,0,0
2026-03-10 00:10:00,0,0,0
2026-03-10 00:15:00,0,0,0
2026-03-10 00:20:00,0,0,0
2026-03-10 00:25:00,0,0,0
2026-03-10 00:30:00,0,0,0
2026-03-10 00:35:00,0,0,0
2026-03-10 00:40:00,0,0,0
2026-03-10 00:45:00,0,0,0
2026-03-10 00:50:00,0,0,0
2026-03-10 00:55:00,0,0,0
2026-03-10 01:00:00,0,0,0
2026-03-10 01:05:00,0,0,0
2026-03-10 01:10:00,0,0,0
2026-03-10 01:15:00,0,0,0
2026-03-10 01:20:00,0,0,0
2026-03-10 01:25:00,0,0,0
2026-03-10 01:30:00,0,0,0
2026-03-10 01:35:00,0,0,0
2026-03-10 01:40:00,0,0,0
2026-03-10 01:45:00,0,0,0
2026-03-10 01:50:00,0,0,0
2026-03-10 01:55:00,0,0,0
2026-03-10 02:00:00,0,0,0
2026-03-10 02:05:00,0,0,0
2026-03-10 02:10:00,0,0,0
2026-03-10 02:15:00,0,0,0
2026-03-10 02:20:00,0,0,0
2026-03-10 02:25:00,0,0,0
2026-03-10 02:30:00,0,0,0
2026-03-10 02:35:00,0,0,0
2026-03-10 02:40:00,0,0,0
2026-03-10 02:45:00,0,0,0
2026-03-10 02:50:00,0,0,0
2026-03-10 02:55:00,0,0,0
2026-03-10 03:00:00,0,0,0
2026-03-10 03:05:00,0,0,0
2026-03-10 03:10:00,0,0,0
2026-03-10 03:15:00,0,0,0
2026-03-10 03:20:00,0,0,0
2026-03-10 03:25:00,0,0,0
2026-03-10 03:30:00,0,0,0
2026-03-10 03:35:00,0,0,0
2026-03-10 03:40:00,0,0,0
2026-03-10 03:45:00,0,0,0
2026-03-10 03:50:00,0,0,0
2026-03-10 03:55:00,0,0,0
2026-03-10 04:00:00,0,0,0
2026-03-10 04:05:00,0,0,0
2026-03-10 04:10:00,0,0,0
2026-03-10 04:15:00,0,0,0
2026-03-10 04:20:00,0,0,0
2026-03-10 04:25:00,0,0,0
2026-03-10 04:30:00,0,0,0
2026-03-10 04:35:00,0,0,0
2026-03-10 04:40:00,0,0,0
2026-03-10 04:45:00,0,0,0
2026-03-10 04:50:00,0,0,0
2026-03-10 04:55:00,0,0,0
2026-03-10 05:00:00,0,0,0
2026-03-10 05:05:00,0,0,0
2026-03-10 05:10:00,0,0,0
2026-03-10 05:15:00,0,0,0
2026-03-10 05:20:00,0,0,0
2026-03-10 05:25:00,0,0,0
2026-03-10 05:30:00,0,0,0
2026-03-10 05:35:00,0,0,0
2026-03-10 05:40:00,0,0,0
2026-03-10 05:45:00,0,0,0
2026-03-10 05:50:00,0,0,0
2026-03-10 05:55:00,0,0,0
2026-03-10 06:00:00,0,0,0
2026-03-10 06:05:00,0,0,0
2026-03-10 06:10:00,0,0,0
2026-03-10 06:15:00,0,0,0
2026-03-10 06:20:00,0,0,0
2026-03-10 06:25:00,0,0,0
2026-03-10 06:30:00,0,0,0
2026-03-10 06:35:00,0,0,0
2026-03-10 06:40:00,0,0,0
2026-03-10 06:45:00,0,0,0
2026-03-10 06:50:00,0,0,0
2026-03-10 06:55:00,0,0,0
2026-03-10 07:00:00,0,0,0
2026-03-10 07:05:00,0,0,0
2026-03-10 07:10:00,0,0,0
2026-03-10 07:15:00,0,0,0
2026-03-10 07:20:00,0,0,0
2026-03-10 07:25:00,0,0,0
2026-03-10 07:30:00,0,0,0
2026-03-10 07:35:00,0,0,0
2026-03-10 07:40:00,0,0,0
2026-03-10 07:45:00,0,0,0
2026-03-10 07:50:00,0,0,0
2026-03-10 07:55:00,0,0,0
2026-03-10 08:00:00,0,0,0
2026-03-10 08:05:00,0,0,0
2026-03-10 08:10:00,0,0,0
2026-03-10 08:15:00,0,0,0
2026-03-10 08:20:00,0,0,0
2026-03-10 08:25:00,0,0,0
2026-03-10 08:30:00,0,0,0
2026-03-10 08:35:00,0,0,0
2026-03-10 08:40:00,0,0,0
2026-03-10 08:45:00,0,0,0
2026-03-10 08:50:00,0,0,0
2026-03-10 08:55:00,0,0,0
2026-03-10 09:00:00,0,0,0
2026-03-10 09:05:00,0,0,0
2026-03-10 09:10:00,0,0,0
2026-03-10 09:15:00,0,0,0
2026-03-10 09:20:00,0,0,0
2026-03-10 09:25:00,0,0,0
2026-03-10 09:30:00,0,0,0
2026-03-10 09:35:00,0,0,0
2026-03-10 09:40:00,0,0,0
2026-03-10 09:45:00,0,0,0
2026-03-10 09:50:00,0,0,0
2026-03-10 09:55:00,0,0,0
2026-03-10 10:00:00,0,0,0
2026-03-10 10:05:00,0,0,0
2026-03-10 10:10:00,0,0,0
2026-03-10 10:15:00,0,0,0
2026-03-10 10:20:00,0,0,0
2026-03-10 10:25:00,0,0,0
2026-03-10 10:30:00,0,0,0
2026-03-10 10:35:00,0,0,0
2026-03-10 10:40:00,0,0,0
2026-03-10 10:45:00,0,0,0
2026-03-10 10:50:00,0,0,0
2026-03-10 10:55:00,0,0,0
2026-03-10 11:00:00,0,0,0
2026-03-10 11:05:00,0,0,0
2026-03-10 11:10:00,0,0,0
2026-03-10 11:15:00,0,0,0
2026-03-10 11:20:00,0,0,0
2026-03-10 11:25:00,0,0,0
2026-03-10 11:30:00,0,0,0
2026-03-10 11:35:00,0,0,0
2026-03-10 11:40:00,0,0,0
2026-03-10 11:45:00,0,0,0
2026-03-10 11:50:00,0,0,0
2026-03-10 11:55:00,0,0,0
2026-03-10 12:00:00,0,0,0
2026-03-10 12:05:00,0,0,0
2026-03-10 12:10:00,0,0,0
2026-03-10 12:15:00,0,0,0
2026-03-10 12:20:00,0,0,0
2026-03-10 12:25:00,0,0,0
2026-03-10 12:30:00,0,0,0
2026-03-10 12:35:00,0,0,0
2026-03-10 12:40:00,0,0,0
2026-03-10 12:45:00,0,0,0
2026-03-10 12:50:00,0,0,0
2026-03-10 12:55:00,0,0,0
2026-03-10 13:00:00,0,0,0
2026-03-10 13:05:00,0,0,0
2026-03-10 13:10:00,0,0,0
2026-03-10 13:15:00,0,0,0
2026-03-10 13:20:00,0,0,0
2026-03-10 13:25:00,0,0,0
2026-03-10 13:30:00,0,0,0
2026-03-10 13:35:00,0,0,0
2026-03-10 13:40:00,0,0,0
2026-03-10 13:45:00,0,0,0
2026-03-10 13:50:00,0,0,0
2026-03-10 13:55:00,0,0,0
2026-03-10 14:00:00,0,0,0
2026-03-10 14:05:00,0,0,0
2026-03-10 14:10:00,0,0,0
2026-03-10 14:15:00,0,0,0
2026-03-10 14:20:00,0,0,0
2026-03-10 14:25:00,0,0,0
2026-03-10 14:30:00,0,0,0
2026-03-10 14:35:00,0,0,0
2026-03-10 14:40:00,0,0,0
2026-03-10 14:45:00,0,0,0
2026-03-10 14:50:00,0,0,0
2026-03-10 14:55:00,0,0,0
2026-03-10 15:00:00,0,0,0
2026-03-10 15:05:00,0,0,0
2026-03-10 15:10:00,0,0,0
2026-03-10 15:15:00,0,0,0
2026-03-10 15:20:00,0,0,0
2026-03-10 15:25:00,0,0,0
2026-03-10 15:30:00,0,0,0
2026-03-10 15:35:00,0,0,0
2026-03-10 15:40:00,0,0,0
2026-03-10 15:45:00,0,0,0
2026-03-10 15:50:00,0,0,0
2026-03-10 15:55:00,0,0,0
2026-03-10 16:00:00,0,0,0
2026-03-10 16:05:00,0,0,0
2026-03-10 16:10:00,0,0,0
2026-03-10 16:15:00,0,0,0
2026-03-10 16:20:00,0,0,0
2026-03-10 16:25:00,0,0,0
2026-03-10 16:30:00,0,0,0
2026-03-10 16:35:00,0,0,0
2026-03-10 16:40:00,0,0,0
2026-03-10 16:45:00,0,0,0
2026-03-10 16:50:00,0,0,0
2026-03-10 16:55:00,0,0,0
2026-03-10 17:00:00,0,0,0
2026-03-10 17:05:00,0,0,0
2026-03-10 17:10:00,0,0,0
2026-03-10 17:15:00,0,0,0
2026-03-10 17:20:00,0,0,0
2026-03-10 17:25:00,0,0,0
2026-03-10 17:30:00,0,0,0
2026-03-10 17:35:00,0,0,0
2026-03-10 17:40:00,0,0,0
2026-03-10 17:45:00,0,0,0
2026-03-10 17:50:00,0,0,0
2026-03-10 17:55:00,0,0,0
2026-03-10 18:00:00,0,0,0
2026-03-10 18:05:00,0,0,0
2026-03-10 18:10:00,0,0,0
2026-03-10 18:15:00,0,0,0
2026-03-10 18:20:00,0,0,0
2026-03-10 18:25:00,0,0,0
2026-03-10 18:30:00,0,0,0
2026-03-10 18:35:00,0,0,0
2026-03-10 18:40:00,0,0,0
2026-03-10 18:45:00,0,0,0
2026-03-10 18:50:00,0,0,0
2026-03-10 18:55:00,0,0,0
2026-03-10 19:00:00,0,0,0
2026-03-10 19:05:00,0,0,0
2026-03-10 19:10:00,0,0,0
2026-03-10 19:15:00,0,0,0
2026-03-10 19:20:00,0,0,0
2026-03-10 19:25:00,0,0,0
2026-03-10 19:30:00,0,0,0
2026-03-10 19:35:00,0,0,0
2026-03-10 19:40:00,0,0,0
2026-03-10 19:45:00,0,0,0
2026-03-10 19:50:00,0,0,0
2026-03-10 19:55:00,0,0,0
2026-03-10 20:00:00,0,0,0
2026-03-10 20:05:00,0,0,0
2026-03-10 20:10:00,0,0,0
2026-03-10 20:15:00,0,0,0
2026-03-10 20:20:00,0,0,0
2026-03-10 20:25:00,0,0,0
2026-03-10 20:30:00,0,0,0
2026-03-10 20:35:00,0,0,0
2026-03-10 20:40:00,0,0,0
2026-03-10 20:45:00,0,0,0
2026-03-10 20:50:00,0,0,0
2026-03-10 20:55:00,0,0,0
2026-03-10 21:00:00,0,0,0
2026-03-10 21:05:00,0,0,0
2026-03-10 21:10:00,0,0,0
2026-03-10 21:15:00,0,0,0
2026-03-10 21:20:00,0,0,0
2026-03-10 21:25:00,0,0,0
2026-03-10 21:30:00,0,0,0
2026-03-10 21:35:00,0,0,0
2026-03-10 21:40:00,0,0,0
2026-03-10 21:45:00,0,0,0
2026-03-10 21:50:00,0,0,0
2026-03-10 21:55:00,0,0,0
2026-03-10 22:00:00,0,0,0
2026-03-10 22:05:00,0,0,0
2026-03-10 22:10:00,0,0,0
2026-03-10 22:15:00,0,0,0
2026-03-10 22:20:00,0,0,0
2026-03-10 22:25:00,0,0,0
2026-03-10 22:30:00,0,0,0
2026-03-10 22:35:00,0,0,0
2026-03-10 22:40:00,0,0,0
2026-03-10 22:45:00,0,0,0
2026-03-10 22:50:00,0,0,0
2026-03-10 22:55:00,0,0,0
2026-03-10 23:00:00,0,0,0
2026-03-10 23:05:00,0,0,0
2026-03-10 23:10:00,0,0,0
2026-03-10 23:15:00,0,0,0
2026-03-10 23:20:00,0,0,0
2026-03-10 23:25:00,0,0,0
2026-03-10 23:30:00,0,0,0
2026-03-10 23:35:00,0,0,0
2026-03-10 23:40:00,0,0,0
2026-03-10 23:45:00,0,0,0
2026-03-10 23:50:00,0,0,0
2026-03-10 23:55:00,0,0,0
2026-03-11 00:00:00,0,0,0
2026-03-11 00:05:00,0,0,0
2026-03-11 00:10:00,0,0,0
2026-03-11 00:15:00,0,0,0
2026-03-11 00:20:00,0,0,0
2026-03-11 00:25:00,0,0,0
2026-03-11 00:30:00,0,0,0
2026-03-11 00:35:00,0,0,0
2026-03-11 00:40:00,0,0,0
2026-03-11 00:45:00,0,0,0
2026-03-11 00:50:00,0,0,0
2026-03-11 00:55:00,0,0,0
2026-03-11 01:00:00,0,0,0
2026-03-11 01:05:00,0,0,0
2026-03-11 01:10:00,0,0,0
2026-03-11 01:15:00,0,0,0
2026-03-11 01:20:00,0,0,0
2026-03-11 01:25:00,0,0,0
2026-03-11 01:30:00,0,0,0
2026-03-11 01:35:00,0,0,0
2026-03-11 01:40:00,0,0,0
2026-03-11 01:45:00,0,0,0
2026-03-11 01:50:00,0,0,0
2026-03-11 01:55:00,0,0,0
2026-03-11 02:00:00,0,0,0
2026-03-11 02:05:00,0,0,0
2026-03-11 02:10:00,0,0,0
2026-03-11 02:15:00,0,0,0
2026-03-11 02:20:00,0,0,0
2026-03-11 02:25:00,0,0,0
2026-03-11 02:30:00,0,0,0
2026-03-11 02:35:00,0,0,0
2026-03-11 02:40:00,0,0,0
2026-03-11 02:45:00,0,0,0
2026-03-11 02:50:00,0,0,0
2026-03-11 02:55:00,0,0,0
2026-03-11 03:00:00,0,0,0
2026-03-11 03:05:00,0,0,0
2026-03-11 03:10:00,0,0,0
2026-03-11 03:15:00,0,0,0
2026-03-11 03:20:00,0,0,0
2026-03-11 03:25:00,0,0,0
2026-03-11 03:30:00,0,0,0
2026-03-11 03:35:00,0,0,0
2026-03-11 03:40:00,0,0,0
2026-03-11 03:45:00,0,0,0
2026-03-11 03:50:00,0,0,0
2026-03-11 03:55:00,0,0,0
2026-03-11 04:00:00,0,0,0
2026-03-11 04:05:00,0,0,0
2026-03-11 04:10:00,0,0,0
2026-03-11 04:15:00,0,0,0
2026-03-11 04:20:00,0,0,0
2026-03-11 04:25:00,0,0,0
2026-03-11 04:30:00,0,0,0
2026-03-11 04:35:00,0,0,0
2026-03-11 04:40:00,0,0,0
2026-03-11 04:45:00,0,0,0
2026-03-11 04:50:00,0,0,0
2026-03-11 04:55:00,0,0,0
2026-03-11 05:00:00,0,0,0
2026-03-11 05:05:00,0,0,0
2026-03-11 05:10:00,0,0,0
2026-03-11 05:15:00,0,0,0
2026-03-11 05:20:00,0,0,0
2026-03-11 05:25:00,0,0,0
2026-03-11 05:30:00,0,0,0
2026-03-11 05:35:00,0,0,0
2026-03-11 05:40:00,0,0,0
2026-03-11 05:45:00,0,0,0
2026-03-11 05:50:00,0,0,0
2026-03-11 05:55:00,0,0,0
2026-03-11 06:00:00,0,0,0
2026-03-11 06:05:00,0,0,0
2026-03-11 06:10:00,0,0,0
2026-03-11 06:15:00,0,0,0
2026-03-11 06:20:00,0,0,0
2026-03-11 06:25:00,0,0,0
2026-03-11 06:30:00,0,0,0
2026-03-11 06:35:00,0,0,0
2026-03-11 06:40:00,0,0,0
2026-03-11 06:45:00,0,0,0
2026-03-11 06:50:00,0,0,0
2026-03-11 06:55:00,0,0,0
2026-03-11 07:00:00,0,0,0
2026-03-11 07:05:00,0,0,0
2026-03-11 07:10:00,0,0,0
2026-03-11 07:15:00,0,0,0
2026-03-11 07:20:00,0,0,0
2026-03-11 07:25:00,0,0,0
2026-03-11 07:30:00,0,0,0
2026-03-11 07:35:00,0,0,0
2026-03-11 07:40:00,0,0,0
2026-03-11 07:45:00,0,0,0
2026-03-11 07:50:00,0,0,0
2026-03-11 07:55:00,0,0,0
2026-03-11 08:00:00,0,0,0
2026-03-11 08:05:00,0,0,0
2026-03-11 08:10:00,0,0,0
2026-03-11 08:15:00,0,0,0
2026-03-11 08:20:00,0,0,0
2026-03-11 08:25:00,0,0,0
2026-03-11 08:30:00,0,0,0
2026-03-11 08:35:00,0,0,0
2026-03-11 08:40:00,0,0,0
2026-03-11 08:45:00,0,0,0
2026-03-11 08:50:00,0,0,0
2026-03-11 08:55:00,0,0,0
2026-03-11 09:00:00,0,0,0
2026-03-11 09:05:00,0,0,0
2026-03-11 09:10:00,0,0,0
2026-03-11 09:15:00,0,0,0
2026-03-11 09:20:00,0,0,0
2026-03-11 09:25:00,0,0,0
2026-03-11 09:30:00,0,0,0
2026-03-11 09:35:00,0,0,0
2026-03-11 09:40:00,0,0,0
2026-03-11 09:45:00,0,0,0
2026-03-11 09:50:00,0,0,0
2026-03-11 09:55:00,0,0,0
2026-03-11 10:00:00,0,0,0
2026-03-11 10:05:00,0,0,0
2026-03-11 10:10:00,0,0,0
2026-03-11 10:15:00,0,0,0
2026-03-11 10:20:00,0,0,0
2026-03-11 10:25:00,0,0,0
2026-03-11 10:30:00,0,0,0
2026-03-11 10:35:00,0,0,0
2026-03-11 10:40:00,0,0,0
2026-03-11 10:45:00,0,0,0
2026-03-11 10:50:00,0,0,0
2026-03-11 10:55:00,0,0,0
2026-03-11 11:00:00,0,0,0
2026-03-11 11:05:00,0,0,0
2026-03-11 11:10:00,0,0,0
2026-03-11 11:15:00,0,0,0
2026-03-11 11:20:00,0,0,0
2026-03-11 11:25:00,0,0,0
2026-03-11 11:30:00,0,0,0
2026-03-11 11:35:00,0,0,0
2026-03-11 11:40:00,0,0,0
2026-03-11 11:45:00,0,0,0
2026-03-11 11:50:00,0,0,0
2026-03-11 11:55:00,0,0,0
2026-03-11 12:00:00,0,0,0
2026-03-11 12:05:00,0,0,0
2026-03-11 12:10:00,0,0,0
2026-03-11 12:15:00,0,0,0
2026-03-11 12:20:00,0,0,0
2026-03-11 12:25:00,0,0,0
2026-03-11 12:30:00,0,0,0
2026-03-11 12:35:00,0,0,0
2026-03-11 12:40:00,0,0,0
2026-03-11 12:45:00,0,0,0
2026-03-11 12:50:00,0,0,0
2026-03-11 12:55:00,0,0,0
2026-03-11 13:00:00,0,0,0
2026-03-11 13:05:00,0,0,0
2026-03-11 13:10:00,0,0,0
2026-03-11 13:15:00,0,0,0
2026-03-11 13:20:00,0,0,0
2026-03-11 13:25:00,0,0,0
2026-03-11 13:30:00,0,0,0
2026-03-11 13:35:00,0,0,0
2026-03-11 13:40:00,0,0,0
2026-03-11 13:45:00,0,0,0
2026-03-11 13:50:00,0,0,0
2026-03-11 13:55:00,0,0,0
2026-03-11 14:00:00,0,0,0
2026-03-11 14:05:00,0,0,0
2026-03-11 14:10:00,0,0,0
2026-03-11 14:15:00,0,0,0
2026-03-11 14:20:00,0,0,0
2026-03-11 14:25:00,0,0,0
2026-03-11 14:30:00,0,0,0
2026-03-11 14:35:00,0,0,0
2026-03-11 14:40:00,0,0,0
2026-03-11 14:45:00,0,0,0
2026-03-11 14:50:00,0,0,0
2026-03-11 14:55:00,0,0,0
2026-03-11 15:00:00,0,0,0
2026-03-11 15:05:00,0,0,0
2026-03-11 15:10:00,0,0,0
2026-03-11 15:15:00,0,0,0
2026-03-11 15:20:00,0,0,0
2026-03-11 15:25:00,0,0,0
2026-03-11 15:30:00,0,0,0
2026-03-11 15:35:00,0,0,0
2026-03-11 15:40:00,0,0,0
2026-03-11 15:45:00,0,0,0
2026-03-11 15:50:00,0,0,0
2026-03-11 15:55:00,0,0,0
2026-03-11 16:00:00,0,0,0
2026-03-11 16:05:00,0,0,0
2026-03-11 16:10:00,0,0,0
2026-03-11 16:15:00,0,0,0
2026-03-11 16:20:00,0,0,0
2026-03-11 16:25:00,0,0,0
2026-03-11 16:30:00,0,0,0
2026-03-11 16:35:00,0,0,0
2026-03-11 16:40:00,0,0,0
2026-03-11 16:45:00,0,0,0
2026-03-11 16:50:00,0,0,0
2026-03-11 16:55:00,0,0,0
2026-03-11 17:00:00,0,0,0
2026-03-11 17:05:00,0,0,0
2026-03-11 17:10:00,0,0,0
2026-03-11 17:15:00,0,0,0
2026-03-11 17:20:00,0,0,0
2026-03-11 17:25:00,0,0,0
2026-03-11 17:30:00,0,0,0
2026-03-11 17:35:00,0,0,0
2026-03-11 17:40:00,0,0,0
2026-03-11 17:45:00,0,0,0
2026-03-11 17:50:00,0,0,0
2026-03-11 17:55:00,0,0,0
2026-03-11 18:00:00,0,0,0
2026-03-11 18:05:00,0,0,0
2026-03-11 18:10:00,0,0,0
2026-03-11 18:15:00,0,0,0
2026-03-11 18:20:00,0,0,0
2026-03-11 18:25:00,0,0,0
2026-03-11 18:30:00,0,0,0
2026-03-11 18:35:00,0,0,0
2026-03-11 18:40:00,0,0,0
2026-03-11 18:45:00,0,0,0
2026-03-11 18:50:00,0,0,0
2026-03-11 18:55:00,0,0,0
2026-03-11 19:00:00,0,0,0
2026-03-11 19:05:00,0,0,0
2026-03-11 19:10:00,0,0,0
2026-03-11 19:15:00,0,0,0
2026-03-11 19:20:00,0,0,0
2026-03-11 19:25:00,0,0,0
2026-03-11 19:30:00,0,0,0
2026-03-11 19:35:00,0,0,0
2026-03-11 19:40:00,0,0,0
2026-03-11 19:45:00,0,0,0
2026-03-11 19:50:00,0,0,0
2026-03-11 19:55:00,0,0,0
2026-03-11 20:00:00,0,0,0
2026-03-11 20:05:00,0,0,0
2026-03-11 20:10:00,0,0,0
2026-03-11 20:15:00,0,0,0
2026-03-11 20:20:00,0,0,0
2026-03-11 20:25:00,0,0,0
2026-03-11 20:30:00,0,0,0
2026-03-11 20:35:00,0,0,0
2026-03-11 20:40:00,0,0,0
2026-03-11 20:45:00,0,0,0
2026-03-11 20:50:00,0,0,0
2026-03-11 20:55:00,0,0,0
2026-03-11 21:00:00,0,0,0
2026-03-11 21:05:00,0,0,0
2026-03-11 21:10:00,0,0,0
2026-03-11 21:15:00,0,0,0
2026-03-11 21:20:00,0,0,0
2026-03-11 21:25:00,0,0,0
2026-03-11 21:30:00,0,0,0
2026-03-11 21:35:00,0,0,0
2026-03-11 21:40:00,0,0,0
2026-03-11 21:45:00,0,0,0
2026-03-11 21:50:00,0,0,0
2026-03-11 21:55:00,0,0,0
2026-03-11 22:00:00,0,0,0
2026-03-11 22:05:00,0,0,0
2026-03-11 22:10:00,0,0,0
2026-03-11 22:15:00,0,0,0
2026-03-11 22:20:00,0,0,0
2026-03-11 22:25:00,0,0,0
2026-03-11 22:30:00,0,0,0
2026-03-11 22:35:00,0,0,0
2026-03-11 22:40:00,0,0,0
2026-03-11 22:45:00,0,0,0
2026-03-11 22:50:00,0,0,0
2026-03-11 22:55:00,0,0,0
2026-03-11 23:00:00,0,0,0
2026-03-11 23:05:00,0,0,0
2026-03-11 23:10:00,0,0,0
2026-03-11 23:15:00,0,0,0
2026-03-11 23:20:00,0,0,0
2026-03-11 23:25:00,0,0,0
2026-03-11 23:30:00,0,0,0
2026-03-11 23:35:00,0,0,0
2026-03-11 23:40:00,0,0,0
2026-03-11 23:45:00,0,0,0
2026-03-11 23:50:00,0,0,0
2026-03-11 23:55:00,0,0,0
2026-03-12 00:00:00,0,0,0
2026-03-12 00:05:00,0,0,0
2026-03-12 00:10:00,0,0,0
2026-03-12 00:15:00,0,0,0
2026-03-12 00:20:00,0,0,0
2026-03-12 00:25:00,0,0,0
2026-03-12 00:30:00,0,0,0
2026-03-12 00:35:00,0,0,0
2026-03-12 00:40:00,0,0,0
2026-03-12 00:45:00,0,0,0
2026-03-12 00:50:00,0,0,0
2026-03-12 00:55:00,0,0,0
2026-03-12 01:00:00,0,0,0
2026-03-12 01:05:00,0,0,0
2026-03-12 01:10:00,0,0,0
2026-03-12 01:15:00,0,0,0
2026-03-12 01:20:00,0,0,0
2026-03-12 01:25:00,0,0,0
2026-03-12 01:30:00,0,0,0
2026-03-12 01:35:00,0,0,0
2026-03-12 01:40:00,0,0,0
2026-03-12 01:45:00,0,0,0
2026-03-12 01:50:00,0,0,0
2026-03-12 01:55:00,0,0,0
2026-03-12 02:00:00,0,0,0
2026-03-12 02:05:00,0,0,0
2026-03-12 02:10:00,0,0,0
2026-03-12 02:15:00,0,0,0
2026-03-12 02:20:00,0,0,0
2026-03-12 02:25:00,0,0,0
2026-03-12 02:30:00,0,0,0
2026-03-12 02:35:00,0,0,0
2026-03-12 02:40:00,0,0,0
2026-03-12 02:45:00,0,0,0
2026-03-12 02:50:00,0,0,0
2026-03-12 02:55:00,0,0,0
2026-03-12 03:00:00,0,0,0
2026-03-12 03:05:00,0,0,0
2026-03-12 03:10:00,0,0,0
2026-03-12 03:15:00,0,0,0
2026-03-12 03:20:00,0,0,0
2026-03-12 03:25:00,0,0,0
2026-03-12 03:30:00,0,0,0
2026-03-12 03:35:00,0,0,0
2026-03-12 03:40:00,0,0,0
2026-03-12 03:45:00,0,0,0
2026-03-12 03:50:00,0,0,0
2026-03-12 03:55:00,0,0,0
2026-03-12 04:00:00,0,0,0
2026-03-12 04:05:00,0,0,0
2026-03-12 04:10:00,0,0,0
2026-03-12 04:15:00,0,0,0
2026-03-12 04:20:00,0,0,0
2026-03-12 04:25:00,0,0,0
2026-03-12 04:30:00,0,0,0
2026-03-12 04:35:00,0,0,0
2026-03-12 04:40:00,0,0,0
2026-03-12 04:45:00,0,0,0
2026-03-12 04:50:00,0,0,0
2026-03-12 04:55:00,0,0,0
2026-03-12 05:00:00,0,0,0
2026-03-12 05:05:00,0,0,0
2026-03-12 05:10:00,0,0,0
2026-03-12 05:15:00,0,0,0
2026-03-12 05:20:00,0,0,0
2026-03-12 05:25:00,0,0,0
2026-03-12 05:30:00,0,0,0
2026-03-12 05:35:00,0,0,0
2026-03-12 05:40:00,0,0,0
2026-03-12 05:45:00,0,0,0
2026-03-12 05:50:00,0,0,0
2026-03-12 05:55:00,0,0,0
2026-03-12 06:00:00,0,0,0
2026-03-12 06:05:00,0,0,0
2026-03-12 06:10:00,0,0,0
2026-03-12 06:15:00,0,0,0
2026-03-12 06:20:00,0,0,0
2026-03-12 06:25:00,0,0,0
2026-03-12 06:30:00,0,0,0
2026-03-12 06:35:00,0,0,0
2026-03-12 06:40:00,0,0,0
2026-03-12 06:45:00,0,0,0
2026-03-12 06:50:00,0,0,0
2026-03-12 06:55:00,0,0,0
2026-03-12 07:00:00,0,0,0
2026-03-12 07:05:00,0,0,0
2026-03-12 07:10:00,0,0,0
2026-03-12 07:15:00,0,0,0
2026-03-12 07:20:00,0,0,0
2026-03-12 07:25:00,0,0,0
2026-03-12 07:30:00,0,0,0
2026-03-12 07:35:00,0,0,0
2026-03-12 07:40:00,0,0,0
2026-03-12 07:45:00,0,0,0
2026-03-12 07:50:00,0,0,0
2026-03-12 07:55:00,0,0,0
2026-03-12 08:00:00,0,0,0
2026-03-12 08:05:00,0,0,0
2026-03-12 08:10:00,0,0,0
2026-03-12 08:15:00,0,0,0
2026-03-12 08:20:00,0,0,0
2026-03-12 08:25:00,0,0,0
2026-03-12 08:30:00,0,0,0
2026-03-12 08:35:00,0,0,0
2026-03-12 08:40:00,0,0,0
2026-03-12 08:45:00,0,0,0
2026-03-12 08:50:00,0,0,0
2026-03-12 08:55:00,0,0,0
2026-03-12 09:00:00,0,0,0
2026-03-12 09:05:00,0,0,0
2026-03-12 09:10:00,0,0,0
2026-03-12 09:15:00,0,0,0
2026-03-12 09:20:00,0,0,0
2026-03-12 09:25:00,0,0,0
2026-03-12 09:30:00,0,0,0
2026-03-12 09:35:00,0,0,0
2026-03-12 09:40:00,0,0,0
2026-03-12 09:45:00,0,0,0
2026-03-12 09:50:00,0,0,0
2026-03-12 09:55:00,0,0,0
2026-03-12 10:00:00,0,0,0
2026-03-12 10:05:00,0,0,0
2026-03-12 10:10:00,0.259,0.259,0.0101968503937008
2026-03-12 10:15:00,0,0.259,0.0101968503937008
2026-03-12 10:20:00,0,0.259,0.0101968503937008
2026-03-12 10:25:00,0,0.259,0.0101968503937008
2026-03-12 10:30:00,0,0.259,0.0101968503937008
2026-03-12 10:35:00,0,0.259,0.0101968503937008
2026-03-12 10:40:00,0,0.259,0.0101968503937008
2026-03-12 10:45:00,0,0.259,0.0101968503937008
2026-03-12 10:50:00,0,0.259,0.0101968503937008
2026-03-12 10:55:00,0,0.259,0.0101968503937008
2026-03-12 11:00:00,0,0.259,0.0101968503937008
2026-03-12 11:05:00,0,0.259,0.0101968503937008
2026-03-12 11:10:00,0,0.259,0.0101968503937008
2026-03-12 11:15:00,0,0.259,0.0101968503937008
2026-03-12 11:20:00,0,0.259,0.0101968503937008
2026-03-12 11:25:00,0,0.259,0.0101968503937008
2026-03-12 11:30:00,0,0.259,0.0101968503937008
2026-03-12 11:35:00,0,0.259,0.0101968503937008
2026-03-12 11:40:00,0,0.259,0.0101968503937008
2026-03-12 11:45:00,0,0.259,0.0101968503937008
2026-03-12 11:50:00,0,0.259,0.0101968503937008
2026-03-12 11:55:00,0,0.259,0.0101968503937008
2026-03-12 12:00:00,0,0.259,0.0101968503937008
2026-03-12 12:05:00,0,0.259,0.0101968503937008
2026-03-12 12:10:00,0,0.259,0.0101968503937008
2026-03-12 12:15:00,0,0.259,0.0101968503937008
2026-03-12 12:20:00,0,0.259,0.0101968503937008
2026-03-12 12:25:00,0,0.259,0.0101968503937008
2026-03-12 12:30:00,0,0.259,0.0101968503937008
2026-03-12 12:35:00,0.259,0.518,0.0203937007874016
2026-03-12 12:40:00,0,0.518,0.0203937007874016
2026-03-12 12:45:00,0,0.518,0.0203937007874016
2026-03-12 12:50:00,0,0.518,0.0203937007874016
2026-03-12 12:55:00,0,0.518,0.0203937007874016
2026-03-12 13:00:00,0,0.518,0.0203937007874016
2026-03-12 13:05:00,0,0.518,0.0203937007874016
2026-03-12 13:10:00,0,0.518,0.0203937007874016
2026-03-12 13:15:00,0.259,0.777,0.0305905511811024
2026-03-12 13:20:00,0,0.777,0.0305905511811024
2026-03-12 13:25:00,0,0.777,0.0305905511811024
2026-03-12 13:30:00,0.259,1.036,0.0407874015748032
2026-03-12 13:35:00,0.259,1.295,0.0509842519685039
2026-03-12 13:40:00,0,1.295,0.0509842519685039
2026-03-12 13:45:00,0.259,1.554,0.0611811023622047
2026-03-12 13:50:00,0.259,1.813,0.0713779527559055
2026-03-12 13:55:00,0.259,2.072,0.0815748031496063
2026-03-12 14:00:00,0.259,2.331,0.0917716535433071
2026-03-12 14:05:00,0.259,2.59,0.101968503937008
2026-03-12 14:10:00,0.518,3.108,0.122362204724409
2026-03-12 14:15:00,0.777,3.885,0.152952755905512
2026-03-12 14:20:00,0.777,4.662,0.183543307086614
2026-03-12 14:25:00,0.518,5.18,0.203937007874016
2026-03-12 14:30:00,0.259,5.439,0.214133858267717
2026-03-12 14:35:00,0.259,5.698,0.224330708661417
2026-03-12 14:40:00,0,5.698,0.224330708661417
2026-03-12 14:45:00,0,5.698,0.224330708661417
2026-03-12 14:50:00,0,5.698,0.224330708661417
2026-03-12 14:55:00,0,5.698,0.224330708661417
2026-03-12 15:00:00,0.259,5.957,0.234527559055118
2026-03-12 15:05:00,0,5.957,0.234527559055118
2026-03-12 15:10:00,0,5.957,0.234527559055118
2026-03-12 15:15:00,0,5.957,0.234527559055118
2026-03-12 15:20:00,0,5.957,0.234527559055118
2026-03-12 15:25:00,0,5.957,0.234527559055118
2026-03-12 15:30:00,0,5.957,0.234527559055118
2026-03-12 15:35:00,0,5.957,0.234527559055118
2026-03-12 15:40:00,0,5.957,0.234527559055118
2026-03-12 15:45:00,0.259,6.216,0.244724409448819
2026-03-12 15:50:00,0,6.216,0.244724409448819
2026-03-12 15:55:00,0,6.216,0.244724409448819
2026-03-12 16:00:00,0,6.216,0.244724409448819
2026-03-12 16:05:00,0,6.216,0.244724409448819
2026-03-12 16:10:00,0,6.216,0.244724409448819
2026-03-12 16:15:00,0,6.216,0.244724409448819
2026-03-12 16:20:00,0,6.216,0.244724409448819
2026-03-12 16:25:00,0,6.216,0.244724409448819
2026-03-12 16:30:00,0,6.216,0.244724409448819
2026-03-12 16:35:00,0,6.216,0.244724409448819
2026-03-12 16:40:00,0,6.216,0.244724409448819
2026-03-12 16:45:00,0,6.216,0.244724409448819
2026-03-12 16:50:00,0,6.216,0.244724409448819
2026-03-12 16:55:00,0,6.216,0.244724409448819
2026-03-12 17:00:00,0,6.216,0.244724409448819
2026-03-12 17:05:00,0,6.216,0.244724409448819
2026-03-12 17:10:00,0,6.216,0.244724409448819
2026-03-12 17:15:00,0,6.216,0.244724409448819
2026-03-12 17:20:00,0,6.216,0.244724409448819
2026-03-12 17:25:00,0,6.216,0.244724409448819
2026-03-12 17:30:00,0,6.216,0.244724409448819
2026-03-12 17:35:00,0,6.216,0.244724409448819
2026-03-12 17:40:00,0,6.216,0.244724409448819
2026-03-12 17:45:00,0,6.216,0.244724409448819
2026-03-12 17:50:00,0,6.216,0.244724409448819
2026-03-12 17:55:00,0,6.216,0.244724409448819
2026-03-12 18:00:00,0,6.216,0.244724409448819
2026-03-12 18:05:00,0,6.216,0.244724409448819
2026-03-12 18:10:00,0,6.216,0.244724409448819
2026-03-12 18:15:00,0,6.216,0.244724409448819
2026-03-12 18:20:00,0,6.216,0.244724409448819
2026-03-12 18:25:00,0,6.216,0.244724409448819
2026-03-12 18:30:00,0,6.216,0.244724409448819
2026-03-12 18:35:00,0,6.216,0.244724409448819
2026-03-12 18:40:00,0,6.216,0.244724409448819
2026-03-12 18:45:00,0,6.216,0.244724409448819
2026-03-12 18:50:00,0,6.216,0.244724409448819
2026-03-12 18:55:00,0,6.216,0.244724409448819
2026-03-12 19:00:00,0,6.216,0.244724409448819
2026-03-12 19:05:00,0,6.216,0.244724409448819
2026-03-12 19:10:00,0,6.216,0.244724409448819
2026-03-12 19:15:00,0,6.216,0.244724409448819
2026-03-12 19:20:00,0.259,6.475,0.25492125984252
2026-03-12 19:25:00,0,6.475,0.25492125984252
2026-03-12 19:30:00,0,6.475,0.25492125984252
2026-03-12 19:35:00,0,6.475,0.25492125984252
2026-03-12 19:40:00,0,6.475,0.25492125984252
2026-03-12 19:45:00,0,6.475,0.25492125984252
2026-03-12 19:50:00,0,6.475,0.25492125984252
2026-03-12 19:55:00,0,6.475,0.25492125984252
2026-03-12 20:00:00,0,6.475,0.25492125984252
2026-03-12 20:05:00,0,6.475,0.25492125984252
2026-03-12 20:10:00,0,6.475,0.25492125984252
2026-03-12 20:15:00,0,6.475,0.25492125984252
2026-03-12 20:20:00,0,6.475,0.25492125984252
2026-03-12 20:25:00,0,6.475,0.25492125984252
2026-03-12 20:30:00,0,6.475,0.25492125984252
2026-03-12 20:35:00,0,6.475,0.25492125984252
2026-03-12 20:40:00,0,6.475,0.25492125984252
2026-03-12 20:45:00,0,6.475,0.25492125984252
2026-03-12 20:50:00,0,6.475,0.25492125984252
2026-03-12 20:55:00,0,6.475,0.25492125984252
2026-03-12 21:00:00,0,6.475,0.25492125984252
2026-03-12 21:05:00,0,6.475,0.25492125984252
2026-03-12 21:10:00,0,6.475,0.25492125984252
2026-03-12 21:15:00,0,6.475,0.25492125984252
2026-03-12 21:20:00,0,6.475,0.25492125984252
2026-03-12 21:25:00,0,6.475,0.25492125984252
2026-03-12 21:30:00,0,6.475,0.25492125984252
2026-03-12 21:35:00,0,6.475,0.25492125984252
2026-03-12 21:40:00,0,6.475,0.25492125984252
2026-03-12 21:45:00,0,6.475,0.25492125984252
2026-03-12 21:50:00,0,6.475,0.25492125984252
2026-03-12 21:55:00,0,6.475,0.25492125984252
2026-03-12 22:00:00,0,6.475,0.25492125984252
2026-03-12 22:05:00,0,6.475,0.25492125984252
2026-03-12 22:10:00,0,6.475,0.25492125984252
2026-03-12 22:15:00,0,6.475,0.25492125984252
2026-03-12 22:20:00,0,6.475,0.25492125984252
2026-03-12 22:25:00,0.259,6.734,0.265118110236221
2026-03-12 22:30:00,0,6.734,0.265118110236221
2026-03-12 22:35:00,0.259,6.993,0.275314960629921
2026-03-12 22:40:00,0,6.993,0.275314960629921
2026-03-12 22:45:00,0,6.993,0.275314960629921
2026-03-12 22:50:00,0,6.993,0.275314960629921
2026-03-12 22:55:00,0,6.993,0.275314960629921
2026-03-12 23:00:00,0.259,7.252,0.285511811023622
2026-03-12 23:05:00,0,7.252,0.285511811023622
2026-03-12 23:10:00,0,7.252,0.285511811023622
2026-03-12 23:15:00,0,7.252,0.285511811023622
2026-03-12 23:20:00,0,7.252,0.285511811023622
2026-03-12 23:25:00,0,7.252,0.285511811023622
2026-03-12 23:30:00,0,7.252,0.285511811023622
2026-03-12 23:35:00,0,7.252,0.285511811023622
2026-03-12 23:40:00,0,7.252,0.285511811023622
2026-03-12 23:45:00,0.259,7.511,0.295708661417323
2026-03-12 23:50:00,0,7.511,0.295708661417323
2026-03-12 23:55:00,0,7.511,0.295708661417323
2026-03-13 00:00:00,0,7.511,0.295708661417323
2026-03-13 00:05:00,0,7.511,0.295708661417323
2026-03-13 00:10:00,0,7.511,0.295708661417323
2026-03-13 00:15:00,0,7.511,0.295708661417323
2026-03-13 00:20:00,0,7.511,0.295708661417323
2026-03-13 00:25:00,0,7.511,0.295708661417323
2026-03-13 00:30:00,0,7.511,0.295708661417323
2026-03-13 00:35:00,0,7.511,0.295708661417323
2026-03-13 00:40:00,0,7.511,0.295708661417323
2026-03-13 00:45:00,0,7.511,0.295708661417323
2026-03-13 00:50:00,0,7.511,0.295708661417323
2026-03-13 00:55:00,0,7.511,0.295708661417323
2026-03-13 01:00:00,0,7.511,0.295708661417323
2026-03-13 01:05:00,0,7.511,0.295708661417323
2026-03-13 01:10:00,0,7.511,0.295708661417323
2026-03-13 01:15:00,0.259,7.77,0.305905511811024
2026-03-13 01:20:00,0,7.77,0.305905511811024
2026-03-13 01:25:00,0,7.77,0.305905511811024
2026-03-13 01:30:00,0,7.77,0.305905511811024
2026-03-13 01:35:00,0,7.77,0.305905511811024
2026-03-13 01:40:00,0,7.77,0.305905511811024
2026-03-13 01:45:00,0,7.77,0.305905511811024
2026-03-13 01:50:00,0,7.77,0.305905511811024
2026-03-13 01:55:00,0,7.77,0.305905511811024
2026-03-13 02:00:00,0,7.77,0.305905511811024
2026-03-13 02:05:00,0,7.77,0.305905511811024
2026-03-13 02:10:00,0,7.77,0.305905511811024
2026-03-13 02:15:00,0,7.77,0.305905511811024
2026-03-13 02:20:00,0,7.77,0.305905511811024
2026-03-13 02:25:00,0,7.77,0.305905511811024
2026-03-13 02:30:00,0,7.77,0.305905511811024
2026-03-13 02:35:00,0,7.77,0.305905511811024
2026-03-13 02:40:00,0,7.77,0.305905511811024
2026-03-13 02:45:00,0,7.77,0.305905511811024
2026-03-13 02:50:00,0,7.77,0.305905511811024
2026-03-13 02:55:00,0,7.77,0.305905511811024
2026-03-13 03:00:00,0,7.77,0.305905511811024
2026-03-13 03:05:00,0,7.77,0.305905511811024
2026-03-13 03:10:00,0,7.77,0.305905511811024
2026-03-13 03:15:00,0,7.77,0.305905511811024
2026-03-13 03:20:00,0,7.77,0.305905511811024
2026-03-13 03:25:00,0,7.77,0.305905511811024
2026-03-13 03:30:00,0,7.77,0.305905511811024
2026-03-13 03:35:00,0,7.77,0.305905511811024
2026-03-13 03:40:00,0,7.77,0.305905511811024
2026-03-13 03:45:00,0,7.77,0.305905511811024
2026-03-13 03:50:00,0,7.77,0.305905511811024
2026-03-13 03:55:00,0,7.77,0.305905511811024
2026-03-13 04:00:00,0,7.77,0.305905511811024
2026-03-13 04:05:00,0,7.77,0.305905511811024
2026-03-13 04:10:00,0,7.77,0.305905511811024
2026-03-13 04:15:00,0,7.77,0.305905511811024
2026-03-13 04:20:00,0,7.77,0.305905511811024
2026-03-13 04:25:00,0,7.77,0.305905511811024
2026-03-13 04:30:00,0,7.77,0.305905511811024
2026-03-13 04:35:00,0,7.77,0.305905511811024
2026-03-13 04:40:00,0,7.77,0.305905511811024
2026-03-13 04:45:00,0,7.77,0.305905511811024
2026-03-13 04:50:00,0,7.77,0.305905511811024
2026-03-13 04:55:00,0,7.77,0.305905511811024
2026-03-13 05:00:00,0,7.77,0.305905511811024
2026-03-13 05:05:00,0,7.77,0.305905511811024
2026-03-13 05:10:00,0,7.77,0.305905511811024
2026-03-13 05:15:00,0,7.77,0.305905511811024
2026-03-13 05:20:00,0,7.77,0.305905511811024
2026-03-13 05:25:00,0,7.77,0.305905511811024
2026-03-13 05:30:00,0,7.77,0.305905511811024
2026-03-13 05:35:00,0,7.77,0.305905511811024
2026-03-13 05:40:00,0,7.77,0.305905511811024
2026-03-13 05:45:00,0,7.77,0.305905511811024
2026-03-13 05:50:00,0,7.77,0.305905511811024
2026-03-13 05:55:00,0,7.77,0.305905511811024
2026-03-13 06:00:00,0,7.77,0.305905511811024
2026-03-13 06:05:00,0,7.77,0.305905511811024
2026-03-13 06:10:00,0,7.77,0.305905511811024
2026-03-13 06:15:00,0,7.77,0.305905511811024
2026-03-13 06:20:00,0,7.77,0.305905511811024
2026-03-13 06:25:00,0,7.77,0.305905511811024
2026-03-13 06:30:00,0,7.77,0.305905511811024
2026-03-13 06:35:00,0,7.77,0.305905511811024
2026-03-13 06:40:00,0,7.77,0.305905511811024
2026-03-13 06:45:00,0,7.77,0.305905511811024
2026-03-13 06:50:00,0,7.77,0.305905511811024
2026-03-13 06:55:00,0,7.77,0.305905511811024
2026-03-13 07:00:00,0,7.77,0.305905511811024
2026-03-13 07:05:00,0,7.77,0.305905511811024
2026-03-13 07:10:00,0,7.77,0.305905511811024
2026-03-13 07:15:00,0,7.77,0.305905511811024
2026-03-13 07:20:00,0,7.77,0.305905511811024
2026-03-13 07:25:00,0,7.77,0.305905511811024
2026-03-13 07:30:00,0,7.77,0.305905511811024
2026-03-13 07:35:00,0,7.77,0.305905511811024
2026-03-13 07:40:00,0,7.77,0.305905511811024
2026-03-13 07:45:00,0,7.77,0.305905511811024
2026-03-13 07:50:00,0,7.77,0.305905511811024
2026-03-13 07:55:00,0,7.77,0.305905511811024
2026-03-13 08:00:00,0,7.77,0.305905511811024
2026-03-13 08:05:00,0,7.77,0.305905511811024
2026-03-13 08:10:00,0,7.77,0.305905511811024
2026-03-13 08:15:00,0,7.77,0.305905511811024
2026-03-13 08:20:00,0,7.77,0.305905511811024
2026-03-13 08:25:00,0,7.77,0.305905511811024
2026-03-13 08:30:00,0,7.77,0.305905511811024
2026-03-13 08:35:00,0,7.77,0.305905511811024
2026-03-13 08:40:00,0,7.77,0.305905511811024
2026-03-13 08:45:00,0,7.77,0.305905511811024
2026-03-13 08:50:00,0,7.77,0.305905511811024
2026-03-13 08:55:00,0,7.77,0.305905511811024
2026-03-13 09:00:00,0,7.77,0.305905511811024
2026-03-13 09:05:00,0,7.77,0.305905511811024
2026-03-13 09:10:00,0,7.77,0.305905511811024
2026-03-13 09:15:00,0,7.77,0.305905511811024
2026-03-13 09:20:00,0,7.77,0.305905511811024
2026-03-13 09:25:00,0,7.77,0.305905511811024
2026-03-13 09:30:00,0,7.77,0.305905511811024
2026-03-13 09:35:00,0.259,8.029,0.316102362204724
2026-03-13 09:40:00,0.259,8.288,0.326299212598425
2026-03-13 09:45:00,0,8.288,0.326299212598425
2026-03-13 09:50:00,0.259,8.547,0.336496062992126
2026-03-13 09:55:00,0,8.547,0.336496062992126
2026-03-13 10:00:00,0,8.547,0.336496062992126
2026-03-13 10:05:00,0,8.547,0.336496062992126
2026-03-13 10:10:00,0.259,8.806,0.346692913385827
2026-03-13 10:15:00,0,8.806,0.346692913385827
2026-03-13 10:20:00,0,8.806,0.346692913385827
2026-03-13 10:25:00,0.259,9.065,0.356889763779528
2026-03-13 10:30:00,0.259,9.324,0.367086614173228
2026-03-13 10:35:00,0.259,9.583,0.377283464566929
2026-03-13 10:40:00,0.259,9.842,0.38748031496063
2026-03-13 10:45:00,0.518,10.36,0.407874015748032
2026-03-13 10:50:00,0.259,10.619,0.418070866141732
2026-03-13 10:55:00,0,10.619,0.418070866141732
2026-03-13 11:00:00,0.259,10.878,0.428267716535433
2026-03-13 11:05:00,0.259,11.137,0.438464566929134
2026-03-13 11:10:00,0.259,11.396,0.448661417322835
2026-03-13 11:15:00,0.259,11.655,0.458858267716535
2026-03-13 11:20:00,0.259,11.914,0.469055118110236
2026-03-13 11:25:00,0,11.914,0.469055118110236
2026-03-13 11:30:00,0.259,12.173,0.479251968503937
2026-03-13 11:35:00,0,12.173,0.479251968503937
2026-03-13 11:40:00,0.259,12.432,0.489448818897638
2026-03-13 11:45:00,0.259,12.691,0.499645669291339
2026-03-13 11:50:00,0,12.691,0.499645669291339
2026-03-13 11:55:00,0.518,13.209,0.52003937007874
2026-03-13 12:00:00,0.259,13.468,0.530236220472441
2026-03-13 12:05:00,0,13.468,0.530236220472441
2026-03-13 12:10:00,0.259,13.727,0.540433070866142
2026-03-13 12:15:00,0,13.727,0.540433070866142
2026-03-13 12:20:00,0,13.727,0.540433070866142
2026-03-13 12:25:00,0.259,13.986,0.550629921259843
2026-03-13 12:30:00,0,13.986,0.550629921259843
2026-03-13 12:35:00,0.259,14.245,0.560826771653543
2026-03-13 12:40:00,0,14.245,0.560826771653543
2026-03-13 12:45:00,0.259,14.504,0.571023622047244
2026-03-13 12:50:00,0.259,14.763,0.581220472440945
2026-03-13 12:55:00,0,14.763,0.581220472440945
2026-03-13 13:00:00,0.259,15.022,0.591417322834646
2026-03-13 13:05:00,0.259,15.281,0.601614173228347
2026-03-13 13:10:00,0,15.281,0.601614173228347
2026-03-13 13:15:00,0,15.281,0.601614173228347
2026-03-13 13:20:00,0,15.281,0.601614173228347
2026-03-13 13:25:00,0,15.281,0.601614173228347
2026-03-13 13:30:00,0,15.281,0.601614173228347
2026-03-13 13:35:00,0,15.281,0.601614173228347
2026-03-13 13:40:00,0,15.281,0.601614173228347
2026-03-13 13:45:00,0,15.281,0.601614173228347
2026-03-13 13:50:00,0,15.281,0.601614173228347
2026-03-13 13:55:00,0,15.281,0.601614173228347
2026-03-13 14:00:00,0,15.281,0.601614173228347
2026-03-13 14:05:00,0,15.281,0.601614173228347
2026-03-13 14:10:00,0,15.281,0.601614173228347
2026-03-13 14:15:00,0,15.281,0.601614173228347
2026-03-13 14:20:00,0,15.281,0.601614173228347
2026-03-13 14:25:00,0,15.281,0.601614173228347
2026-03-13 14:30:00,0,15.281,0.601614173228347
2026-03-13 14:35:00,0,15.281,0.601614173228347
2026-03-13 14:40:00,0,15.281,0.601614173228347
2026-03-13 14:45:00,0,15.281,0.601614173228347
2026-03-13 14:50:00,0,15.281,0.601614173228347
2026-03-13 14:55:00,0,15.281,0.601614173228347
2026-03-13 15:00:00,0,15.281,0.601614173228347
2026-03-13 15:05:00,0,15.281,0.601614173228347
2026-03-13 15:10:00,0,15.281,0.601614173228347
2026-03-13 15:15:00,0,15.281,0.601614173228347
2026-03-13 15:20:00,0,15.281,0.601614173228347
2026-03-13 15:25:00,0,15.281,0.601614173228347
2026-03-13 15:30:00,0,15.281,0.601614173228347
2026-03-13 15:35:00,0,15.281,0.601614173228347
2026-03-13 15:40:00,0,15.281,0.601614173228347
2026-03-13 15:45:00,0,15.281,0.601614173228347
2026-03-13 15:50:00,0,15.281,0.601614173228347
2026-03-13 15:55:00,0,15.281,0.601614173228347
2026-03-13 16:00:00,0,15.281,0.601614173228347
2026-03-13 16:05:00,0,15.281,0.601614173228347
2026-03-13 16:10:00,0,15.281,0.601614173228347
2026-03-13 16:15:00,0,15.281,0.601614173228347
2026-03-13 16:20:00,0,15.281,0.601614173228347
2026-03-13 16:25:00,0,15.281,0.601614173228347
2026-03-13 16:30:00,0,15.281,0.601614173228347
2026-03-13 16:35:00,0,15.281,0.601614173228347
2026-03-13 16:40:00,0,15.281,0.601614173228347
2026-03-13 16:45:00,0,15.281,0.601614173228347
2026-03-13 16:50:00,0,15.281,0.601614173228347
2026-03-13 16:55:00,0,15.281,0.601614173228347
2026-03-13 17:00:00,0,15.281,0.601614173228347
2026-03-13 17:05:00,0,15.281,0.601614173228347
2026-03-13 17:10:00,0,15.281,0.601614173228347
2026-03-13 17:15:00,0,15.281,0.601614173228347
2026-03-13 17:20:00,0,15.281,0.601614173228347
2026-03-13 17:25:00,0,15.281,0.601614173228347
2026-03-13 17:30:00,0,15.281,0.601614173228347
2026-03-13 17:35:00,0,15.281,0.601614173228347
2026-03-13 17:40:00,0,15.281,0.601614173228347
2026-03-13 17:45:00,0,15.281,0.601614173228347
2026-03-13 17:50:00,0,15.281,0.601614173228347
2026-03-13 17:55:00,0,15.281,0.601614173228347
2026-03-13 18:00:00,0,15.281,0.601614173228347
2026-03-13 18:05:00,0,15.281,0.601614173228347
2026-03-13 18:10:00,0.259,15.54,0.611811023622047
2026-03-13 18:15:00,0,15.54,0.611811023622047
2026-03-13 18:20:00,0,15.54,0.611811023622047
2026-03-13 18:25:00,0,15.54,0.611811023622047
2026-03-13 18:30:00,0.259,15.799,0.622007874015748
2026-03-13 18:35:00,0,15.799,0.622007874015748
2026-03-13 18:40:00,0.259,16.058,0.632204724409449
2026-03-13 18:45:00,0,16.058,0.632204724409449
2026-03-13 18:50:00,0,16.058,0.632204724409449
2026-03-13 18:55:00,0,16.058,0.632204724409449
2026-03-13 19:00:00,0,16.058,0.632204724409449
2026-03-13 19:05:00,0,16.058,0.632204724409449
2026-03-13 19:10:00,0,16.058,0.632204724409449
2026-03-13 19:15:00,0,16.058,0.632204724409449
2026-03-13 19:20:00,0,16.058,0.632204724409449
2026-03-13 19:25:00,0,16.058,0.632204724409449
2026-03-13 19:30:00,0,16.058,0.632204724409449
2026-03-13 19:35:00,0,16.058,0.632204724409449
2026-03-13 19:40:00,0,16.058,0.632204724409449
2026-03-13 19:45:00,0,16.058,0.632204724409449
2026-03-13 19:50:00,0,16.058,0.632204724409449
2026-03-13 19:55:00,0,16.058,0.632204724409449
2026-03-13 20:00:00,0,16.058,0.632204724409449
2026-03-13 20:05:00,0,16.058,0.632204724409449
2026-03-13 20:10:00,0.259,16.317,0.64240157480315
2026-03-13 20:15:00,0.259,16.576,0.65259842519685
2026-03-13 20:20:00,0,16.576,0.65259842519685
2026-03-13 20:25:00,0,16.576,0.65259842519685
2026-03-13 20:30:00,0,16.576,0.65259842519685
2026-03-13 20:35:00,0.259,16.835,0.662795275590551
2026-03-13 20:40:00,0,16.835,0.662795275590551
2026-03-13 20:45:00,0,16.835,0.662795275590551
2026-03-13 20:50:00,0,16.835,0.662795275590551
2026-03-13 20:55:00,0.518,17.353,0.683188976377953
2026-03-13 21:00:00,0.259,17.612,0.693385826771654
2026-03-13 21:05:00,0,17.612,0.693385826771654
2026-03-13 21:10:00,0.259,17.871,0.703582677165354
2026-03-13 21:15:00,0,17.871,0.703582677165354
2026-03-13 21:20:00,0,17.871,0.703582677165354
2026-03-13 21:25:00,0,17.871,0.703582677165354
2026-03-13 21:30:00,0,17.871,0.703582677165354
2026-03-13 21:35:00,0,17.871,0.703582677165354
2026-03-13 21:40:00,0,17.871,0.703582677165354
2026-03-13 21:45:00,0,17.871,0.703582677165354
2026-03-13 21:50:00,0,17.871,0.703582677165354
2026-03-13 21:55:00,0,17.871,0.703582677165354
2026-03-13 22:00:00,0.259,18.13,0.713779527559055
2026-03-13 22:05:00,0,18.13,0.713779527559055
2026-03-13 22:10:00,0,18.13,0.713779527559055
2026-03-13 22:15:00,0,18.13,0.713779527559055
2026-03-13 22:20:00,0.259,18.389,0.723976377952756
2026-03-13 22:25:00,0,18.389,0.723976377952756
2026-03-13 22:30:00,0.259,18.648,0.734173228346457
2026-03-13 22:35:00,0.259,18.907,0.744370078740157
2026-03-13 22:40:00,0,18.907,0.744370078740157
2026-03-13 22:45:00,0.259,19.166,0.754566929133858
2026-03-13 22:50:00,0,19.166,0.754566929133858
2026-03-13 22:55:00,0,19.166,0.754566929133858
2026-03-13 23:00:00,0.259,19.425,0.764763779527559
2026-03-13 23:05:00,0,19.425,0.764763779527559
2026-03-13 23:10:00,0,19.425,0.764763779527559
2026-03-13 23:15:00,0,19.425,0.764763779527559
2026-03-13 23:20:00,0,19.425,0.764763779527559
2026-03-13 23:25:00,0,19.425,0.764763779527559
2026-03-13 23:30:00,0,19.425,0.764763779527559
2026-03-13 23:35:00,0,19.425,0.764763779527559
2026-03-13 23:40:00,0,19.425,0.764763779527559
2026-03-13 23:45:00,0,19.425,0.764763779527559
2026-03-13 23:50:00,0,19.425,0.764763779527559
2026-03-13 23:55:00,0,19.425,0.764763779527559
2026-03-14 00:00:00,0,19.425,0.764763779527559
2026-03-14 00:05:00,0,19.425,0.764763779527559
2026-03-14 00:10:00,0,19.425,0.764763779527559
2026-03-14 00:15:00,0,19.425,0.764763779527559
2026-03-14 00:20:00,0,19.425,0.764763779527559
2026-03-14 00:25:00,0,19.425,0.764763779527559
2026-03-14 00:30:00,0,19.425,0.764763779527559
2026-03-14 00:35:00,0.259,19.684,0.77496062992126
2026-03-14 00:40:00,0,19.684,0.77496062992126
2026-03-14 00:45:00,0,19.684,0.77496062992126
2026-03-14 00:50:00,0.259,19.943,0.785157480314961
2026-03-14 00:55:00,0,19.943,0.785157480314961
2026-03-14 01:00:00,0,19.943,0.785157480314961
2026-03-14 01:05:00,0,19.943,0.785157480314961
2026-03-14 01:10:00,0.259,20.202,0.795354330708662
2026-03-14 01:15:00,0,20.202,0.795354330708662
2026-03-14 01:20:00,0,20.202,0.795354330708662
2026-03-14 01:25:00,0,20.202,0.795354330708662
2026-03-14 01:30:00,0,20.202,0.795354330708662
2026-03-14 01:35:00,0.259,20.461,0.805551181102362
2026-03-14 01:40:00,0,20.461,0.805551181102362
2026-03-14 01:45:00,0,20.461,0.805551181102362
2026-03-14 01:50:00,0.259,20.72,0.815748031496063
2026-03-14 01:55:00,0,20.72,0.815748031496063
2026-03-14 02:00:00,0,20.72,0.815748031496063
2026-03-14 02:05:00,0,20.72,0.815748031496063
2026-03-14 02:10:00,0,20.72,0.815748031496063
2026-03-14 02:15:00,0.259,20.979,0.825944881889764
2026-03-14 02:20:00,0,20.979,0.825944881889764
2026-03-14 02:25:00,0,20.979,0.825944881889764
2026-03-14 02:30:00,0.259,21.238,0.836141732283465
2026-03-14 02:35:00,0,21.238,0.836141732283465
2026-03-14 02:40:00,0.259,21.497,0.846338582677165
2026-03-14 02:45:00,0.518,22.015,0.866732283464567
2026-03-14 02:50:00,0,22.015,0.866732283464567
2026-03-14 02:55:00,0.259,22.274,0.876929133858268
2026-03-14 03:00:00,0,22.274,0.876929133858268
2026-03-14 03:05:00,0.259,22.533,0.887125984251969
2026-03-14 03:10:00,0,22.533,0.887125984251969
2026-03-14 03:15:00,0,22.533,0.887125984251969
2026-03-14 03:20:00,0,22.533,0.887125984251969
2026-03-14 03:25:00,0,22.533,0.887125984251969
2026-03-14 03:30:00,0.259,22.792,0.897322834645669
2026-03-14 03:35:00,0.259,23.051,0.90751968503937
2026-03-14 03:40:00,0.518,23.569,0.927913385826772
2026-03-14 03:45:00,0.777,24.346,0.958503937007874
2026-03-14 03:50:00,0.777,25.123,0.989094488188976
2026-03-14 03:55:00,0.777,25.9,1.01968503937008
2026-03-14 04:00:00,0.518,26.418,1.04007874015748
2026-03-14 04:05:00,0.518,26.936,1.06047244094488
2026-03-14 04:10:00,0.777,27.713,1.09106299212598
2026-03-14 04:15:00,0.518,28.231,1.11145669291339
2026-03-14 04:20:00,0.777,29.008,1.14204724409449
2026-03-14 04:25:00,0.518,29.526,1.16244094488189
2026-03-14 04:30:00,0.518,30.044,1.18283464566929
2026-03-14 04:35:00,0.259,30.303,1.19303149606299
2026-03-14 04:40:00,0.259,30.562,1.20322834645669
2026-03-14 04:45:00,0.518,31.08,1.22362204724409
2026-03-14 04:50:00,0.259,31.339,1.2338188976378
2026-03-14 04:55:00,0,31.339,1.2338188976378
2026-03-14 05:00:00,0,31.339,1.2338188976378
2026-03-14 05:05:00,0,31.339,1.2338188976378
2026-03-14 05:10:00,0,31.339,1.2338188976378
2026-03-14 05:15:00,0,31.339,1.2338188976378
2026-03-14 05:20:00,0.259,31.598,1.2440157480315
2026-03-14 05:25:00,0,31.598,1.2440157480315
2026-03-14 05:30:00,0,31.598,1.2440157480315
2026-03-14 05:35:00,0,31.598,1.2440157480315
2026-03-14 05:40:00,0.518,32.116,1.2644094488189
2026-03-14 05:45:00,0,32.116,1.2644094488189
2026-03-14 05:50:00,0,32.116,1.2644094488189
2026-03-14 05:55:00,0,32.116,1.2644094488189
2026-03-14 06:00:00,0.259,32.375,1.2746062992126
2026-03-14 06:05:00,0,32.375,1.2746062992126
2026-03-14 06:10:00,0.259,32.634,1.2848031496063
2026-03-14 06:15:00,0.518,33.152,1.3051968503937
2026-03-14 06:20:00,0.777,33.929,1.3357874015748
2026-03-14 06:25:00,2.332,36.261,1.42759842519685
2026-03-14 06:30:00,1.295,37.556,1.47858267716535
2026-03-14 06:35:00,0.518,38.074,1.49897637795276
2026-03-14 06:40:00,0,38.074,1.49897637795276
2026-03-14 06:45:00,0.259,38.333,1.50917322834646
2026-03-14 06:50:00,0.259,38.592,1.51937007874016
2026-03-14 06:55:00,0,38.592,1.51937007874016
2026-03-14 07:00:00,0.259,38.851,1.52956692913386
2026-03-14 07:05:00,0.259,39.11,1.53976377952756
2026-03-14 07:10:00,0.259,39.369,1.54996062992126
2026-03-14 07:15:00,0,39.369,1.54996062992126
2026-03-14 07:20:00,0,39.369,1.54996062992126
2026-03-14 07:25:00,0.259,39.628,1.56015748031496
2026-03-14 07:30:00,0,39.628,1.56015748031496
2026-03-14 07:35:00,0,39.628,1.56015748031496
2026-03-14 07:40:00,0,39.628,1.56015748031496
2026-03-14 07:45:00,0,39.628,1.56015748031496
2026-03-14 07:50:00,0,39.628,1.56015748031496
2026-03-14 07:55:00,0,39.628,1.56015748031496
2026-03-14 08:00:00,0,39.628,1.56015748031496
2026-03-14 08:05:00,0,39.628,1.56015748031496
2026-03-14 08:10:00,0,39.628,1.56015748031496
2026-03-14 08:15:00,0,39.628,1.56015748031496
2026-03-14 08:20:00,0,39.628,1.56015748031496
2026-03-14 08:25:00,0,39.628,1.56015748031496
2026-03-14 08:30:00,0,39.628,1.56015748031496
2026-03-14 08:35:00,0,39.628,1.56015748031496
2026-03-14 08:40:00,0,39.628,1.56015748031496
2026-03-14 08:45:00,0,39.628,1.56015748031496
2026-03-14 08:50:00,0.259,39.887,1.57035433070866
2026-03-14 08:55:00,0,39.887,1.57035433070866
2026-03-14 09:00:00,0,39.887,1.57035433070866
2026-03-14 09:05:00,0,39.887,1.57035433070866
2026-03-14 09:10:00,0,39.887,1.57035433070866
2026-03-14 09:15:00,0,39.887,1.57035433070866
2026-03-14 09:20:00,0,39.887,1.57035433070866
2026-03-14 09:25:00,0,39.887,1.57035433070866
2026-03-14 09:30:00,0,39.887,1.57035433070866
2026-03-14 09:35:00,0,39.887,1.57035433070866
2026-03-14 09:40:00,0,39.887,1.57035433070866
2026-03-14 09:45:00,0,39.887,1.57035433070866
2026-03-14 09:50:00,0,39.887,1.57035433070866
2026-03-14 09:55:00,0,39.887,1.57035433070866
2026-03-14 10:00:00,0,39.887,1.57035433070866
2026-03-14 10:05:00,0,39.887,1.57035433070866
2026-03-14 10:10:00,0,39.887,1.57035433070866
2026-03-14 10:15:00,0,39.887,1.57035433070866
2026-03-14 10:20:00,0,39.887,1.57035433070866
2026-03-14 10:25:00,0.518,40.405,1.59074803149606
2026-03-14 10:30:00,0.518,40.923,1.61114173228346
2026-03-14 10:35:00,0.259,41.182,1.62133858267717
2026-03-14 10:40:00,0,41.182,1.62133858267717
2026-03-14 10:45:00,0,41.182,1.62133858267717
2026-03-14 10:50:00,0,41.182,1.62133858267717
2026-03-14 10:55:00,0,41.182,1.62133858267717
2026-03-14 11:00:00,0.259,41.441,1.63153543307087
2026-03-14 11:05:00,0,41.441,1.63153543307087
2026-03-14 11:10:00,0.259,41.7,1.64173228346457
2026-03-14 11:15:00,0,41.7,1.64173228346457
2026-03-14 11:20:00,0.259,41.959,1.65192913385827
2026-03-14 11:25:00,0,41.959,1.65192913385827
2026-03-14 11:30:00,0,41.959,1.65192913385827
2026-03-14 11:35:00,0,41.959,1.65192913385827
2026-03-14 11:40:00,0,41.959,1.65192913385827
2026-03-14 11:45:00,0.518,42.477,1.67232283464567
2026-03-14 11:50:00,0.259,42.736,1.68251968503937
2026-03-14 11:55:00,0.777,43.513,1.71311023622047
2026-03-14 12:00:00,0.259,43.772,1.72330708661417
2026-03-14 12:05:00,0.259,44.031,1.73350393700787
2026-03-14 12:10:00,0.259,44.29,1.74370078740157
2026-03-14 12:15:00,0.259,44.549,1.75389763779528
2026-03-14 12:20:00,0,44.549,1.75389763779528
2026-03-14 12:25:00,0,44.549,1.75389763779528
2026-03-14 12:30:00,0,44.549,1.75389763779528
2026-03-14 12:35:00,0,44.549,1.75389763779528
2026-03-14 12:40:00,0,44.549,1.75389763779528
2026-03-14 12:45:00,0,44.549,1.75389763779528
2026-03-14 12:50:00,0,44.549,1.75389763779528
2026-03-14 12:55:00,0,44.549,1.75389763779528
2026-03-14 13:00:00,0,44.549,1.75389763779528
2026-03-14 13:05:00,0,44.549,1.75389763779528
2026-03-14 13:10:00,0.259,44.808,1.76409448818898
2026-03-14 13:15:00,0,44.808,1.76409448818898
2026-03-14 13:20:00,0.259,45.067,1.77429133858268
2026-03-14 13:25:00,0.259,45.326,1.78448818897638
2026-03-14 13:30:00,0,45.326,1.78448818897638
2026-03-14 13:35:00,0,45.326,1.78448818897638
2026-03-14 13:40:00,0.259,45.585,1.79468503937008
2026-03-14 13:45:00,1.295,46.88,1.84566929133858
2026-03-14 13:50:00,2.332,49.212,1.93748031496063
2026-03-14 13:55:00,1.814,51.026,2.00889763779528
2026-03-14 14:00:00,1.036,52.062,2.04968503937008
2026-03-14 14:05:00,0,52.062,2.04968503937008
2026-03-14 14:10:00,0,52.062,2.04968503937008
2026-03-14 14:15:00,0,52.062,2.04968503937008
2026-03-14 14:20:00,0,52.062,2.04968503937008
2026-03-14 14:25:00,0.259,52.321,2.05988188976378
2026-03-14 14:30:00,0,52.321,2.05988188976378
2026-03-14 14:35:00,0,52.321,2.05988188976378
2026-03-14 14:40:00,0,52.321,2.05988188976378
2026-03-14 14:45:00,0,52.321,2.05988188976378
2026-03-14 14:50:00,0,52.321,2.05988188976378
2026-03-14 14:55:00,0,52.321,2.05988188976378
2026-03-14 15:00:00,0,52.321,2.05988188976378
2026-03-14 15:05:00,0,52.321,2.05988188976378
2026-03-14 15:10:00,0,52.321,2.05988188976378
2026-03-14 15:15:00,0,52.321,2.05988188976378
2026-03-14 15:20:00,0,52.321,2.05988188976378
2026-03-14 15:25:00,0,52.321,2.05988188976378
2026-03-14 15:30:00,0,52.321,2.05988188976378
2026-03-14 15:35:00,0,52.321,2.05988188976378
2026-03-14 15:40:00,0,52.321,2.05988188976378
2026-03-14 15:45:00,0,52.321,2.05988188976378
2026-03-14 15:50:00,0,52.321,2.05988188976378
2026-03-14 15:55:00,0,52.321,2.05988188976378
2026-03-14 16:00:00,0,52.321,2.05988188976378
2026-03-14 16:05:00,0,52.321,2.05988188976378
2026-03-14 16:10:00,0,52.321,2.05988188976378
2026-03-14 16:15:00,1.555,53.876,2.12110236220472
2026-03-14 16:20:00,1.814,55.69,2.19251968503937
2026-03-14 16:25:00,0.518,56.208,2.21291338582677
2026-03-14 16:30:00,0.518,56.726,2.23330708661417
2026-03-14 16:35:00,0.777,57.503,2.26389763779528
2026-03-14 16:40:00,0.518,58.021,2.28429133858268
2026-03-14 16:45:00,0.518,58.539,2.30468503937008
2026-03-14 16:50:00,0.777,59.316,2.33527559055118
2026-03-14 16:55:00,0.777,60.093,2.36586614173228
2026-03-14 17:00:00,0.259,60.352,2.37606299212598
2026-03-14 17:05:00,0.259,60.611,2.38625984251969
2026-03-14 17:10:00,0.777,61.388,2.41685039370079
2026-03-14 17:15:00,0.518,61.906,2.43724409448819
2026-03-14 17:20:00,1.036,62.942,2.47803149606299
2026-03-14 17:25:00,1.554,64.496,2.5392125984252
2026-03-14 17:30:00,2.85,67.346,2.65141732283465
2026-03-14 17:35:00,1.814,69.16,2.72283464566929
2026-03-14 17:40:00,1.814,70.974,2.79425196850394
2026-03-14 17:45:00,2.85,73.824,2.90645669291339
2026-03-14 17:50:00,2.332,76.156,2.99826771653543
2026-03-14 17:55:00,1.036,77.192,3.03905511811024
2026-03-14 18:00:00,1.036,78.228,3.07984251968504
2026-03-14 18:05:00,0.777,79.005,3.11043307086614
2026-03-14 18:10:00,0.777,79.782,3.14102362204724
2026-03-14 18:15:00,2.073,81.855,3.22263779527559
2026-03-14 18:20:00,1.554,83.409,3.2838188976378
2026-03-14 18:25:00,1.295,84.704,3.3348031496063
2026-03-14 18:30:00,1.554,86.258,3.3959842519685
2026-03-14 18:35:00,2.85,89.108,3.50818897637795
2026-03-14 18:40:00,2.073,91.181,3.5898031496063
2026-03-14 18:45:00,1.554,92.735,3.6509842519685
2026-03-14 18:50:00,0.777,93.512,3.68157480314961
2026-03-14 18:55:00,0.518,94.03,3.70196850393701
2026-03-14 19:00:00,1.036,95.066,3.74275590551181
2026-03-14 19:05:00,0.259,95.325,3.75295275590551
2026-03-14 19:10:00,0.259,95.584,3.76314960629921
2026-03-14 19:15:00,0.259,95.843,3.77334645669291
2026-03-14 19:20:00,0.259,96.102,3.78354330708661
2026-03-14 19:25:00,0,96.102,3.78354330708661
2026-03-14 19:30:00,0.259,96.361,3.79374015748032
2026-03-14 19:35:00,0,96.361,3.79374015748032
2026-03-14 19:40:00,0.518,96.879,3.81413385826772
2026-03-14 19:45:00,0.518,97.397,3.83452755905512
2026-03-14 19:50:00,0.259,97.656,3.84472440944882
2026-03-14 19:55:00,0.259,97.915,3.85492125984252
2026-03-14 20:00:00,0.518,98.433,3.87531496062992
2026-03-14 20:05:00,0.777,99.21,3.90590551181102
2026-03-14 20:10:00,1.036,100.246,3.94669291338583
2026-03-14 20:15:00,2.591,102.837,4.04870078740158
2026-03-14 20:20:00,2.332,105.169,4.14051181102362
2026-03-14 20:25:00,1.554,106.723,4.20169291338583
2026-03-14 20:30:00,1.036,107.759,4.24248031496063
2026-03-14 20:35:00,1.295,109.054,4.29346456692913
2026-03-14 20:40:00,1.036,110.09,4.33425196850394
2026-03-14 20:45:00,1.554,111.644,4.39543307086614
2026-03-14 20:50:00,1.295,112.939,4.44641732283465
2026-03-14 20:55:00,1.295,114.234,4.49740157480315
2026-03-14 21:00:00,0.518,114.752,4.51779527559055
2026-03-14 21:05:00,0.777,115.529,4.54838582677165
2026-03-14 21:10:00,1.036,116.565,4.58917322834646
2026-03-14 21:15:00,1.554,118.119,4.65035433070866
2026-03-14 21:20:00,2.332,120.451,4.74216535433071
2026-03-14 21:25:00,1.814,122.265,4.81358267716535
2026-03-14 21:30:00,1.814,124.079,4.885
2026-03-14 21:35:00,1.295,125.374,4.9359842519685
2026-03-14 21:40:00,0.518,125.892,4.95637795275591
2026-03-14 21:45:00,0,125.892,4.95637795275591
2026-03-14 21:50:00,0,125.892,4.95637795275591
2026-03-14 21:55:00,0,125.892,4.95637795275591
2026-03-14 22:00:00,0,125.892,4.95637795275591
2026-03-14 22:05:00,1.295,127.187,5.00736220472441
2026-03-14 22:10:00,3.109,130.296,5.12976377952756
2026-03-14 22:15:00,1.554,131.85,5.19094488188976
2026-03-14 22:20:00,2.591,134.441,5.29295275590551
2026-03-14 22:25:00,1.295,135.736,5.34393700787402
2026-03-14 22:30:00,0.777,136.513,5.37452755905512
2026-03-14 22:35:00,1.036,137.549,5.41531496062992
2026-03-14 22:40:00,1.295,138.844,5.46629921259843
2026-03-14 22:45:00,0.777,139.621,5.49688976377953
2026-03-14 22:50:00,0.259,139.88,5.50708661417323
2026-03-14 22:55:00,0.259,140.139,5.51728346456693
2026-03-14 23:00:00,0.259,140.398,5.52748031496063
2026-03-14 23:05:00,0.259,140.657,5.53767716535433
2026-03-14 23:10:00,0.777,141.434,5.56826771653543
2026-03-14 23:15:00,1.036,142.47,5.60905511811024
2026-03-14 23:20:00,0.777,143.247,5.63964566929134
2026-03-14 23:25:00,1.036,144.283,5.68043307086614
2026-03-14 23:30:00,1.036,145.319,5.72122047244094
2026-03-14 23:35:00,0.777,146.096,5.75181102362205
2026-03-14 23:40:00,0.259,146.355,5.76200787401575
2026-03-14 23:45:00,0,146.355,5.76200787401575
2026-03-14 23:50:00,0,146.355,5.76200787401575
2026-03-14 23:55:00,0,146.355,5.76200787401575
2026-03-15 00:00:00,0,146.355,5.76200787401575
2026-03-15 00:05:00,0.259,146.614,5.77220472440945
2026-03-15 00:10:00,0,146.614,5.77220472440945
2026-03-15 00:15:00,0,146.614,5.77220472440945
2026-03-15 00:20:00,0,146.614,5.77220472440945
2026-03-15 00:25:00,0,146.614,5.77220472440945
2026-03-15 00:30:00,0,146.614,5.77220472440945
2026-03-15 00:35:00,0,146.614,5.77220472440945
2026-03-15 00:40:00,0,146.614,5.77220472440945
2026-03-15 00:45:00,0,146.614,5.77220472440945
2026-03-15 00:50:00,0,146.614,5.77220472440945
2026-03-15 00:55:00,0,146.614,5.77220472440945
2026-03-15 01:00:00,0,146.614,5.77220472440945
2026-03-15 01:05:00,0,146.614,5.77220472440945
2026-03-15 01:10:00,0,146.614,5.77220472440945
2026-03-15 01:15:00,0.259,146.873,5.78240157480315
2026-03-15 01:20:00,0,146.873,5.78240157480315
2026-03-15 01:25:00,0,146.873,5.78240157480315
2026-03-15 01:30:00,0,146.873,5.78240157480315
2026-03-15 01:35:00,0,146.873,5.78240157480315
2026-03-15 01:40:00,0,146.873,5.78240157480315
2026-03-15 01:45:00,0,146.873,5.78240157480315
2026-03-15 01:50:00,0,146.873,5.78240157480315
2026-03-15 01:55:00,0,146.873,5.78240157480315
2026-03-15 02:00:00,0,146.873,5.78240157480315
2026-03-15 02:05:00,0,146.873,5.78240157480315
2026-03-15 02:10:00,0,146.873,5.78240157480315
2026-03-15 02:15:00,0,146.873,5.78240157480315
2026-03-15 02:20:00,0,146.873,5.78240157480315
2026-03-15 02:25:00,0,146.873,5.78240157480315
2026-03-15 02:30:00,0,146.873,5.78240157480315
2026-03-15 02:35:00,0,146.873,5.78240157480315
2026-03-15 02:40:00,0,146.873,5.78240157480315
2026-03-15 02:45:00,0,146.873,5.78240157480315
2026-03-15 02:50:00,0,146.873,5.78240157480315
2026-03-15 02:55:00,0,146.873,5.78240157480315
2026-03-15 03:00:00,0,146.873,5.78240157480315
2026-03-15 03:05:00,0,146.873,5.78240157480315
2026-03-15 03:10:00,0,146.873,5.78240157480315
2026-03-15 03:15:00,0,146.873,5.78240157480315
2026-03-15 03:20:00,0,146.873,5.78240157480315
2026-03-15 03:25:00,0,146.873,5.78240157480315
2026-03-15 03:30:00,0,146.873,5.78240157480315
2026-03-15 03:35:00,0,146.873,5.78240157480315
2026-03-15 03:40:00,0,146.873,5.78240157480315
2026-03-15 03:45:00,0,146.873,5.78240157480315
2026-03-15 03:50:00,0,146.873,5.78240157480315
2026-03-15 03:55:00,0.259,147.132,5.79259842519685
2026-03-15 04:00:00,0.259,147.391,5.80279527559055
2026-03-15 04:05:00,0,147.391,5.80279527559055
2026-03-15 04:10:00,0.259,147.65,5.81299212598425
2026-03-15 04:15:00,0,147.65,5.81299212598425
2026-03-15 04:20:00,0,147.65,5.81299212598425
2026-03-15 04:25:00,0,147.65,5.81299212598425
2026-03-15 04:30:00,0,147.65,5.81299212598425
2026-03-15 04:35:00,0,147.65,5.81299212598425
2026-03-15 04:40:00,0,147.65,5.81299212598425
2026-03-15 04:45:00,0,147.65,5.81299212598425
2026-03-15 04:50:00,0,147.65,5.81299212598425
2026-03-15 04:55:00,0,147.65,5.81299212598425
2026-03-15 05:00:00,0,147.65,5.81299212598425
2026-03-15 05:05:00,0,147.65,5.81299212598425
2026-03-15 05:10:00,0,147.65,5.81299212598425
2026-03-15 05:15:00,0,147.65,5.81299212598425
2026-03-15 05:20:00,0,147.65,5.81299212598425
2026-03-15 05:25:00,0.259,147.909,5.82318897637795
2026-03-15 05:30:00,0,147.909,5.82318897637795
2026-03-15 05:35:00,0,147.909,5.82318897637795
2026-03-15 05:40:00,0,147.909,5.82318897637795
2026-03-15 05:45:00,0,147.909,5.82318897637795
2026-03-15 05:50:00,0,147.909,5.82318897637795
2026-03-15 05:55:00,0,147.909,5.82318897637795
2026-03-15 06:00:00,0,147.909,5.82318897637795
2026-03-15 06:05:00,0,147.909,5.82318897637795
2026-03-15 06:10:00,0,147.909,5.82318897637795
2026-03-15 06:15:00,0,147.909,5.82318897637795
2026-03-15 06:20:00,0,147.909,5.82318897637795
2026-03-15 06:25:00,0,147.909,5.82318897637795
2026-03-15 06:30:00,0,147.909,5.82318897637795
2026-03-15 06:35:00,0,147.909,5.82318897637795
2026-03-15 06:40:00,0,147.909,5.82318897637795
2026-03-15 06:45:00,0,147.909,5.82318897637795
2026-03-15 06:50:00,0,147.909,5.82318897637795
2026-03-15 06:55:00,0,147.909,5.82318897637795
2026-03-15 07:00:00,0,147.909,5.82318897637795
2026-03-15 07:05:00,0,147.909,5.82318897637795
2026-03-15 07:10:00,0,147.909,5.82318897637795
2026-03-15 07:15:00,0,147.909,5.82318897637795
2026-03-15 07:20:00,0,147.909,5.82318897637795
2026-03-15 07:25:00,0.259,148.168,5.83338582677165
2026-03-15 07:30:00,0,148.168,5.83338582677165
2026-03-15 07:35:00,0.259,148.427,5.84358267716535
2026-03-15 07:40:00,0,148.427,5.84358267716535
2026-03-15 07:45:00,0,148.427,5.84358267716535
2026-03-15 07:50:00,0,148.427,5.84358267716535
2026-03-15 07:55:00,0,148.427,5.84358267716535
2026-03-15 08:00:00,0,148.427,5.84358267716535
2026-03-15 08:05:00,0,148.427,5.84358267716535
2026-03-15 08:10:00,0,148.427,5.84358267716535
2026-03-15 08:15:00,0,148.427,5.84358267716535
2026-03-15 08:20:00,0.259,148.686,5.85377952755906
2026-03-15 08:25:00,0.259,148.945,5.86397637795276
2026-03-15 08:30:00,0,148.945,5.86397637795276
2026-03-15 08:35:00,0,148.945,5.86397637795276
2026-03-15 08:40:00,0,148.945,5.86397637795276
2026-03-15 08:45:00,0,148.945,5.86397637795276
2026-03-15 08:50:00,0,148.945,5.86397637795276
2026-03-15 08:55:00,0,148.945,5.86397637795276
2026-03-15 09:00:00,0,148.945,5.86397637795276
2026-03-15 09:05:00,0,148.945,5.86397637795276
2026-03-15 09:10:00,0,148.945,5.86397637795276
2026-03-15 09:15:00,0,148.945,5.86397637795276
2026-03-15 09:20:00,0,148.945,5.86397637795276
2026-03-15 09:25:00,0,148.945,5.86397637795276
2026-03-15 09:30:00,0,148.945,5.86397637795276
2026-03-15 09:35:00,0,148.945,5.86397637795276
2026-03-15 09:40:00,0,148.945,5.86397637795276
2026-03-15 09:45:00,0,148.945,5.86397637795276
2026-03-15 09:50:00,0,148.945,5.86397637795276
2026-03-15 09:55:00,0,148.945,5.86397637795276
2026-03-15 10:00:00,0,148.945,5.86397637795276
2026-03-15 10:05:00,0,148.945,5.86397637795276
2026-03-15 10:10:00,0,148.945,5.86397637795276
2026-03-15 10:15:00,0,148.945,5.86397637795276
2026-03-15 10:20:00,0,148.945,5.86397637795276
2026-03-15 10:25:00,0,148.945,5.86397637795276
2026-03-15 10:30:00,0,148.945,5.86397637795276
2026-03-15 10:35:00,0,148.945,5.86397637795276
2026-03-15 10:40:00,0,148.945,5.86397637795276
2026-03-15 10:45:00,0,148.945,5.86397637795276
2026-03-15 10:50:00,0,148.945,5.86397637795276
2026-03-15 10:55:00,0,148.945,5.86397637795276
2026-03-15 11:00:00,0,148.945,5.86397637795276
2026-03-15 11:05:00,0,148.945,5.86397637795276
2026-03-15 11:10:00,0.259,149.204,5.87417322834646
2026-03-15 11:15:00,0,149.204,5.87417322834646
2026-03-15 11:20:00,0,149.204,5.87417322834646
2026-03-15 11:25:00,0,149.204,5.87417322834646
2026-03-15 11:30:00,0,149.204,5.87417322834646
2026-03-15 11:35:00,0,149.204,5.87417322834646
2026-03-15 11:40:00,0,149.204,5.87417322834646
2026-03-15 11:45:00,0,149.204,5.87417322834646
2026-03-15 11:50:00,0,149.204,5.87417322834646
2026-03-15 11:55:00,0,149.204,5.87417322834646
2026-03-15 12:00:00,0,149.204,5.87417322834646
2026-03-15 12:05:00,0,149.204,5.87417322834646
2026-03-15 12:10:00,0,149.204,5.87417322834646
2026-03-15 12:15:00,0,149.204,5.87417322834646
2026-03-15 12:20:00,0,149.204,5.87417322834646
2026-03-15 12:25:00,0.259,149.463,5.88437007874016
2026-03-15 12:30:00,0.259,149.722,5.89456692913386
2026-03-15 12:35:00,0.518,150.24,5.91496062992126
2026-03-15 12:40:00,0.259,150.499,5.92515748031496
2026-03-15 12:45:00,0,150.499,5.92515748031496
2026-03-15 12:50:00,0,150.499,5.92515748031496
2026-03-15 12:55:00,0,150.499,5.92515748031496
2026-03-15 13:00:00,0,150.499,5.92515748031496
2026-03-15 13:05:00,0,150.499,5.92515748031496
2026-03-15 13:10:00,0,150.499,5.92515748031496
2026-03-15 13:15:00,0,150.499,5.92515748031496
2026-03-15 13:20:00,0,150.499,5.92515748031496
2026-03-15 13:25:00,0,150.499,5.92515748031496
2026-03-15 13:30:00,0,150.499,5.92515748031496
2026-03-15 13:35:00,0,150.499,5.92515748031496
2026-03-15 13:40:00,0,150.499,5.92515748031496
2026-03-15 13:45:00,0,150.499,5.92515748031496
2026-03-15 13:50:00,0,150.499,5.92515748031496
2026-03-15 13:55:00,0,150.499,5.92515748031496
2026-03-15 14:00:00,0,150.499,5.92515748031496
2026-03-15 14:05:00,0,150.499,5.92515748031496
2026-03-15 14:10:00,0,150.499,5.92515748031496
2026-03-15 14:15:00,0,150.499,5.92515748031496
2026-03-15 14:20:00,0,150.499,5.92515748031496
2026-03-15 14:25:00,0,150.499,5.92515748031496
2026-03-15 14:30:00,0,150.499,5.92515748031496
2026-03-15 14:35:00,0,150.499,5.92515748031496
2026-03-15 14:40:00,0,150.499,5.92515748031496
2026-03-15 14:45:00,0,150.499,5.92515748031496
2026-03-15 14:50:00,0,150.499,5.92515748031496
2026-03-15 14:55:00,0,150.499,5.92515748031496
2026-03-15 15:00:00,0,150.499,5.92515748031496
2026-03-15 15:05:00,0,150.499,5.92515748031496
2026-03-15 15:10:00,0,150.499,5.92515748031496
2026-03-15 15:15:00,0,150.499,5.92515748031496
2026-03-15 15:20:00,0,150.499,5.92515748031496
2026-03-15 15:25:00,0,150.499,5.92515748031496
2026-03-15 15:30:00,0,150.499,5.92515748031496
2026-03-15 15:35:00,0,150.499,5.92515748031496
2026-03-15 15:40:00,0,150.499,5.92515748031496
2026-03-15 15:45:00,0,150.499,5.92515748031496
2026-03-15 15:50:00,0,150.499,5.92515748031496
2026-03-15 15:55:00,0,150.499,5.92515748031496
2026-03-15 16:00:00,0,150.499,5.92515748031496
2026-03-15 16:05:00,0,150.499,5.92515748031496
2026-03-15 16:10:00,0,150.499,5.92515748031496
2026-03-15 16:15:00,0,150.499,5.92515748031496
2026-03-15 16:20:00,0,150.499,5.92515748031496
2026-03-15 16:25:00,0,150.499,5.92515748031496
2026-03-15 16:30:00,0,150.499,5.92515748031496
2026-03-15 16:35:00,0,150.499,5.92515748031496
2026-03-15 16:40:00,0,150.499,5.92515748031496
2026-03-15 16:45:00,0,150.499,5.92515748031496
2026-03-15 16:50:00,0,150.499,5.92515748031496
2026-03-15 16:55:00,0,150.499,5.92515748031496
2026-03-15 17:00:00,0,150.499,5.92515748031496
2026-03-15 17:05:00,0,150.499,5.92515748031496
2026-03-15 17:10:00,0,150.499,5.92515748031496
2026-03-15 17:15:00,0,150.499,5.92515748031496
2026-03-15 17:20:00,0,150.499,5.92515748031496
2026-03-15 17:25:00,0,150.499,5.92515748031496
2026-03-15 17:30:00,0,150.499,5.92515748031496
2026-03-15 17:35:00,0,150.499,5.92515748031496
2026-03-15 17:40:00,0,150.499,5.92515748031496
2026-03-15 17:45:00,0,150.499,5.92515748031496
2026-03-15 17:50:00,0,150.499,5.92515748031496
2026-03-15 17:55:00,0,150.499,5.92515748031496
2026-03-15 18:00:00,0,150.499,5.92515748031496
2026-03-15 18:05:00,0,150.499,5.92515748031496
2026-03-15 18:10:00,0,150.499,5.92515748031496
2026-03-15 18:15:00,0,150.499,5.92515748031496
2026-03-15 18:20:00,0,150.499,5.92515748031496
2026-03-15 18:25:00,0,150.499,5.92515748031496
2026-03-15 18:30:00,0,150.499,5.92515748031496
2026-03-15 18:35:00,0,150.499,5.92515748031496
2026-03-15 18:40:00,0,150.499,5.92515748031496
2026-03-15 18:45:00,0,150.499,5.92515748031496
2026-03-15 18:50:00,0,150.499,5.92515748031496
2026-03-15 18:55:00,0,150.499,5.92515748031496
2026-03-15 19:00:00,0,150.499,5.92515748031496
2026-03-15 19:05:00,0,150.499,5.92515748031496
2026-03-15 19:10:00,0,150.499,5.92515748031496
2026-03-15 19:15:00,0,150.499,5.92515748031496
2026-03-15 19:20:00,0,150.499,5.92515748031496
2026-03-15 19:25:00,0,150.499,5.92515748031496
2026-03-15 19:30:00,0,150.499,5.92515748031496
2026-03-15 19:35:00,0,150.499,5.92515748031496
2026-03-15 19:40:00,0,150.499,5.92515748031496
2026-03-15 19:45:00,0,150.499,5.92515748031496
2026-03-15 19:50:00,0,150.499,5.92515748031496
2026-03-15 19:55:00,0,150.499,5.92515748031496
2026-03-15 20:00:00,0,150.499,5.92515748031496
2026-03-15 20:05:00,0,150.499,5.92515748031496
2026-03-15 20:10:00,1.554,152.053,5.98633858267717
2026-03-15 20:15:00,0.518,152.571,6.00673228346457
2026-03-15 20:20:00,0.259,152.83,6.01692913385827
2026-03-15 20:25:00,0,152.83,6.01692913385827
2026-03-15 20:30:00,0,152.83,6.01692913385827
2026-03-15 20:35:00,0,152.83,6.01692913385827
2026-03-15 20:40:00,0,152.83,6.01692913385827
2026-03-15 20:45:00,0,152.83,6.01692913385827
2026-03-15 20:50:00,0,152.83,6.01692913385827
2026-03-15 20:55:00,0,152.83,6.01692913385827
2026-03-15 21:00:00,0,152.83,6.01692913385827
2026-03-15 21:05:00,0,152.83,6.01692913385827
2026-03-15 21:10:00,0.259,153.089,6.02712598425197
2026-03-15 21:15:00,0.259,153.348,6.03732283464567
2026-03-15 21:20:00,0,153.348,6.03732283464567
2026-03-15 21:25:00,0,153.348,6.03732283464567
2026-03-15 21:30:00,0,153.348,6.03732283464567
2026-03-15 21:35:00,0,153.348,6.03732283464567
2026-03-15 21:40:00,0.259,153.607,6.04751968503937
2026-03-15 21:45:00,0,153.607,6.04751968503937
2026-03-15 21:50:00,0,153.607,6.04751968503937
2026-03-15 21:55:00,0.259,153.866,6.05771653543307
2026-03-15 22:00:00,0,153.866,6.05771653543307
2026-03-15 22:05:00,0,153.866,6.05771653543307
2026-03-15 22:10:00,0,153.866,6.05771653543307
2026-03-15 22:15:00,0,153.866,6.05771653543307
2026-03-15 22:20:00,0,153.866,6.05771653543307
2026-03-15 22:25:00,0,153.866,6.05771653543307
2026-03-15 22:30:00,0,153.866,6.05771653543307
2026-03-15 22:35:00,0,153.866,6.05771653543307
2026-03-15 22:40:00,0,153.866,6.05771653543307
2026-03-15 22:45:00,0,153.866,6.05771653543307
2026-03-15 22:50:00,0,153.866,6.05771653543307
2026-03-15 22:55:00,0,153.866,6.05771653543307
2026-03-15 23:00:00,0,153.866,6.05771653543307
2026-03-15 23:05:00,0,153.866,6.05771653543307
2026-03-15 23:10:00,0,153.866,6.05771653543307
2026-03-15 23:15:00,0,153.866,6.05771653543307
2026-03-15 23:20:00,0,153.866,6.05771653543307
2026-03-15 23:25:00,0,153.866,6.05771653543307
2026-03-15 23:30:00,0,153.866,6.05771653543307
2026-03-15 23:35:00,0,153.866,6.05771653543307
2026-03-15 23:40:00,0,153.866,6.05771653543307
2026-03-15 23:45:00,0,153.866,6.05771653543307
2026-03-15 23:50:00,0,153.866,6.05771653543307
2026-03-15 23:55:00,0,153.866,6.05771653543307
2026-03-16 00:00:00,0,153.866,6.05771653543307
2026-03-16 00:05:00,0,153.866,6.05771653543307
2026-03-16 00:10:00,0,153.866,6.05771653543307
2026-03-16 00:15:00,0,153.866,6.05771653543307
2026-03-16 00:20:00,0,153.866,6.05771653543307
2026-03-16 00:25:00,0,153.866,6.05771653543307
2026-03-16 00:30:00,0,153.866,6.05771653543307
2026-03-16 00:35:00,0,153.866,6.05771653543307
2026-03-16 00:40:00,0,153.866,6.05771653543307
2026-03-16 00:45:00,0,153.866,6.05771653543307
2026-03-16 00:50:00,0,153.866,6.05771653543307
2026-03-16 00:55:00,0,153.866,6.05771653543307
2026-03-16 01:00:00,0,153.866,6.05771653543307
2026-03-16 01:05:00,0,153.866,6.05771653543307
2026-03-16 01:10:00,0,153.866,6.05771653543307
2026-03-16 01:15:00,0,153.866,6.05771653543307
2026-03-16 01:20:00,0,153.866,6.05771653543307
2026-03-16 01:25:00,0,153.866,6.05771653543307
2026-03-16 01:30:00,0,153.866,6.05771653543307
2026-03-16 01:35:00,0,153.866,6.05771653543307
2026-03-16 01:40:00,0,153.866,6.05771653543307
2026-03-16 01:45:00,0,153.866,6.05771653543307
2026-03-16 01:50:00,0,153.866,6.05771653543307
2026-03-16 01:55:00,0,153.866,6.05771653543307
2026-03-16 02:00:00,0,153.866,6.05771653543307
2026-03-16 02:05:00,0,153.866,6.05771653543307
2026-03-16 02:10:00,0,153.866,6.05771653543307
2026-03-16 02:15:00,0,153.866,6.05771653543307
2026-03-16 02:20:00,0,153.866,6.05771653543307
2026-03-16 02:25:00,0,153.866,6.05771653543307
2026-03-16 02:30:00,0,153.866,6.05771653543307
2026-03-16 02:35:00,0,153.866,6.05771653543307
2026-03-16 02:40:00,0,153.866,6.05771653543307
2026-03-16 02:45:00,0,153.866,6.05771653543307
2026-03-16 02:50:00,0,153.866,6.05771653543307
2026-03-16 02:55:00,0,153.866,6.05771653543307
2026-03-16 03:00:00,0,153.866,6.05771653543307
2026-03-16 03:05:00,0,153.866,6.05771653543307
2026-03-16 03:10:00,0,153.866,6.05771653543307
2026-03-16 03:15:00,0,153.866,6.05771653543307
2026-03-16 03:20:00,0,153.866,6.05771653543307
2026-03-16 03:25:00,0,153.866,6.05771653543307
2026-03-16 03:30:00,0,153.866,6.05771653543307
2026-03-16 03:35:00,0,153.866,6.05771653543307
2026-03-16 03:40:00,0,153.866,6.05771653543307
2026-03-16 03:45:00,0,153.866,6.05771653543307
2026-03-16 03:50:00,0,153.866,6.05771653543307
2026-03-16 03:55:00,0,153.866,6.05771653543307
2026-03-16 04:00:00,0,153.866,6.05771653543307
2026-03-16 04:05:00,0,153.866,6.05771653543307
2026-03-16 04:10:00,0,153.866,6.05771653543307
2026-03-16 04:15:00,0,153.866,6.05771653543307
2026-03-16 04:20:00,0,153.866,6.05771653543307
2026-03-16 04:25:00,0,153.866,6.05771653543307
2026-03-16 04:30:00,0,153.866,6.05771653543307
2026-03-16 04:35:00,0,153.866,6.05771653543307
2026-03-16 04:40:00,0,153.866,6.05771653543307
2026-03-16 04:45:00,0,153.866,6.05771653543307
2026-03-16 04:50:00,0,153.866,6.05771653543307
2026-03-16 04:55:00,0,153.866,6.05771653543307
2026-03-16 05:00:00,0,153.866,6.05771653543307
2026-03-16 05:05:00,0,153.866,6.05771653543307
2026-03-16 05:10:00,0,153.866,6.05771653543307
2026-03-16 05:15:00,0,153.866,6.05771653543307
2026-03-16 05:20:00,0,153.866,6.05771653543307
2026-03-16 05:25:00,0,153.866,6.05771653543307
2026-03-16 05:30:00,0,153.866,6.05771653543307
2026-03-16 05:35:00,0,153.866,6.05771653543307
2026-03-16 05:40:00,0,153.866,6.05771653543307
2026-03-16 05:45:00,0,153.866,6.05771653543307
2026-03-16 05:50:00,0,153.866,6.05771653543307
2026-03-16 05:55:00,0,153.866,6.05771653543307
2026-03-16 06:00:00,0,153.866,6.05771653543307
2026-03-16 06:05:00,0,153.866,6.05771653543307
2026-03-16 06:10:00,0,153.866,6.05771653543307
2026-03-16 06:15:00,0,153.866,6.05771653543307
2026-03-16 06:20:00,0,153.866,6.05771653543307
2026-03-16 06:25:00,0,153.866,6.05771653543307
2026-03-16 06:30:00,0,153.866,6.05771653543307
2026-03-16 06:35:00,0,153.866,6.05771653543307
2026-03-16 06:40:00,0,153.866,6.05771653543307
2026-03-16 06:45:00,0,153.866,6.05771653543307
2026-03-16 06:50:00,0,153.866,6.05771653543307
2026-03-16 06:55:00,0,153.866,6.05771653543307
2026-03-16 07:00:00,0,153.866,6.05771653543307
2026-03-16 07:05:00,0,153.866,6.05771653543307
2026-03-16 07:10:00,0,153.866,6.05771653543307
2026-03-16 07:15:00,0,153.866,6.05771653543307
2026-03-16 07:20:00,0,153.866,6.05771653543307
2026-03-16 07:25:00,0,153.866,6.05771653543307
2026-03-16 07:30:00,0,153.866,6.05771653543307
2026-03-16 07:35:00,0,153.866,6.05771653543307
2026-03-16 07:40:00,0,153.866,6.05771653543307
2026-03-16 07:45:00,0,153.866,6.05771653543307
2026-03-16 07:50:00,0,153.866,6.05771653543307
2026-03-16 07:55:00,0,153.866,6.05771653543307
2026-03-16 08:00:00,0,153.866,6.05771653543307
2026-03-16 08:05:00,0,153.866,6.05771653543307
2026-03-16 08:10:00,0,153.866,6.05771653543307
2026-03-16 08:15:00,0,153.866,6.05771653543307
2026-03-16 08:20:00,0,153.866,6.05771653543307
2026-03-16 08:25:00,0,153.866,6.05771653543307
2026-03-16 08:30:00,0,153.866,6.05771653543307
2026-03-16 08:35:00,0,153.866,6.05771653543307
2026-03-16 08:40:00,0,153.866,6.05771653543307
2026-03-16 08:45:00,0,153.866,6.05771653543307
2026-03-16 08:50:00,0,153.866,6.05771653543307
2026-03-16 08:55:00,0,153.866,6.05771653543307
2026-03-16 09:00:00,0,153.866,6.05771653543307
2026-03-16 09:05:00,0,153.866,6.05771653543307
2026-03-16 09:10:00,0,153.866,6.05771653543307
2026-03-16 09:15:00,0,153.866,6.05771653543307
2026-03-16 09:20:00,0,153.866,6.05771653543307
2026-03-16 09:25:00,0,153.866,6.05771653543307
2026-03-16 09:30:00,0,153.866,6.05771653543307
2026-03-16 09:35:00,0.259,154.125,6.06791338582677
2026-03-16 09:40:00,0,154.125,6.06791338582677
2026-03-16 09:45:00,0,154.125,6.06791338582677
2026-03-16 09:50:00,0.259,154.384,6.07811023622047
2026-03-16 09:55:00,0.259,154.643,6.08830708661417
2026-03-16 10:00:00,0.259,154.902,6.09850393700787
2026-03-16 10:05:00,0.777,155.679,6.12909448818898
2026-03-16 10:10:00,0.259,155.938,6.13929133858268
2026-03-16 10:15:00,0.518,156.456,6.15968503937008
2026-03-16 10:20:00,0.518,156.974,6.18007874015748
2026-03-16 10:25:00,0.777,157.751,6.21066929133858
2026-03-16 10:30:00,1.554,159.305,6.27185039370079
2026-03-16 10:35:00,0.518,159.823,6.29224409448819
2026-03-16 10:40:00,3.368,163.191,6.42484251968504
2026-03-16 10:45:00,1.036,164.227,6.46562992125984
2026-03-16 10:50:00,1.814,166.041,6.53704724409449
2026-03-16 10:55:00,2.591,168.632,6.63905511811024
2026-03-16 11:00:00,2.591,171.223,6.74106299212599
2026-03-16 11:05:00,2.073,173.296,6.82267716535433
2026-03-16 11:10:00,0.777,174.073,6.85326771653543
2026-03-16 11:15:00,1.295,175.368,6.90425196850394
2026-03-16 11:20:00,2.073,177.441,6.98586614173228
2026-03-16 11:25:00,0.518,177.959,7.00625984251969
2026-03-16 11:30:00,0.259,178.218,7.01645669291339
2026-03-16 11:35:00,0.259,178.477,7.02665354330709
2026-03-16 11:40:00,0,178.477,7.02665354330709
2026-03-16 11:45:00,0.259,178.736,7.03685039370079
2026-03-16 11:50:00,0,178.736,7.03685039370079
2026-03-16 11:55:00,0.259,178.995,7.04704724409449
2026-03-16 12:00:00,0.259,179.254,7.05724409448819
2026-03-16 12:05:00,0.777,180.031,7.08783464566929
2026-03-16 12:10:00,0.518,180.549,7.10822834645669
2026-03-16 12:15:00,0.777,181.326,7.1388188976378
2026-03-16 12:20:00,0.518,181.844,7.1592125984252
2026-03-16 12:25:00,0,181.844,7.1592125984252
2026-03-16 12:30:00,0.777,182.621,7.1898031496063
2026-03-16 12:35:00,1.036,183.657,7.2305905511811
2026-03-16 12:40:00,0.518,184.175,7.2509842519685
2026-03-16 12:45:00,0.259,184.434,7.2611811023622
2026-03-16 12:50:00,0.777,185.211,7.29177165354331
2026-03-16 12:55:00,0.518,185.729,7.31216535433071
2026-03-16 13:00:00,0.518,186.247,7.33255905511811
2026-03-16 13:05:00,0.518,186.765,7.35295275590551
2026-03-16 13:10:00,0,186.765,7.35295275590551
2026-03-16 13:15:00,0.259,187.024,7.36314960629921
2026-03-16 13:20:00,0.259,187.283,7.37334645669291
2026-03-16 13:25:00,0,187.283,7.37334645669291
2026-03-16 13:30:00,0,187.283,7.37334645669291
2026-03-16 13:35:00,0,187.283,7.37334645669291
2026-03-16 13:40:00,0.259,187.542,7.38354330708661
2026-03-16 13:45:00,0.259,187.801,7.39374015748032
2026-03-16 13:50:00,0,187.801,7.39374015748032
2026-03-16 13:55:00,0.518,188.319,7.41413385826772
2026-03-16 14:00:00,0.259,188.578,7.42433070866142
2026-03-16 14:05:00,0,188.578,7.42433070866142
2026-03-16 14:10:00,0.259,188.837,7.43452755905512
2026-03-16 14:15:00,0,188.837,7.43452755905512
2026-03-16 14:20:00,0,188.837,7.43452755905512
2026-03-16 14:25:00,0.259,189.096,7.44472440944882
2026-03-16 14:30:00,0,189.096,7.44472440944882
2026-03-16 14:35:00,0,189.096,7.44472440944882
2026-03-16 14:40:00,0,189.096,7.44472440944882
2026-03-16 14:45:00,0.259,189.355,7.45492125984252
2026-03-16 14:50:00,0,189.355,7.45492125984252
2026-03-16 14:55:00,0,189.355,7.45492125984252
2026-03-16 15:00:00,0,189.355,7.45492125984252
2026-03-16 15:05:00,0,189.355,7.45492125984252
2026-03-16 15:10:00,0.259,189.614,7.46511811023622
2026-03-16 15:15:00,0,189.614,7.46511811023622
2026-03-16 15:20:00,0,189.614,7.46511811023622
2026-03-16 15:25:00,0,189.614,7.46511811023622
2026-03-16 15:30:00,0,189.614,7.46511811023622
2026-03-16 15:35:00,0,189.614,7.46511811023622
2026-03-16 15:40:00,0,189.614,7.46511811023622
2026-03-16 15:45:00,0.259,189.873,7.47531496062992
2026-03-16 15:50:00,0,189.873,7.47531496062992
2026-03-16 15:55:00,0,189.873,7.47531496062992
2026-03-16 16:00:00,0,189.873,7.47531496062992
2026-03-16 16:05:00,0,189.873,7.47531496062992
2026-03-16 16:10:00,0,189.873,7.47531496062992
2026-03-16 16:15:00,0,189.873,7.47531496062992
2026-03-16 16:20:00,0,189.873,7.47531496062992
2026-03-16 16:25:00,0,189.873,7.47531496062992
2026-03-16 16:30:00,0,189.873,7.47531496062992
2026-03-16 16:35:00,0,189.873,7.47531496062992
2026-03-16 16:40:00,0,189.873,7.47531496062992
2026-03-16 16:45:00,0,189.873,7.47531496062992
2026-03-16 16:50:00,0,189.873,7.47531496062992
2026-03-16 16:55:00,0,189.873,7.47531496062992
2026-03-16 17:00:00,0,189.873,7.47531496062992
2026-03-16 17:05:00,0,189.873,7.47531496062992
2026-03-16 17:10:00,0,189.873,7.47531496062992
2026-03-16 17:15:00,0,189.873,7.47531496062992
2026-03-16 17:20:00,0,189.873,7.47531496062992
2026-03-16 17:25:00,0,189.873,7.47531496062992
2026-03-16 17:30:00,0,189.873,7.47531496062992
2026-03-16 17:35:00,0,189.873,7.47531496062992
2026-03-16 17:40:00,0,189.873,7.47531496062992
2026-03-16 17:45:00,0,189.873,7.47531496062992
2026-03-16 17:50:00,0,189.873,7.47531496062992
2026-03-16 17:55:00,0,189.873,7.47531496062992
2026-03-16 18:00:00,0,189.873,7.47531496062992
2026-03-16 18:05:00,0,189.873,7.47531496062992
2026-03-16 18:10:00,0,189.873,7.47531496062992
2026-03-16 18:15:00,0,189.873,7.47531496062992
2026-03-16 18:20:00,0,189.873,7.47531496062992
2026-03-16 18:25:00,0,189.873,7.47531496062992
2026-03-16 18:30:00,0,189.873,7.47531496062992
2026-03-16 18:35:00,0,189.873,7.47531496062992
2026-03-16 18:40:00,0,189.873,7.47531496062992
2026-03-16 18:45:00,0,189.873,7.47531496062992
2026-03-16 18:50:00,0,189.873,7.47531496062992
2026-03-16 18:55:00,0,189.873,7.47531496062992
2026-03-16 19:00:00,0,189.873,7.47531496062992
2026-03-16 19:05:00,0,189.873,7.47531496062992
2026-03-16 19:10:00,0,189.873,7.47531496062992
2026-03-16 19:15:00,0,189.873,7.47531496062992
2026-03-16 19:20:00,0,189.873,7.47531496062992
2026-03-16 19:25:00,0,189.873,7.47531496062992
2026-03-16 19:30:00,0,189.873,7.47531496062992
2026-03-16 19:35:00,0,189.873,7.47531496062992
2026-03-16 19:40:00,0,189.873,7.47531496062992
2026-03-16 19:45:00,0,189.873,7.47531496062992
2026-03-16 19:50:00,0,189.873,7.47531496062992
2026-03-16 19:55:00,0,189.873,7.47531496062992
2026-03-16 20:00:00,0,189.873,7.47531496062992
2026-03-16 20:05:00,0,189.873,7.47531496062992
2026-03-16 20:10:00,0,189.873,7.47531496062992
2026-03-16 20:15:00,0,189.873,7.47531496062992
2026-03-16 20:20:00,0,189.873,7.47531496062992
2026-03-16 20:25:00,0,189.873,7.47531496062992
2026-03-16 20:30:00,0,189.873,7.47531496062992
2026-03-16 20:35:00,0,189.873,7.47531496062992
2026-03-16 20:40:00,0,189.873,7.47531496062992
2026-03-16 20:45:00,0,189.873,7.47531496062992
2026-03-16 20:50:00,0,189.873,7.47531496062992
2026-03-16 20:55:00,0,189.873,7.47531496062992
2026-03-16 21:00:00,0,189.873,7.47531496062992
2026-03-16 21:05:00,0,189.873,7.47531496062992
2026-03-16 21:10:00,0,189.873,7.47531496062992
2026-03-16 21:15:00,0,189.873,7.47531496062992
2026-03-16 21:20:00,0,189.873,7.47531496062992
2026-03-16 21:25:00,0,189.873,7.47531496062992
2026-03-16 21:30:00,0,189.873,7.47531496062992
2026-03-16 21:35:00,0,189.873,7.47531496062992
2026-03-16 21:40:00,0,189.873,7.47531496062992
2026-03-16 21:45:00,0,189.873,7.47531496062992
2026-03-16 21:50:00,0,189.873,7.47531496062992
2026-03-16 21:55:00,0,189.873,7.47531496062992
2026-03-16 22:00:00,0,189.873,7.47531496062992
2026-03-16 22:05:00,0,189.873,7.47531496062992
2026-03-16 22:10:00,0,189.873,7.47531496062992
2026-03-16 22:15:00,0,189.873,7.47531496062992
2026-03-16 22:20:00,0,189.873,7.47531496062992
2026-03-16 22:25:00,0,189.873,7.47531496062992
2026-03-16 22:30:00,0,189.873,7.47531496062992
2026-03-16 22:35:00,0,189.873,7.47531496062992
2026-03-16 22:40:00,0,189.873,7.47531496062992
2026-03-16 22:45:00,0,189.873,7.47531496062992
2026-03-16 22:50:00,0,189.873,7.47531496062992
2026-03-16 22:55:00,0,189.873,7.47531496062992
2026-03-16 23:00:00,0,189.873,7.47531496062992
2026-03-16 23:05:00,0,189.873,7.47531496062992
2026-03-16 23:10:00,0,189.873,7.47531496062992
2026-03-16 23:15:00,0,189.873,7.47531496062992
2026-03-16 23:20:00,0,189.873,7.47531496062992
2026-03-16 23:25:00,0,189.873,7.47531496062992
2026-03-16 23:30:00,0,189.873,7.47531496062992
2026-03-16 23:35:00,0,189.873,7.47531496062992
2026-03-16 23:40:00,0,189.873,7.47531496062992
2026-03-16 23:45:00,0,189.873,7.47531496062992
2026-03-16 23:50:00,0,189.873,7.47531496062992
2026-03-16 23:55:00,0,189.873,7.47531496062992
2026-03-17 00:00:00,0,189.873,7.47531496062992
