year,month,date,division_full,D4,D3,D2,D1,D0,Near Normal,W0,W1,W2,W3,W4
2025,8,2025-08,Hawaiʻi::Aamakao Gulch,0.0,0.0,21.940928270042196,72.9957805907173,5.063291139240507,0.0,0.0,0.0,0.0,0.0,0.0
2025,8,2025-08,Hawaiʻi::Aamanu,0.0,0.0,7.894736842105263,92.10526315789474,0.0,0.0,0.0,0.0,0.0,0.0,0.0
2025,8,2025-08,Hawaiʻi::Ahole,0.0,0.0,0.0,100.0,0.0,0.0,0.0,0.0,0.0,0.0,0.0
2025,8,2025-08,Hawaiʻi::Ahulua,0.0,0.0,0.0,9.333333333333334,18.22222222222222,72.44444444444444,0.0,0.0,0.0,0.0,0.0
2025,8,2025-08,Hawaiʻi::Alaialoa Gulch,0.0,0.0,72.0,28.000000000000004,0.0,0.0,0.0,0.0,0.0,0.0,0.0
2025,8,2025-08,Hawaiʻi::Alakahi,0.0,0.0,0.0,100.0,0.0,0.0,0.0,0.0,0.0,0.0,0.0
2025,8,2025-08,Hawaiʻi::Alealea,0.0,0.0,0.0,10.0,75.0,15.0,0.0,0.0,0.0,0.0,0.0
2025,8,2025-08,Hawaiʻi::Aleamai,0.0,0.0,0.0,100.0,0.0,0.0,0.0,0.0,0.0,0.0,0.0
2025,8,2025-08,Hawaiʻi::Alenaio,0.0,0.12654223347042076,4.239164821259095,56.754191711483706,32.48971844353053,6.390382790256248,0.0,0.0,0.0,0.0,0.0
2025,8,2025-08,Hawaiʻi::Alia,0.0,0.0,0.0,100.0,0.0,0.0,0.0,0.0,0.0,0.0,0.0
2025,8,2025-08,Hawaiʻi::Alilipali,0.0,0.0,60.0,40.0,0.0,0.0,0.0,0.0,0.0,0.0,0.0
2025,8,2025-08,Hawaiʻi::Anaehoomalu,0.0,0.0,0.0,0.0,0.0,100.0,0.0,0.0,0.0,0.0,0.0
2025,8,2025-08,Hawaiʻi::Apua,0.0,0.0,0.0,0.0,48.08362369337979,51.91637630662021,0.0,0.0,0.0,0.0,0.0
2025,8,2025-08,Hawaiʻi::Auwaiakekua Gulch,0.0,0.0,0.0,12.118320610687022,45.92080152671756,35.54389312977099,3.745229007633588,2.6717557251908395,0.0,0.0,0.0
2025,8,2025-08,Hawaiʻi::Awalua,0.0,0.0,0.0,0.0,0.0,100.0,0.0,0.0,0.0,0.0,0.0
2025,8,2025-08,Hawaiʻi::Awawaloa,0.0,0.0,0.0,100.0,0.0,0.0,0.0,0.0,0.0,0.0,0.0
2025,8,2025-08,Hawaiʻi::Haakoa,0.0,73.97769516728626,24.907063197026023,1.1152416356877324,0.0,0.0,0.0,0.0,0.0,0.0,0.0
2025,8,2025-08,Hawaiʻi::Haikuiki,0.0,0.0,0.0,100.0,0.0,0.0,0.0,0.0,0.0,0.0,0.0
2025,8,2025-08,Hawaiʻi::Hakalau,0.0,0.0,0.0,100.0,0.0,0.0,0.0,0.0,0.0,0.0,0.0
2025,8,2025-08,Hawaiʻi::Hakalaunui,0.0,0.0,0.0,100.0,0.0,0.0,0.0,0.0,0.0,0.0,0.0
2025,8,2025-08,Hawaiʻi::Halawa Gulch,0.0,0.0,0.0,40.963855421686745,59.036144578313255,0.0,0.0,0.0,0.0,0.0,0.0
2025,8,2025-08,Hawaiʻi::Halelua Gulch,0.0,0.0,0.0,9.58904109589041,90.41095890410958,0.0,0.0,0.0,0.0,0.0,0.0
2025,8,2025-08,Hawaiʻi::Halii,0.0,0.0,0.0,100.0,0.0,0.0,0.0,0.0,0.0,0.0,0.0
2025,8,2025-08,Hawaiʻi::Haliipaakai,0.0,0.0,0.0,100.0,0.0,0.0,0.0,0.0,0.0,0.0,0.0
2025,8,2025-08,Hawaiʻi::Hanaula Gulch,0.0,0.0,0.0,0.0,100.0,0.0,0.0,0.0,0.0,0.0,0.0
2025,8,2025-08,Hawaiʻi::Hanawi,0.0,0.0,0.0,94.31818181818183,5.681818181818182,0.0,0.0,0.0,0.0,0.0,0.0
2025,8,2025-08,Hawaiʻi::Hapahapai Gulch,0.0,0.0,0.0,4.98220640569395,92.52669039145907,2.491103202846975,0.0,0.0,0.0,0.0,0.0
2025,8,2025-08,Hawaiʻi::Hapuna,0.0,0.0,0.0,4.761904761904762,10.476190476190476,26.666666666666668,8.761904761904763,11.80952380952381,8.380952380952381,18.857142857142858,10.285714285714285
2025,8,2025-08,Hawaiʻi::Haweleau Gulch,0.0,0.0,0.0,100.0,0.0,0.0,0.0,0.0,0.0,0.0,0.0
2025,8,2025-08,Hawaiʻi::Hilea Gulch,0.0,0.0,0.0,0.0,20.58550185873606,79.41449814126395,0.0,0.0,0.0,0.0,0.0
2025,8,2025-08,Hawaiʻi::Hionamoa Gulch,0.0,0.0,0.0,0.0,11.71255736337088,88.28744263662912,0.0,0.0,0.0,0.0,0.0
2025,8,2025-08,Hawaiʻi::Hokukano,0.0,0.0,0.0,0.0,28.921885087153004,61.45900581020013,6.8431245965138805,2.775984506132989,0.0,0.0,0.0
2025,8,2025-08,Hawaiʻi::Holualoa,0.0,0.0,0.0,0.0,0.0,59.23000987166831,28.33168805528134,12.438302073050346,0.0,0.0,0.0
2025,8,2025-08,Hawaiʻi::Honaunau,0.0,0.0,0.0,0.0,1.2776243093922652,87.0511049723757,9.599447513812155,2.071823204419889,0.0,0.0,0.0
2025,8,2025-08,Hawaiʻi::Honokaia Gulch,0.0,65.56372549019608,19.852941176470587,14.583333333333334,0.0,0.0,0.0,0.0,0.0,0.0,0.0
2025,8,2025-08,Hawaiʻi::Honokaneiki,0.0,0.0,26.548672566371685,73.45132743362832,0.0,0.0,0.0,0.0,0.0,0.0,0.0
2025,8,2025-08,Hawaiʻi::Honokanenui,0.0,0.0,51.32743362831859,48.67256637168141,0.0,0.0,0.0,0.0,0.0,0.0,0.0
2025,8,2025-08,Hawaiʻi::Honokea,0.0,0.0,0.0,100.0,0.0,0.0,0.0,0.0,0.0,0.0,0.0
2025,8,2025-08,Hawaiʻi::Honokoa Gulch,0.0,0.0,2.696629213483146,29.213483146067414,8.98876404494382,23.595505617977526,6.292134831460674,10.112359550561797,8.089887640449438,11.01123595505618,0.0
2025,8,2025-08,Hawaiʻi::Honokohau,0.0,0.0,0.0,0.0,0.0,100.0,0.0,0.0,0.0,0.0,0.0
2025,8,2025-08,Hawaiʻi::Honokua,0.0,0.0,0.0,0.0,0.0,100.0,0.0,0.0,0.0,0.0,0.0
2025,8,2025-08,Hawaiʻi::Honolii,0.0,0.0,0.0,58.584337349397586,39.90963855421687,1.5060240963855422,0.0,0.0,0.0,0.0,0.0
2025,8,2025-08,Hawaiʻi::Honomalino,0.0,0.0,0.0,0.0,0.0,58.34394904458598,41.65605095541402,0.0,0.0,0.0,0.0
2025,8,2025-08,Hawaiʻi::Honomu,0.0,0.0,11.688311688311687,88.31168831168831,0.0,0.0,0.0,0.0,0.0,0.0,0.0
2025,8,2025-08,Hawaiʻi::Honopue,0.0,0.0,0.0,100.0,0.0,0.0,0.0,0.0,0.0,0.0,0.0
2025,8,2025-08,Hawaiʻi::Honuapo,0.0,0.0,0.0,0.0,14.570063694267516,85.42993630573248,0.0,0.0,0.0,0.0,0.0
2025,8,2025-08,Hawaiʻi::Honuaula,0.0,0.0,0.0,0.0,0.0,45.476190476190474,31.19047619047619,23.333333333333332,0.0,0.0,0.0
2025,8,2025-08,Hawaiʻi::Hookena,0.0,0.0,0.0,0.0,0.0,100.0,0.0,0.0,0.0,0.0,0.0
2025,8,2025-08,Hawaiʻi::Hoopuloa,0.0,0.0,0.0,0.0,0.0,57.831325301204814,42.168674698795186,0.0,0.0,0.0,0.0
2025,8,2025-08,Hawaiʻi::Hopeaia,0.0,0.0,0.0,2.467248908296943,47.714701601164485,49.34497816593886,0.40756914119359533,0.06550218340611354,0.0,0.0,0.0
2025,8,2025-08,Hawaiʻi::Hualua,0.0,0.0,0.0,0.0,0.8403361344537815,99.15966386554622,0.0,0.0,0.0,0.0,0.0
2025,8,2025-08,Hawaiʻi::Hukiaa,0.0,0.0,0.0,0.0,0.0,100.0,0.0,0.0,0.0,0.0,0.0
2025,8,2025-08,Hawaiʻi::Kaaha,0.0,0.0,0.7194244604316548,71.14308553157474,0.0,28.137490007993605,0.0,0.0,0.0,0.0,0.0
2025,8,2025-08,Hawaiʻi::Kaaheiki,0.0,0.0,0.0,100.0,0.0,0.0,0.0,0.0,0.0,0.0,0.0
2025,8,2025-08,Hawaiʻi::Kaala,0.0,63.52941176470588,25.49019607843137,10.980392156862745,0.0,0.0,0.0,0.0,0.0,0.0,0.0
2025,8,2025-08,Hawaiʻi::Kaalualu,0.0,0.0,0.0,58.18505338078291,16.014234875444842,25.800711743772244,0.0,0.0,0.0,0.0,0.0
2025,8,2025-08,Hawaiʻi::Kaapoko,0.0,0.0,0.0,0.0,100.0,0.0,0.0,0.0,0.0,0.0,0.0
2025,8,2025-08,Hawaiʻi::Kaawalii Gulch,10.485436893203884,51.6504854368932,19.80582524271845,18.058252427184467,0.0,0.0,0.0,0.0,0.0,0.0,0.0
2025,8,2025-08,Hawaiʻi::Kaawaloa,0.0,0.0,0.0,0.0,0.0,63.133640552995395,20.737327188940093,16.129032258064516,0.0,0.0,0.0
2025,8,2025-08,Hawaiʻi::Kaawikiwiki Gulch,0.0,26.851851851851855,45.370370370370374,27.77777777777778,0.0,0.0,0.0,0.0,0.0,0.0,0.0
2025,8,2025-08,Hawaiʻi::Kahaluu,0.0,0.0,0.0,0.0,1.0680907877169559,74.23230974632844,24.699599465954606,0.0,0.0,0.0,0.0
2025,8,2025-08,Hawaiʻi::Kahaualea,0.0,0.0,0.0,4.49438202247191,90.87078651685393,4.634831460674158,0.0,0.0,0.0,0.0,0.0
2025,8,2025-08,Hawaiʻi::Kahaupu,0.0,69.94535519125684,20.491803278688526,9.562841530054644,0.0,0.0,0.0,0.0,0.0,0.0,0.0
2025,8,2025-08,Hawaiʻi::Kahawailiilii Gulch,0.0,70.32967032967034,12.912087912087914,16.758241758241756,0.0,0.0,0.0,0.0,0.0,0.0,0.0
2025,8,2025-08,Hawaiʻi::Kahawaiolono,0.0,0.0,0.0,100.0,0.0,0.0,0.0,0.0,0.0,0.0,0.0
2025,8,2025-08,Hawaiʻi::Kahele,0.0,0.0,0.0,0.0,36.12774451097805,63.87225548902195,0.0,0.0,0.0,0.0,0.0
2025,8,2025-08,Hawaiʻi::Kahoopuu,0.0,0.0,0.0,100.0,0.0,0.0,0.0,0.0,0.0,0.0,0.0
2025,8,2025-08,Hawaiʻi::Kahue,0.0,0.0,0.0,0.0,0.4629629629629629,99.53703703703704,0.0,0.0,0.0,0.0,0.0
2025,8,2025-08,Hawaiʻi::Kahuku,0.0,0.0,0.0,0.0,10.640426951300867,83.65577051367579,5.703802535023349,0.0,0.0,0.0,0.0
2025,8,2025-08,Hawaiʻi::Kaieie,0.0,0.0,0.0,88.43537414965986,11.564625850340136,0.0,0.0,0.0,0.0,0.0,0.0
2025,8,2025-08,Hawaiʻi::Kaihuiki,0.0,0.0,0.0,100.0,0.0,0.0,0.0,0.0,0.0,0.0,0.0
2025,8,2025-08,Hawaiʻi::Kailikaula,0.0,0.0,0.0,100.0,0.0,0.0,0.0,0.0,0.0,0.0,0.0
2025,8,2025-08,Hawaiʻi::Kaimu,0.0,0.0,0.0,100.0,0.0,0.0,0.0,0.0,0.0,0.0,0.0
2025,8,2025-08,Hawaiʻi::Kainapahoa Gulch,0.0,44.20289855072464,27.898550724637683,27.898550724637683,0.0,0.0,0.0,0.0,0.0,0.0,0.0
2025,8,2025-08,Hawaiʻi::Kaiopae Gulch,0.0,0.0,0.0,0.0,0.0,8.860759493670885,12.658227848101266,30.37974683544304,43.037974683544306,5.063291139240507,0.0
2025,8,2025-08,Hawaiʻi::Kaiwiki,0.0,2.3255813953488373,72.09302325581395,25.581395348837212,0.0,0.0,0.0,0.0,0.0,0.0,0.0
2025,8,2025-08,Hawaiʻi::Kaiwilahilahi,0.0,75.24271844660194,23.78640776699029,0.9708737864077669,0.0,0.0,0.0,0.0,0.0,0.0,0.0
2025,8,2025-08,Hawaiʻi::Kalaeohoaiku,0.0,0.0,0.0,100.0,0.0,0.0,0.0,0.0,0.0,0.0,0.0
2025,8,2025-08,Hawaiʻi::Kalaepaakai,0.0,0.0,0.0,100.0,0.0,0.0,0.0,0.0,0.0,0.0,0.0
2025,8,2025-08,Hawaiʻi::Kalala,0.0,0.0,0.0,0.0,0.0,100.0,0.0,0.0,0.0,0.0,0.0
2025,8,2025-08,Hawaiʻi::Kalalau,0.0,0.0,0.0,67.79661016949152,32.20338983050847,0.0,0.0,0.0,0.0,0.0,0.0
2025,8,2025-08,Hawaiʻi::Kalaoa,0.0,0.0,0.0,100.0,0.0,0.0,0.0,0.0,0.0,0.0,0.0
2025,8,2025-08,Hawaiʻi::Kalapahapuu Gulch,0.0,0.0,68.63636363636364,31.363636363636367,0.0,0.0,0.0,0.0,0.0,0.0,0.0
2025,8,2025-08,Hawaiʻi::Kalapana,0.0,0.0,0.0,45.285714285714285,54.714285714285715,0.0,0.0,0.0,0.0,0.0,0.0
2025,8,2025-08,Hawaiʻi::Kalehua Gulch,0.0,0.0,100.0,0.0,0.0,0.0,0.0,0.0,0.0,0.0,0.0
2025,8,2025-08,Hawaiʻi::Kalele Gulch,0.0,0.0,0.0,100.0,0.0,0.0,0.0,0.0,0.0,0.0,0.0
2025,8,2025-08,Hawaiʻi::Kalopa,0.0,35.45108005082592,23.63405336721728,40.9148665819568,0.0,0.0,0.0,0.0,0.0,0.0,0.0
2025,8,2025-08,Hawaiʻi::Kaluahine Falls,0.0,0.0,0.0,100.0,0.0,0.0,0.0,0.0,0.0,0.0,0.0
2025,8,2025-08,Hawaiʻi::Kalue,0.0,0.0,0.0,0.0,0.0,100.0,0.0,0.0,0.0,0.0,0.0
2025,8,2025-08,Hawaiʻi::Kamaili,0.0,0.0,0.0,98.85714285714286,1.1428571428571428,0.0,0.0,0.0,0.0,0.0,0.0
2025,8,2025-08,Hawaiʻi::Kamakoa Gulch,0.0,9.527237820974321,23.974082073434126,43.98848092152628,8.207343412526997,9.743220542356612,1.9678425725941924,1.8958483321334294,0.6959443244540436,0.0,0.0
2025,8,2025-08,Hawaiʻi::Kamilo Gulch,0.0,0.0,0.0,0.0,0.0,14.285714285714285,85.71428571428571,0.0,0.0,0.0,0.0
2025,8,2025-08,Hawaiʻi::Kamoamoa,0.0,0.0,0.0,0.0,22.355289421157686,77.64471057884231,0.0,0.0,0.0,0.0,0.0
2025,8,2025-08,Hawaiʻi::Kaohaoha,0.0,0.0,92.0,8.0,0.0,0.0,0.0,0.0,0.0,0.0,0.0
2025,8,2025-08,Hawaiʻi::Kapehu,0.0,0.0,39.85507246376812,60.14492753623188,0.0,0.0,0.0,0.0,0.0,0.0,0.0
2025,8,2025-08,Hawaiʻi::Kapoho,0.0,0.0,9.850746268656717,90.14925373134328,0.0,0.0,0.0,0.0,0.0,0.0,0.0
2025,8,2025-08,Hawaiʻi::Kapole Gulch,0.0,0.0,0.0,0.0,0.0,81.60919540229885,18.39080459770115,0.0,0.0,0.0,0.0
2025,8,2025-08,Hawaiʻi::Kapua,0.0,0.0,0.0,0.0,0.0,87.48538011695906,12.514619883040936,0.0,0.0,0.0,0.0
2025,8,2025-08,Hawaiʻi::Kapua Gulch,0.0,0.0,0.0,0.0,84.61538461538461,15.384615384615385,0.0,0.0,0.0,0.0,0.0
2025,8,2025-08,Hawaiʻi::Kapue,0.0,0.0,6.637168141592921,58.849557522123895,33.6283185840708,0.8849557522123894,0.0,0.0,0.0,0.0,0.0
2025,8,2025-08,Hawaiʻi::Kapulena Gulch,0.0,0.0,0.0,100.0,0.0,0.0,0.0,0.0,0.0,0.0,0.0
2025,8,2025-08,Hawaiʻi::Kapunapuna,0.0,0.0,0.0,0.0,0.0,100.0,0.0,0.0,0.0,0.0,0.0
2025,8,2025-08,Hawaiʻi::Kauhiula Gulch,0.0,0.0,0.0,0.0,66.66666666666666,33.33333333333333,0.0,0.0,0.0,0.0,0.0
2025,8,2025-08,Hawaiʻi::Kauilii,0.0,0.0,0.0,0.0,0.0,100.0,0.0,0.0,0.0,0.0,0.0
2025,8,2025-08,Hawaiʻi::Kaula Gulch,0.0,65.625,30.312499999999996,4.0625,0.0,0.0,0.0,0.0,0.0,0.0,0.0
2025,8,2025-08,Hawaiʻi::Kaulana,0.0,0.0,0.0,0.0,0.0,100.0,0.0,0.0,0.0,0.0,0.0
2025,8,2025-08,Hawaiʻi::Kaumoali Gulch,0.0,21.73913043478261,34.78260869565217,43.47826086956522,0.0,0.0,0.0,0.0,0.0,0.0,0.0
2025,8,2025-08,Hawaiʻi::Kaunamano,0.0,0.0,0.0,0.0,83.87096774193549,16.129032258064516,0.0,0.0,0.0,0.0,0.0
2025,8,2025-08,Hawaiʻi::Kaunamano Gulch,0.0,0.0,0.0,100.0,0.0,0.0,0.0,0.0,0.0,0.0,0.0
2025,8,2025-08,Hawaiʻi::Kaupakuea,0.0,0.0,0.0,100.0,0.0,0.0,0.0,0.0,0.0,0.0,0.0
2025,8,2025-08,Hawaiʻi::Kaupalaoa,0.0,0.0,0.0,0.0,3.225806451612903,96.7741935483871,0.0,0.0,0.0,0.0,0.0
2025,8,2025-08,Hawaiʻi::Kaupulehu,0.0,0.0,0.0,0.0,15.723270440251572,84.27672955974843,0.0,0.0,0.0,0.0,0.0
2025,8,2025-08,Hawaiʻi::Kawaihae,0.0,0.0,0.0,1.4492753623188406,7.58082497212932,27.424749163879596,6.243032329988852,10.256410256410255,6.465997770345597,9.03010033444816,31.549609810479375
2025,8,2025-08,Hawaiʻi::Kawaikalia Gulch,0.0,0.0,0.0,100.0,0.0,0.0,0.0,0.0,0.0,0.0,0.0
2025,8,2025-08,Hawaiʻi::Kawainui,0.0,0.0,0.0,100.0,0.0,0.0,0.0,0.0,0.0,0.0,0.0
2025,8,2025-08,Hawaiʻi::Kawela,0.0,0.0,0.0,27.408256880733944,8.772935779816514,59.747706422018354,4.071100917431193,0.0,0.0,0.0,0.0
2025,8,2025-08,Hawaiʻi::Kawela Gulch,0.0,0.0,0.0,100.0,0.0,0.0,0.0,0.0,0.0,0.0,0.0
2025,8,2025-08,Hawaiʻi::Keaakaukau Gulch,0.0,0.0,1.7857142857142856,98.21428571428571,0.0,0.0,0.0,0.0,0.0,0.0,0.0
2025,8,2025-08,Hawaiʻi::Keaau,0.0,0.0,6.184806658940048,76.35654830892425,16.067853756190075,1.3907912759456327,0.0,0.0,0.0,0.0,0.0
2025,8,2025-08,Hawaiʻi::Keahua Gulch,0.0,10.4,53.6,36.0,0.0,0.0,0.0,0.0,0.0,0.0,0.0
2025,8,2025-08,Hawaiʻi::Kealakaha,0.0,49.36708860759494,34.177215189873415,16.455696202531644,0.0,0.0,0.0,0.0,0.0,0.0,0.0
2025,8,2025-08,Hawaiʻi::Kealakehe,0.0,0.0,0.0,0.0,0.0,74.49139280125195,25.039123630672925,0.4694835680751174,0.0,0.0,0.0
2025,8,2025-08,Hawaiʻi::Kealakekua,0.0,0.0,0.0,0.0,6.86131386861314,72.7007299270073,7.688564476885645,12.749391727493917,0.0,0.0,0.0
2025,8,2025-08,Hawaiʻi::Kealakomo,0.0,0.0,0.0,0.0,0.0,100.0,0.0,0.0,0.0,0.0,0.0
2025,8,2025-08,Hawaiʻi::Keanahalululu Gulch,0.0,0.0,13.043478260869565,19.021739130434785,8.695652173913043,21.195652173913043,11.41304347826087,24.456521739130434,2.1739130434782608,0.0,0.0
2025,8,2025-08,Hawaiʻi::Keauhou,0.0,0.0,0.0,0.0,60.17653167185878,35.66978193146417,4.153686396677051,0.0,0.0,0.0,0.0
2025,8,2025-08,Hawaiʻi::Keaukaha,0.0,0.0,0.0,0.0,0.0,24.347826086956523,33.04347826086956,42.608695652173914,0.0,0.0,0.0
2025,8,2025-08,Hawaiʻi::Keauohana,0.0,0.0,0.0,85.40772532188842,14.592274678111588,0.0,0.0,0.0,0.0,0.0,0.0
2025,8,2025-08,Hawaiʻi::Keawanui,0.0,0.0,0.8032128514056224,26.506024096385545,6.827309236947792,65.86345381526104,0.0,0.0,0.0,0.0,0.0
2025,8,2025-08,Hawaiʻi::Keawewai Gulch,0.0,0.0,7.604562737642586,14.82889733840304,9.505703422053232,37.6425855513308,16.730038022813687,13.688212927756654,0.0,0.0,0.0
2025,8,2025-08,Hawaiʻi::Keehia Gulch,0.0,5.88235294117647,60.78431372549019,33.33333333333333,0.0,0.0,0.0,0.0,0.0,0.0,0.0
2025,8,2025-08,Hawaiʻi::Keei,0.0,0.0,0.0,0.0,0.0,11.267605633802818,31.338028169014088,57.3943661971831,0.0,0.0,0.0
2025,8,2025-08,Hawaiʻi::Kemau,0.0,0.0,0.0,100.0,0.0,0.0,0.0,0.0,0.0,0.0,0.0
2025,8,2025-08,Hawaiʻi::Keokea,0.0,0.0,0.0,55.39568345323741,44.60431654676259,0.0,0.0,0.0,0.0,0.0,0.0
2025,8,2025-08,Hawaiʻi::Keonepoko,0.0,0.0,0.0,96.12756264236903,3.8724373576309796,0.0,0.0,0.0,0.0,0.0,0.0
2025,8,2025-08,Hawaiʻi::Keopuka,0.0,0.0,0.0,0.0,0.0,53.16455696202531,26.582278481012654,20.253164556962027,0.0,0.0,0.0
2025,8,2025-08,Hawaiʻi::Kihalani,0.0,20.0,75.0,5.0,0.0,0.0,0.0,0.0,0.0,0.0,0.0
2025,8,2025-08,Hawaiʻi::Kiilae,0.0,0.0,0.0,0.0,0.0,100.0,0.0,0.0,0.0,0.0,0.0
2025,8,2025-08,Hawaiʻi::Kilau,0.0,74.68354430379746,25.31645569620253,0.0,0.0,0.0,0.0,0.0,0.0,0.0,0.0
2025,8,2025-08,Hawaiʻi::Kilauea Gulch,0.0,0.0,0.0,0.9022864759561161,23.19286373423562,75.90484978980825,0.0,0.0,0.0,0.0,0.0
2025,8,2025-08,Hawaiʻi::Kipahoehoe,0.0,0.0,0.0,0.0,0.0,92.91237113402062,7.087628865979381,0.0,0.0,0.0,0.0
2025,8,2025-08,Hawaiʻi::Kipukahanalua,0.0,0.0,0.0,100.0,0.0,0.0,0.0,0.0,0.0,0.0,0.0
2025,8,2025-08,Hawaiʻi::Kohanaiki,0.0,0.0,0.0,0.0,0.0,98.11320754716981,1.8867924528301887,0.0,0.0,0.0,0.0
2025,8,2025-08,Hawaiʻi::Koholalele Gulch,0.0,0.0,72.39999999999999,27.6,0.0,0.0,0.0,0.0,0.0,0.0,0.0
2025,8,2025-08,Hawaiʻi::Kokoiki,0.0,0.0,0.0,0.0,0.0,100.0,0.0,0.0,0.0,0.0,0.0
2025,8,2025-08,Hawaiʻi::Kolealiilii,0.0,0.0,0.0,100.0,0.0,0.0,0.0,0.0,0.0,0.0,0.0
2025,8,2025-08,Hawaiʻi::Kolekole,0.0,0.0,20.13685239491691,79.86314760508309,0.0,0.0,0.0,0.0,0.0,0.0,0.0
2025,8,2025-08,Hawaiʻi::Kuhio,0.0,0.0,0.0,0.0,0.0,49.25373134328358,50.74626865671642,0.0,0.0,0.0,0.0
2025,8,2025-08,Hawaiʻi::Kuhua,0.0,0.0,0.0,100.0,0.0,0.0,0.0,0.0,0.0,0.0,0.0
2025,8,2025-08,Hawaiʻi::Kukaiau Gulch,0.0,0.0,70.33898305084746,29.66101694915254,0.0,0.0,0.0,0.0,0.0,0.0,0.0
2025,8,2025-08,Hawaiʻi::Kukalauula,0.0,0.0,0.0,0.0,0.0,100.0,0.0,0.0,0.0,0.0,0.0
2025,8,2025-08,Hawaiʻi::Kukui,0.0,0.0,0.0,15.789473684210526,0.0,4.093567251461988,4.678362573099415,7.017543859649122,3.508771929824561,6.432748538011696,58.47953216374269
2025,8,2025-08,Hawaiʻi::Kukuiaonanipahu,0.0,0.0,0.0,100.0,0.0,0.0,0.0,0.0,0.0,0.0,0.0
2025,8,2025-08,Hawaiʻi::Kukuikea,0.0,0.0,0.0,100.0,0.0,0.0,0.0,0.0,0.0,0.0,0.0
2025,8,2025-08,Hawaiʻi::Kukuilamalamahee,0.0,0.0,51.68539325842697,48.31460674157304,0.0,0.0,0.0,0.0,0.0,0.0,0.0
2025,8,2025-08,Hawaiʻi::Kukuipahu,0.0,0.0,0.0,0.0,0.0,100.0,0.0,0.0,0.0,0.0,0.0
2025,8,2025-08,Hawaiʻi::Kulanakii,0.0,0.0,7.4074074074074066,92.5925925925926,0.0,0.0,0.0,0.0,0.0,0.0,0.0
2025,8,2025-08,Hawaiʻi::Kumakua Gulch,0.0,0.0,0.0,0.0,23.03370786516854,76.96629213483146,0.0,0.0,0.0,0.0,0.0
2025,8,2025-08,Hawaiʻi::Kupapaulua Gulch,0.0,40.939597315436245,50.33557046979866,8.724832214765101,0.0,0.0,0.0,0.0,0.0,0.0,0.0
2025,8,2025-08,Hawaiʻi::Kuwaikahi,0.0,7.142857142857142,78.57142857142857,14.285714285714285,0.0,0.0,0.0,0.0,0.0,0.0,0.0
2025,8,2025-08,Hawaiʻi::Laimi,0.0,0.0,21.428571428571427,78.57142857142857,0.0,0.0,0.0,0.0,0.0,0.0,0.0
2025,8,2025-08,Hawaiʻi::Lapakahi,0.0,0.0,0.0,0.0,0.0,100.0,0.0,0.0,0.0,0.0,0.0
2025,8,2025-08,Hawaiʻi::Lauhala Gulch,0.0,15.75178997613365,64.67780429594272,19.570405727923628,0.0,0.0,0.0,0.0,0.0,0.0,0.0
2025,8,2025-08,Hawaiʻi::Laupahoehoe,0.0,74.30830039525692,25.691699604743086,0.0,0.0,0.0,0.0,0.0,0.0,0.0,0.0
2025,8,2025-08,Hawaiʻi::Leleiwi,0.0,0.0,0.0,0.0,0.0,6.428571428571428,40.0,53.57142857142857,0.0,0.0,0.0
2025,8,2025-08,Hawaiʻi::Lepoloa,0.0,0.0,0.0,100.0,0.0,0.0,0.0,0.0,0.0,0.0,0.0
2025,8,2025-08,Hawaiʻi::Lipoa Gulch,0.0,0.0,0.0,0.0,42.35294117647059,57.647058823529406,0.0,0.0,0.0,0.0,0.0
2025,8,2025-08,Hawaiʻi::Lonokaeho,0.0,0.0,0.0,100.0,0.0,0.0,0.0,0.0,0.0,0.0,0.0
2025,8,2025-08,Hawaiʻi::Lonokiokio Gulch,0.0,0.0,0.0,100.0,0.0,0.0,0.0,0.0,0.0,0.0,0.0
2025,8,2025-08,Hawaiʻi::Luamakalei,0.0,0.0,0.0,100.0,0.0,0.0,0.0,0.0,0.0,0.0,0.0
2025,8,2025-08,Hawaiʻi::Luaopalahemo,0.0,0.0,0.0,80.95238095238095,19.047619047619047,0.0,0.0,0.0,0.0,0.0,0.0
2025,8,2025-08,Hawaiʻi::Mahana,0.0,0.0,0.0,100.0,0.0,0.0,0.0,0.0,0.0,0.0,0.0
2025,8,2025-08,Hawaiʻi::Mahukona,0.0,0.0,0.0,0.0,8.527131782945736,91.47286821705426,0.0,0.0,0.0,0.0,0.0
2025,8,2025-08,Hawaiʻi::Maili,0.0,0.0,0.0,33.33333333333333,64.91228070175438,1.7543859649122806,0.0,0.0,0.0,0.0,0.0
2025,8,2025-08,Hawaiʻi::Makea,0.0,0.0,0.0,100.0,0.0,0.0,0.0,0.0,0.0,0.0,0.0
2025,8,2025-08,Hawaiʻi::Makeahua,0.0,0.0,0.0,0.6134969325153374,6.748466257668712,92.63803680981594,0.0,0.0,0.0,0.0,0.0
2025,8,2025-08,Hawaiʻi::Makuu,0.0,0.0,0.3099974166881943,58.305347455437875,40.84215964866959,0.5424954792043399,0.0,0.0,0.0,0.0,0.0
2025,8,2025-08,Hawaiʻi::Malamaki,0.0,0.0,2.272727272727273,97.72727272727273,0.0,0.0,0.0,0.0,0.0,0.0,0.0
2025,8,2025-08,Hawaiʻi::Malamalamaiki,0.0,0.0,0.0,100.0,0.0,0.0,0.0,0.0,0.0,0.0,0.0
2025,8,2025-08,Hawaiʻi::Malanahae,0.0,0.0,12.82051282051282,87.17948717948718,0.0,0.0,0.0,0.0,0.0,0.0,0.0
2025,8,2025-08,Hawaiʻi::Manoloa,0.0,0.0,0.0,100.0,0.0,0.0,0.0,0.0,0.0,0.0,0.0
2025,8,2025-08,Hawaiʻi::Manowaiopae,0.0,61.111111111111114,36.11111111111111,2.7777777777777777,0.0,0.0,0.0,0.0,0.0,0.0,0.0
2025,8,2025-08,Hawaiʻi::Manuka,0.0,0.0,0.0,0.0,0.0,95.26813880126183,4.73186119873817,0.0,0.0,0.0,0.0
2025,8,2025-08,Hawaiʻi::Manuwaikaalio Gulch,0.0,0.0,0.0,100.0,0.0,0.0,0.0,0.0,0.0,0.0,0.0
2025,8,2025-08,Hawaiʻi::Maonakomalie,0.0,0.0,19.230769230769234,80.76923076923077,0.0,0.0,0.0,0.0,0.0,0.0,0.0
2025,8,2025-08,Hawaiʻi::Maulua,0.0,28.412256267409468,57.66016713091921,13.92757660167131,0.0,0.0,0.0,0.0,0.0,0.0,0.0
2025,8,2025-08,Hawaiʻi::Milolii,0.0,0.0,0.0,0.0,0.0,47.744945567651634,52.255054432348366,0.0,0.0,0.0,0.0
2025,8,2025-08,Hawaiʻi::Naalehu,0.0,0.0,0.0,0.0,75.93123209169055,24.068767908309454,0.0,0.0,0.0,0.0,0.0
2025,8,2025-08,Hawaiʻi::Nakapuaiakoni,0.0,0.0,0.0,100.0,0.0,0.0,0.0,0.0,0.0,0.0,0.0
2025,8,2025-08,Hawaiʻi::Nakookoo,0.0,0.0,0.0,100.0,0.0,0.0,0.0,0.0,0.0,0.0,0.0
2025,8,2025-08,Hawaiʻi::Naluea,0.0,0.0,0.0,100.0,0.0,0.0,0.0,0.0,0.0,0.0,0.0
2025,8,2025-08,Hawaiʻi::Nanue,0.0,8.513931888544892,26.31578947368421,65.17027863777089,0.0,0.0,0.0,0.0,0.0,0.0,0.0
2025,8,2025-08,Hawaiʻi::Nienie Gulch,0.0,66.39839034205231,19.517102615694164,14.084507042253522,0.0,0.0,0.0,0.0,0.0,0.0,0.0
2025,8,2025-08,Hawaiʻi::Ninole,0.0,11.578947368421053,34.73684210526316,53.68421052631579,0.0,0.0,0.0,0.0,0.0,0.0,0.0
2025,8,2025-08,Hawaiʻi::Ninole Gulch,0.0,0.0,0.0,0.0,23.130841121495326,76.86915887850468,0.0,0.0,0.0,0.0,0.0
2025,8,2025-08,Hawaiʻi::Niulii,0.0,0.0,2.608695652173913,97.3913043478261,0.0,0.0,0.0,0.0,0.0,0.0,0.0
2025,8,2025-08,Hawaiʻi::Ohanaula Gulch,0.0,0.0,0.0,0.0,100.0,0.0,0.0,0.0,0.0,0.0,0.0
2025,8,2025-08,Hawaiʻi::Ohiahuea,0.0,0.0,0.0,100.0,0.0,0.0,0.0,0.0,0.0,0.0,0.0
2025,8,2025-08,Hawaiʻi::Onikipuka,0.0,0.0,0.0,100.0,0.0,0.0,0.0,0.0,0.0,0.0,0.0
2025,8,2025-08,Hawaiʻi::Onomea,0.0,0.0,0.0,100.0,0.0,0.0,0.0,0.0,0.0,0.0,0.0
2025,8,2025-08,Hawaiʻi::Onouli,0.0,0.0,0.0,0.0,0.0,62.83524904214559,20.689655172413794,16.47509578544061,0.0,0.0,0.0
2025,8,2025-08,Hawaiʻi::Opea,0.0,0.0,0.0,100.0,0.0,0.0,0.0,0.0,0.0,0.0,0.0
2025,8,2025-08,Hawaiʻi::Opihikao,0.0,0.0,0.0,100.0,0.0,0.0,0.0,0.0,0.0,0.0,0.0
2025,8,2025-08,Hawaiʻi::Opihinehe,0.0,0.0,0.0,0.0,0.0,100.0,0.0,0.0,0.0,0.0,0.0
2025,8,2025-08,Hawaiʻi::Ouli,0.0,11.458333333333332,36.45833333333333,52.083333333333336,0.0,0.0,0.0,0.0,0.0,0.0,0.0
2025,8,2025-08,Hawaiʻi::Paauilo,0.0,0.0,47.82608695652174,52.17391304347826,0.0,0.0,0.0,0.0,0.0,0.0,0.0
2025,8,2025-08,Hawaiʻi::Pae Gulch,0.0,0.0,0.0,100.0,0.0,0.0,0.0,0.0,0.0,0.0,0.0
2025,8,2025-08,Hawaiʻi::Paea,0.0,0.0,0.0,100.0,0.0,0.0,0.0,0.0,0.0,0.0,0.0
2025,8,2025-08,Hawaiʻi::Paeohe,0.0,0.0,73.07692307692307,26.923076923076923,0.0,0.0,0.0,0.0,0.0,0.0,0.0
2025,8,2025-08,Hawaiʻi::Pahale,0.0,33.91812865497076,62.57309941520468,3.508771929824561,0.0,0.0,0.0,0.0,0.0,0.0,0.0
2025,8,2025-08,Hawaiʻi::Paheehee,0.0,0.0,2.272727272727273,97.72727272727273,0.0,0.0,0.0,0.0,0.0,0.0,0.0
2025,8,2025-08,Hawaiʻi::Pahoehoe,0.0,0.0,0.0,21.12676056338028,77.46478873239437,1.4084507042253522,0.0,0.0,0.0,0.0,0.0
2025,8,2025-08,Hawaiʻi::Paliakamoa Gulch,0.0,0.0,0.0,0.0,100.0,0.0,0.0,0.0,0.0,0.0,0.0
2025,8,2025-08,Hawaiʻi::Panaunui,0.0,0.0,0.0,0.0,0.0,100.0,0.0,0.0,0.0,0.0,0.0
2025,8,2025-08,Hawaiʻi::Paopao,0.0,0.0,0.0,100.0,0.0,0.0,0.0,0.0,0.0,0.0,0.0
2025,8,2025-08,Hawaiʻi::Papaikou,0.0,0.0,0.0,0.0,75.0,25.0,0.0,0.0,0.0,0.0,0.0
2025,8,2025-08,Hawaiʻi::Papakolea,0.0,0.0,0.0,100.0,0.0,0.0,0.0,0.0,0.0,0.0,0.0
2025,8,2025-08,Hawaiʻi::Papuaa,0.0,5.9405940594059405,46.53465346534654,47.524752475247524,0.0,0.0,0.0,0.0,0.0,0.0,0.0
2025,8,2025-08,Hawaiʻi::Paukaa,0.0,0.0,0.0,0.0,56.25,43.75,0.0,0.0,0.0,0.0,0.0
2025,8,2025-08,Hawaiʻi::Peleau,0.0,0.0,0.0,100.0,0.0,0.0,0.0,0.0,0.0,0.0,0.0
2025,8,2025-08,Hawaiʻi::Pohakea,0.0,0.0,0.0,2.3192360163710775,44.065484311050476,53.61527967257844,0.0,0.0,0.0,0.0,0.0
2025,8,2025-08,Hawaiʻi::Pohakuhaku Gulch,0.0,1.2658227848101267,53.16455696202531,45.56962025316456,0.0,0.0,0.0,0.0,0.0,0.0,0.0
2025,8,2025-08,Hawaiʻi::Pohakuloa Gulch,0.0,0.0,17.48633879781421,16.39344262295082,8.19672131147541,29.508196721311474,20.76502732240437,7.650273224043716,0.0,0.0,0.0
2025,8,2025-08,Hawaiʻi::Pohakuluaahula,0.0,0.0,0.0,2.941176470588235,12.745098039215685,84.31372549019608,0.0,0.0,0.0,0.0,0.0
2025,8,2025-08,Hawaiʻi::Pohakupuka,0.0,0.0,18.627450980392158,81.37254901960785,0.0,0.0,0.0,0.0,0.0,0.0,0.0
2025,8,2025-08,Hawaiʻi::Pohoiki,0.0,0.0,0.8620689655172413,99.13793103448276,0.0,0.0,0.0,0.0,0.0,0.0,0.0
2025,8,2025-08,Hawaiʻi::Pololu,0.0,0.0,43.682310469314075,56.317689530685925,0.0,0.0,0.0,0.0,0.0,0.0,0.0
2025,8,2025-08,Hawaiʻi::Poupou,0.0,0.0,0.0,100.0,0.0,0.0,0.0,0.0,0.0,0.0,0.0
2025,8,2025-08,Hawaiʻi::Puakea,0.0,0.0,0.0,0.0,0.0,100.0,0.0,0.0,0.0,0.0,0.0
2025,8,2025-08,Hawaiʻi::Pualaa,0.0,0.0,10.648148148148149,89.35185185185185,0.0,0.0,0.0,0.0,0.0,0.0,0.0
2025,8,2025-08,Hawaiʻi::Pualaea,0.0,0.0,100.0,0.0,0.0,0.0,0.0,0.0,0.0,0.0,0.0
2025,8,2025-08,Hawaiʻi::Pukihae,0.0,0.0,0.0,40.42553191489361,59.57446808510638,0.0,0.0,0.0,0.0,0.0,0.0
2025,8,2025-08,Hawaiʻi::Pukoa Gulch,0.0,0.0,0.0,100.0,0.0,0.0,0.0,0.0,0.0,0.0,0.0
2025,8,2025-08,Hawaiʻi::Pulehua,0.0,0.0,0.0,100.0,0.0,0.0,0.0,0.0,0.0,0.0,0.0
2025,8,2025-08,Hawaiʻi::Punaluu,0.0,0.0,0.0,100.0,0.0,0.0,0.0,0.0,0.0,0.0,0.0
2025,8,2025-08,Hawaiʻi::Puuanahulu,0.0,0.0,0.0,0.0,36.12177027372729,63.87822972627271,0.0,0.0,0.0,0.0,0.0
2025,8,2025-08,Hawaiʻi::Puukala,0.0,0.0,0.0,0.0,0.0,80.05780346820809,19.942196531791907,0.0,0.0,0.0,0.0
2025,8,2025-08,Hawaiʻi::Puukamalii,0.0,0.0,0.0,0.0,0.0,0.0,2.380952380952381,11.904761904761903,13.095238095238097,54.761904761904766,17.857142857142858
2025,8,2025-08,Hawaiʻi::Puumaile,0.0,0.0,8.086253369272237,26.23539982030548,14.195867026055705,43.39622641509434,8.086253369272237,0.0,0.0,0.0,0.0
2025,8,2025-08,Hawaiʻi::Puunanaia,0.0,0.0,0.0,29.81494174091844,21.110349554489378,34.95544893762851,14.119259766963674,0.0,0.0,0.0,0.0
2025,8,2025-08,Hawaiʻi::Puuokalepa,0.0,0.0,0.0,80.95238095238095,19.047619047619047,0.0,0.0,0.0,0.0,0.0,0.0
2025,8,2025-08,Hawaiʻi::Puuulaula,0.0,0.0,0.0,100.0,0.0,0.0,0.0,0.0,0.0,0.0,0.0
2025,8,2025-08,Hawaiʻi::Puuwaawaa,0.0,0.0,0.0,0.0,31.749311294765842,68.25068870523417,0.0,0.0,0.0,0.0,0.0
2025,8,2025-08,Hawaiʻi::Umauma,0.0,3.940362087326944,39.08413205537806,56.975505857295,0.0,0.0,0.0,0.0,0.0,0.0,0.0
2025,8,2025-08,Hawaiʻi::Unnamed Watershed # 81043,0.0,0.0,0.0,100.0,0.0,0.0,0.0,0.0,0.0,0.0,0.0
2025,8,2025-08,Hawaiʻi::Unnamed Watershed # 83003,0.0,0.0,0.0,0.0,0.0,100.0,0.0,0.0,0.0,0.0,0.0
2025,8,2025-08,Hawaiʻi::Unnamed Watershed # 83033,0.0,0.0,0.0,100.0,0.0,0.0,0.0,0.0,0.0,0.0,0.0
2025,8,2025-08,Hawaiʻi::Unnamed Watershed # 83056,0.0,0.0,0.0,100.0,0.0,0.0,0.0,0.0,0.0,0.0,0.0
2025,8,2025-08,Hawaiʻi::Upolu,0.0,0.0,0.0,0.0,0.0,100.0,0.0,0.0,0.0,0.0,0.0
2025,8,2025-08,Hawaiʻi::Waiaalala,0.0,0.0,0.0,100.0,0.0,0.0,0.0,0.0,0.0,0.0,0.0
2025,8,2025-08,Hawaiʻi::Waiaama,0.0,0.0,0.0,100.0,0.0,0.0,0.0,0.0,0.0,0.0,0.0
2025,8,2025-08,Hawaiʻi::Waiaha,0.0,0.0,0.0,0.0,0.0,68.60795454545455,16.193181818181817,15.198863636363635,0.0,0.0,0.0
2025,8,2025-08,Hawaiʻi::Waialea,0.0,0.0,0.0,0.0,0.0,0.0,4.848484848484849,44.84848484848485,30.909090909090907,19.393939393939394,0.0
2025,8,2025-08,Hawaiʻi::Waialeale Gulch,0.0,0.0,0.0,100.0,0.0,0.0,0.0,0.0,0.0,0.0,0.0
2025,8,2025-08,Hawaiʻi::Waiania Gulch,0.0,0.0,0.0,18.75,81.25,0.0,0.0,0.0,0.0,0.0,0.0
2025,8,2025-08,Hawaiʻi::Waiapuka,0.0,0.0,0.0,100.0,0.0,0.0,0.0,0.0,0.0,0.0,0.0
2025,8,2025-08,Hawaiʻi::Waiehu,0.0,0.0,0.0,100.0,0.0,0.0,0.0,0.0,0.0,0.0,0.0
2025,8,2025-08,Hawaiʻi::Waihou,0.0,0.0,0.0,0.0,29.97159090909091,55.61079545454546,13.494318181818182,0.9232954545454546,0.0,0.0,0.0
2025,8,2025-08,Hawaiʻi::Waikahalulu Gulch,0.0,56.76855895196506,36.24454148471616,6.986899563318777,0.0,0.0,0.0,0.0,0.0,0.0,0.0
2025,8,2025-08,Hawaiʻi::Waikaloa,0.0,0.0,0.0,100.0,0.0,0.0,0.0,0.0,0.0,0.0,0.0
2025,8,2025-08,Hawaiʻi::Waikama Gulch,0.0,0.0,37.74834437086093,62.251655629139066,0.0,0.0,0.0,0.0,0.0,0.0,0.0
2025,8,2025-08,Hawaiʻi::Waikaumalo,0.0,43.87096774193549,31.451612903225808,24.677419354838708,0.0,0.0,0.0,0.0,0.0,0.0,0.0
2025,8,2025-08,Hawaiʻi::Waikoekoe Gulch,0.0,0.0,0.0,100.0,0.0,0.0,0.0,0.0,0.0,0.0,0.0
2025,8,2025-08,Hawaiʻi::Waikoloa,0.0,15.133531157270031,55.48961424332344,29.376854599406528,0.0,0.0,0.0,0.0,0.0,0.0,0.0
2025,8,2025-08,Hawaiʻi::Waikolu,0.0,0.0,0.0,100.0,0.0,0.0,0.0,0.0,0.0,0.0,0.0
2025,8,2025-08,Hawaiʻi::Wailoa,0.0,0.0,32.272325375773654,63.2183908045977,4.509283819628647,0.0,0.0,0.0,0.0,0.0,0.0
2025,8,2025-08,Hawaiʻi::Wailoa River,0.0,2.7975235037835358,6.879156156844761,56.20270580142169,24.14583811052511,9.974776427424903,0.0,0.0,0.0,0.0,0.0
2025,8,2025-08,Hawaiʻi::Wailuku River,0.0,0.0,0.054097917230186636,47.88567306825354,39.25705527003877,12.803173744477506,0.0,0.0,0.0,0.0,0.0
2025,8,2025-08,Hawaiʻi::Waimaauou,0.0,0.0,0.0,100.0,0.0,0.0,0.0,0.0,0.0,0.0,0.0
2025,8,2025-08,Hawaiʻi::Waimaile,0.0,0.0,0.0,100.0,0.0,0.0,0.0,0.0,0.0,0.0,0.0
2025,8,2025-08,Hawaiʻi::Waimanu,0.0,0.0,0.0,100.0,0.0,0.0,0.0,0.0,0.0,0.0,0.0
2025,8,2025-08,Hawaiʻi::Waiohinu,0.0,0.0,0.0,6.226834692364715,18.08747220163084,75.68569310600445,0.0,0.0,0.0,0.0,0.0
2025,8,2025-08,Hawaiʻi::Waipahi,0.0,0.0,0.0,100.0,0.0,0.0,0.0,0.0,0.0,0.0,0.0
2025,8,2025-08,Hawaiʻi::Waipahoehoe,0.0,0.0,0.0,100.0,0.0,0.0,0.0,0.0,0.0,0.0,0.0
2025,8,2025-08,Hawaiʻi::Waipunahina Gulch,0.0,9.75609756097561,67.94425087108013,22.299651567944252,0.0,0.0,0.0,0.0,0.0,0.0,0.0
2025,8,2025-08,Hawaiʻi::Waipunahoe,0.0,52.81173594132029,23.227383863080682,23.96088019559902,0.0,0.0,0.0,0.0,0.0,0.0,0.0
2025,8,2025-08,Hawaiʻi::Waipunalau Gulch,0.0,0.0,50.177935943060504,49.8220640569395,0.0,0.0,0.0,0.0,0.0,0.0,0.0
2025,8,2025-08,Hawaiʻi::Waipunalei,0.0,3.125,96.875,0.0,0.0,0.0,0.0,0.0,0.0,0.0,0.0
2025,8,2025-08,Hawaiʻi::Waiulaula,0.0,29.59339651482727,22.898196270253745,19.137878324671355,15.499847141546926,5.5640476918373585,0.6420055029043107,1.0088657902782023,0.7642922653622746,1.4368694588810762,3.4546010394374806
2025,8,2025-08,Hawaiʻi::Waiulili,0.0,41.53439153439153,48.01587301587302,10.44973544973545,0.0,0.0,0.0,0.0,0.0,0.0,0.0
2025,8,2025-08,Hawaiʻi::Wawaionu,0.0,0.0,0.0,4.651162790697675,20.348837209302324,75.0,0.0,0.0,0.0,0.0,0.0
2025,8,2025-08,Hawaiʻi::Weloka,0.0,0.0,34.78260869565217,65.21739130434783,0.0,0.0,0.0,0.0,0.0,0.0,0.0
2025,8,2025-08,Kauaʻi::Aipo,0.0,11.926605504587156,86.23853211009175,1.834862385321101,0.0,0.0,0.0,0.0,0.0,0.0,0.0
2025,8,2025-08,Kauaʻi::Aliomanu,0.0,0.0,14.0625,85.9375,0.0,0.0,0.0,0.0,0.0,0.0,0.0
2025,8,2025-08,Kauaʻi::Anahola,0.0,23.421588594704684,56.211812627291245,20.366598778004075,0.0,0.0,0.0,0.0,0.0,0.0,0.0
2025,8,2025-08,Kauaʻi::Anini,0.0,39.21568627450981,50.98039215686274,9.803921568627452,0.0,0.0,0.0,0.0,0.0,0.0,0.0
2025,8,2025-08,Kauaʻi::Awaawapuhi,0.0,64.81481481481481,35.18518518518518,0.0,0.0,0.0,0.0,0.0,0.0,0.0,0.0
2025,8,2025-08,Kauaʻi::Aweoweonui,0.0,0.0,13.636363636363635,61.36363636363637,22.727272727272727,2.272727272727273,0.0,0.0,0.0,0.0,0.0
2025,8,2025-08,Kauaʻi::Haeleele,0.0,0.0,0.0,100.0,0.0,0.0,0.0,0.0,0.0,0.0,0.0
2025,8,2025-08,Kauaʻi::Hanakapiai,0.0,99.40476190476191,0.5952380952380952,0.0,0.0,0.0,0.0,0.0,0.0,0.0,0.0
2025,8,2025-08,Kauaʻi::Hanakoa,0.0,92.13483146067416,7.865168539325842,0.0,0.0,0.0,0.0,0.0,0.0,0.0,0.0
2025,8,2025-08,Kauaʻi::Hanalei River,0.0,13.314711359404097,41.62011173184357,45.06517690875233,0.0,0.0,0.0,0.0,0.0,0.0,0.0
2025,8,2025-08,Kauaʻi::Hanamaulu,0.0,0.0,0.0,0.0,0.0,14.096185737976782,10.945273631840797,32.66998341625207,34.660033167495854,7.628524046434494,0.0
2025,8,2025-08,Kauaʻi::Hanapepe River,0.0,0.0,35.864297253634895,64.13570274636511,0.0,0.0,0.0,0.0,0.0,0.0,0.0
2025,8,2025-08,Kauaʻi::Hikimoe Valley,0.0,0.0,0.0,100.0,0.0,0.0,0.0,0.0,0.0,0.0,0.0
2025,8,2025-08,Kauaʻi::Hoai,0.0,57.89473684210527,42.10526315789473,0.0,0.0,0.0,0.0,0.0,0.0,0.0,0.0
2025,8,2025-08,Kauaʻi::Hoea,0.0,0.0,0.0,16.18075801749271,83.8192419825073,0.0,0.0,0.0,0.0,0.0,0.0
2025,8,2025-08,Kauaʻi::Homaikawaa,0.0,0.0,31.25,68.75,0.0,0.0,0.0,0.0,0.0,0.0,0.0
2025,8,2025-08,Kauaʻi::Honopu,0.0,82.25806451612904,17.741935483870968,0.0,0.0,0.0,0.0,0.0,0.0,0.0,0.0
2025,8,2025-08,Kauaʻi::Honu,0.0,0.0,87.5,12.5,0.0,0.0,0.0,0.0,0.0,0.0,0.0
2025,8,2025-08,Kauaʻi::Hoolulu,0.0,100.0,0.0,0.0,0.0,0.0,0.0,0.0,0.0,0.0,0.0
2025,8,2025-08,Kauaʻi::Huleia,0.0,0.0,0.0,21.371610845295056,27.67145135566188,40.749601275917065,6.698564593301436,3.508771929824561,0.0,0.0,0.0
2025,8,2025-08,Kauaʻi::Ioleau,0.0,0.0,18.367346938775512,81.63265306122449,0.0,0.0,0.0,0.0,0.0,0.0,0.0
2025,8,2025-08,Kauaʻi::Kaahole Valley,0.0,0.0,9.523809523809524,90.47619047619048,0.0,0.0,0.0,0.0,0.0,0.0,0.0
2025,8,2025-08,Kauaʻi::Kaawaloa,0.0,0.0,0.0,11.652173913043478,69.3913043478261,18.956521739130437,0.0,0.0,0.0,0.0,0.0
2025,8,2025-08,Kauaʻi::Kaaweiki Valley,0.0,0.0,0.0,100.0,0.0,0.0,0.0,0.0,0.0,0.0,0.0
2025,8,2025-08,Kauaʻi::Kalaheo Gulch,0.0,0.0,0.0,100.0,0.0,0.0,0.0,0.0,0.0,0.0,0.0
2025,8,2025-08,Kauaʻi::Kalalau,0.0,14.973262032085561,85.02673796791443,0.0,0.0,0.0,0.0,0.0,0.0,0.0,0.0
2025,8,2025-08,Kauaʻi::Kaleinamanu Ridge,0.0,0.0,0.0,0.0,100.0,0.0,0.0,0.0,0.0,0.0,0.0
2025,8,2025-08,Kauaʻi::Kalepa,0.0,16.666666666666664,83.33333333333334,0.0,0.0,0.0,0.0,0.0,0.0,0.0,0.0
2025,8,2025-08,Kauaʻi::Kalihikai,0.0,0.0,100.0,0.0,0.0,0.0,0.0,0.0,0.0,0.0,0.0
2025,8,2025-08,Kauaʻi::Kalihiwai River,0.0,42.535787321063395,50.306748466257666,7.157464212678937,0.0,0.0,0.0,0.0,0.0,0.0,0.0
2025,8,2025-08,Kauaʻi::Kaluapuhi,0.0,0.0,0.0,100.0,0.0,0.0,0.0,0.0,0.0,0.0,0.0
2025,8,2025-08,Kauaʻi::Kamalomaloo,0.0,0.0,20.51282051282051,79.48717948717949,0.0,0.0,0.0,0.0,0.0,0.0,0.0
2025,8,2025-08,Kauaʻi::Kapaa,0.8130081300813009,24.932249322493224,46.476964769647694,27.77777777777778,0.0,0.0,0.0,0.0,0.0,0.0,0.0
2025,8,2025-08,Kauaʻi::Kapalawai,0.0,0.0,0.0,32.857142857142854,67.14285714285714,0.0,0.0,0.0,0.0,0.0,0.0
2025,8,2025-08,Kauaʻi::Kauhao,0.0,0.0,23.18840579710145,76.08695652173914,0.7246376811594203,0.0,0.0,0.0,0.0,0.0,0.0
2025,8,2025-08,Kauaʻi::Kaulaula,0.0,0.0,0.0,100.0,0.0,0.0,0.0,0.0,0.0,0.0,0.0
2025,8,2025-08,Kauaʻi::Kaumakani,0.0,0.0,0.0,100.0,0.0,0.0,0.0,0.0,0.0,0.0,0.0
2025,8,2025-08,Kauaʻi::Kawailoa,0.0,0.0,0.0,0.0,0.0,0.0,0.0,1.4285714285714286,98.57142857142858,0.0,0.0
2025,8,2025-08,Kauaʻi::Kaweonui,0.0,0.0,0.0,100.0,0.0,0.0,0.0,0.0,0.0,0.0,0.0
2025,8,2025-08,Kauaʻi::Keawanui,0.0,0.0,0.0,100.0,0.0,0.0,0.0,0.0,0.0,0.0,0.0
2025,8,2025-08,Kauaʻi::Kilauea,0.0,81.63992869875223,18.36007130124777,0.0,0.0,0.0,0.0,0.0,0.0,0.0,0.0
2025,8,2025-08,Kauaʻi::Kipukai,0.0,0.0,0.0,0.0,48.484848484848484,51.515151515151516,0.0,0.0,0.0,0.0,0.0
2025,8,2025-08,Kauaʻi::Koki,0.0,0.0,0.0,100.0,0.0,0.0,0.0,0.0,0.0,0.0,0.0
2025,8,2025-08,Kauaʻi::Kowali,0.0,0.0,100.0,0.0,0.0,0.0,0.0,0.0,0.0,0.0,0.0
2025,8,2025-08,Kauaʻi::Kukamahu Gulch,0.0,0.0,4.761904761904762,95.23809523809523,0.0,0.0,0.0,0.0,0.0,0.0,0.0
2025,8,2025-08,Kauaʻi::Kulihaili,0.0,67.3913043478261,32.608695652173914,0.0,0.0,0.0,0.0,0.0,0.0,0.0,0.0
2025,8,2025-08,Kauaʻi::Kumukumu,0.0,0.0,1.7857142857142856,98.21428571428571,0.0,0.0,0.0,0.0,0.0,0.0,0.0
2025,8,2025-08,Kauaʻi::Lawai,0.0,0.0,28.412256267409468,71.58774373259052,0.0,0.0,0.0,0.0,0.0,0.0,0.0
2025,8,2025-08,Kauaʻi::Limahuli,0.0,98.79518072289156,1.2048192771084338,0.0,0.0,0.0,0.0,0.0,0.0,0.0,0.0
2025,8,2025-08,Kauaʻi::Lumahai River,0.0,0.0,4.952076677316294,95.0479233226837,0.0,0.0,0.0,0.0,0.0,0.0,0.0
2025,8,2025-08,Kauaʻi::Mahaulepu,0.0,30.630630630630627,24.624624624624623,31.23123123123123,10.81081081081081,2.7027027027027026,0.0,0.0,0.0,0.0,0.0
2025,8,2025-08,Kauaʻi::Mahinauli,0.0,0.0,41.12676056338028,58.87323943661972,0.0,0.0,0.0,0.0,0.0,0.0,0.0
2025,8,2025-08,Kauaʻi::Makaha Valley,0.0,0.0,36.84210526315789,35.08771929824561,28.07017543859649,0.0,0.0,0.0,0.0,0.0,0.0
2025,8,2025-08,Kauaʻi::Makole,0.0,0.0,0.0,100.0,0.0,0.0,0.0,0.0,0.0,0.0,0.0
2025,8,2025-08,Kauaʻi::Manoa,0.0,21.568627450980394,78.43137254901961,0.0,0.0,0.0,0.0,0.0,0.0,0.0,0.0
2025,8,2025-08,Kauaʻi::Manoloa,0.0,0.0,76.19047619047619,23.809523809523807,0.0,0.0,0.0,0.0,0.0,0.0,0.0
2025,8,2025-08,Kauaʻi::Maunapuluo,0.0,100.0,0.0,0.0,0.0,0.0,0.0,0.0,0.0,0.0,0.0
2025,8,2025-08,Kauaʻi::Milolii,0.0,0.0,47.878787878787875,49.09090909090909,3.0303030303030303,0.0,0.0,0.0,0.0,0.0,0.0
2025,8,2025-08,Kauaʻi::Moikeha,0.0,0.0,15.686274509803921,68.62745098039215,15.686274509803921,0.0,0.0,0.0,0.0,0.0,0.0
2025,8,2025-08,Kauaʻi::Moloaa,0.0,31.84713375796178,26.11464968152866,42.038216560509554,0.0,0.0,0.0,0.0,0.0,0.0,0.0
2025,8,2025-08,Kauaʻi::Nahomalu,0.0,0.0,0.0,45.74095682613769,52.625437572928824,1.633605600933489,0.0,0.0,0.0,0.0,0.0
2025,8,2025-08,Kauaʻi::Nakeikianaiiwi,0.0,33.33333333333333,66.66666666666666,0.0,0.0,0.0,0.0,0.0,0.0,0.0,0.0
2025,8,2025-08,Kauaʻi::Nawiliwili,0.0,0.0,0.0,0.0,0.0,9.44206008583691,12.017167381974248,28.75536480686695,42.06008583690987,7.725321888412018,0.0
2025,8,2025-08,Kauaʻi::Niu,0.0,0.0,100.0,0.0,0.0,0.0,0.0,0.0,0.0,0.0,0.0
2025,8,2025-08,Kauaʻi::Niumalu,0.0,0.0,0.0,0.0,0.0,0.0,11.11111111111111,88.88888888888889,0.0,0.0,0.0
2025,8,2025-08,Kauaʻi::Nualolo,0.0,39.473684210526315,60.526315789473685,0.0,0.0,0.0,0.0,0.0,0.0,0.0,0.0
2025,8,2025-08,Kauaʻi::Nualolokai,0.0,0.0,25.0,75.0,0.0,0.0,0.0,0.0,0.0,0.0,0.0
2025,8,2025-08,Kauaʻi::PMRF1,0.0,0.0,0.0,27.27272727272727,72.72727272727273,0.0,0.0,0.0,0.0,0.0,0.0
2025,8,2025-08,Kauaʻi::PMRF2,0.0,0.0,0.0,33.33333333333333,66.66666666666666,0.0,0.0,0.0,0.0,0.0,0.0
2025,8,2025-08,Kauaʻi::Papaa,0.0,0.0,28.74251497005988,71.25748502994011,0.0,0.0,0.0,0.0,0.0,0.0,0.0
2025,8,2025-08,Kauaʻi::Pilaa,0.0,60.78431372549019,39.21568627450981,0.0,0.0,0.0,0.0,0.0,0.0,0.0,0.0
2025,8,2025-08,Kauaʻi::Pohakuao,0.0,0.0,100.0,0.0,0.0,0.0,0.0,0.0,0.0,0.0,0.0
2025,8,2025-08,Kauaʻi::Puali,0.0,0.0,0.0,0.0,0.0,0.0,13.684210526315791,82.10526315789474,4.2105263157894735,0.0,0.0
2025,8,2025-08,Kauaʻi::Puuauau,0.0,0.0,0.0,100.0,0.0,0.0,0.0,0.0,0.0,0.0,0.0
2025,8,2025-08,Kauaʻi::Puuhi Reservoir,0.0,81.30841121495327,15.887850467289718,2.803738317757009,0.0,0.0,0.0,0.0,0.0,0.0,0.0
2025,8,2025-08,Kauaʻi::Puukumu,0.0,28.8135593220339,71.1864406779661,0.0,0.0,0.0,0.0,0.0,0.0,0.0,0.0
2025,8,2025-08,Kauaʻi::Puupoa,0.0,0.0,2.7027027027027026,97.2972972972973,0.0,0.0,0.0,0.0,0.0,0.0,0.0
2025,8,2025-08,Kauaʻi::Secret Beach,0.0,0.0,3.7735849056603774,96.22641509433963,0.0,0.0,0.0,0.0,0.0,0.0,0.0
2025,8,2025-08,Kauaʻi::Unnamed Watershed # 21040,0.0,0.0,0.0,100.0,0.0,0.0,0.0,0.0,0.0,0.0,0.0
2025,8,2025-08,Kauaʻi::Unnamed Watershed # 21047,0.0,0.0,100.0,0.0,0.0,0.0,0.0,0.0,0.0,0.0,0.0
2025,8,2025-08,Kauaʻi::Unnamed Watershed # 21048,0.0,0.0,100.0,0.0,0.0,0.0,0.0,0.0,0.0,0.0,0.0
2025,8,2025-08,Kauaʻi::Unnamed Watershed # 21049,0.0,100.0,0.0,0.0,0.0,0.0,0.0,0.0,0.0,0.0,0.0
2025,8,2025-08,Kauaʻi::Unnamed Watershed # 21050,0.0,0.0,40.0,60.0,0.0,0.0,0.0,0.0,0.0,0.0,0.0
2025,8,2025-08,Kauaʻi::Unnamed Watershed # 21051,0.0,0.0,0.0,100.0,0.0,0.0,0.0,0.0,0.0,0.0,0.0
2025,8,2025-08,Kauaʻi::Unnamed Watershed # 21052,0.0,0.0,0.0,100.0,0.0,0.0,0.0,0.0,0.0,0.0,0.0
2025,8,2025-08,Kauaʻi::Unnamed Watershed # 21053,0.0,0.0,0.0,100.0,0.0,0.0,0.0,0.0,0.0,0.0,0.0
2025,8,2025-08,Kauaʻi::Unnamed Watershed # 21054,0.0,0.0,100.0,0.0,0.0,0.0,0.0,0.0,0.0,0.0,0.0
2025,8,2025-08,Kauaʻi::Unnamed Watershed # 21055,0.0,0.0,100.0,0.0,0.0,0.0,0.0,0.0,0.0,0.0,0.0
2025,8,2025-08,Kauaʻi::Unnamed Watershed # 21056,0.0,0.0,100.0,0.0,0.0,0.0,0.0,0.0,0.0,0.0,0.0
2025,8,2025-08,Kauaʻi::Unnamed Watershed # 21057,0.0,0.0,100.0,0.0,0.0,0.0,0.0,0.0,0.0,0.0,0.0
2025,8,2025-08,Kauaʻi::Unnamed Watershed # 21058,0.0,0.0,100.0,0.0,0.0,0.0,0.0,0.0,0.0,0.0,0.0
2025,8,2025-08,Kauaʻi::Unnamed Watershed # 21059,0.0,0.0,12.5,87.5,0.0,0.0,0.0,0.0,0.0,0.0,0.0
2025,8,2025-08,Kauaʻi::Unnamed Watershed # 21060,0.0,0.0,0.0,100.0,0.0,0.0,0.0,0.0,0.0,0.0,0.0
2025,8,2025-08,Kauaʻi::Unnamed Watershed # 22019,0.0,0.0,0.0,100.0,0.0,0.0,0.0,0.0,0.0,0.0,0.0
2025,8,2025-08,Kauaʻi::Unnamed Watershed # 22020,0.0,0.0,0.0,100.0,0.0,0.0,0.0,0.0,0.0,0.0,0.0
2025,8,2025-08,Kauaʻi::Unnamed Watershed # 22021,0.0,0.0,0.0,0.0,0.0,0.0,20.481927710843372,71.08433734939759,8.433734939759036,0.0,0.0
2025,8,2025-08,Kauaʻi::Unnamed Watershed # 22022,0.0,0.0,0.0,0.0,0.0,0.0,0.0,0.0,45.83333333333333,54.166666666666664,0.0
2025,8,2025-08,Kauaʻi::Unnamed Watershed # 22023,0.0,0.0,0.0,0.0,0.0,0.0,0.0,100.0,0.0,0.0,0.0
2025,8,2025-08,Kauaʻi::Unnamed Watershed # 23019,0.0,0.0,0.0,0.0,0.0,0.0,0.0,100.0,0.0,0.0,0.0
2025,8,2025-08,Kauaʻi::Unnamed Watershed # 23020,0.0,0.0,0.0,0.0,0.0,22.22222222222222,74.07407407407408,3.7037037037037033,0.0,0.0,0.0
2025,8,2025-08,Kauaʻi::Unnamed Watershed # 23021,0.0,0.0,0.0,0.0,0.0,100.0,0.0,0.0,0.0,0.0,0.0
2025,8,2025-08,Kauaʻi::Unnamed Watershed # 23022,0.0,0.0,0.0,0.0,0.0,100.0,0.0,0.0,0.0,0.0,0.0
2025,8,2025-08,Kauaʻi::Unnamed Watershed # 23023,0.0,0.0,0.0,55.55555555555556,44.44444444444444,0.0,0.0,0.0,0.0,0.0,0.0
2025,8,2025-08,Kauaʻi::Unnamed Watershed # 23024,0.0,0.0,0.0,100.0,0.0,0.0,0.0,0.0,0.0,0.0,0.0
2025,8,2025-08,Kauaʻi::Unnamed Watershed # 24010,0.0,0.0,0.0,100.0,0.0,0.0,0.0,0.0,0.0,0.0,0.0
2025,8,2025-08,Kauaʻi::Unnamed Watershed # 25044,0.0,0.0,0.0,100.0,0.0,0.0,0.0,0.0,0.0,0.0,0.0
2025,8,2025-08,Kauaʻi::Unnamed Watershed # 25045,0.0,0.0,0.0,60.0,40.0,0.0,0.0,0.0,0.0,0.0,0.0
2025,8,2025-08,Kauaʻi::Unulau,0.0,0.0,0.0,0.0,0.0,0.0,0.0,100.0,0.0,0.0,0.0
2025,8,2025-08,Kauaʻi::Wahiawa,0.0,0.0,21.942446043165468,78.05755395683454,0.0,0.0,0.0,0.0,0.0,0.0,0.0
2025,8,2025-08,Kauaʻi::Waiahuakua,0.0,100.0,0.0,0.0,0.0,0.0,0.0,0.0,0.0,0.0,0.0
2025,8,2025-08,Kauaʻi::Waikaea,9.198813056379821,19.584569732937684,13.649851632047477,19.287833827893174,14.243323442136498,24.03560830860534,0.0,0.0,0.0,0.0,0.0
2025,8,2025-08,Kauaʻi::Waikoko,0.0,0.0,0.0,100.0,0.0,0.0,0.0,0.0,0.0,0.0,0.0
2025,8,2025-08,Kauaʻi::Waikomo,0.0,9.465020576131687,22.633744855967077,67.90123456790124,0.0,0.0,0.0,0.0,0.0,0.0,0.0
2025,8,2025-08,Kauaʻi::Wailua River,0.0,0.9737510584250635,1.651143099068586,43.81879762912786,21.54953429297206,26.206604572396273,3.683319220999153,2.1168501270110074,0.0,0.0,0.0
2025,8,2025-08,Kauaʻi::Waimea River,0.0,0.3381893860561915,20.161290322580644,63.70967741935484,14.099895941727366,1.6909469302809572,0.0,0.0,0.0,0.0,0.0
2025,8,2025-08,Kauaʻi::Wainiha River,0.0,5.644402634054563,39.604891815616185,54.1862652869238,0.5644402634054563,0.0,0.0,0.0,0.0,0.0,0.0
2025,8,2025-08,Kauaʻi::Waiolaa,0.0,33.33333333333333,66.66666666666666,0.0,0.0,0.0,0.0,0.0,0.0,0.0,0.0
2025,8,2025-08,Kauaʻi::Waioli,0.0,0.0,50.0,50.0,0.0,0.0,0.0,0.0,0.0,0.0,0.0
2025,8,2025-08,Kauaʻi::Waipa,0.0,0.0,0.0,100.0,0.0,0.0,0.0,0.0,0.0,0.0,0.0
2025,8,2025-08,Kauaʻi::Waipaki East,0.0,10.126582278481013,79.74683544303798,10.126582278481013,0.0,0.0,0.0,0.0,0.0,0.0,0.0
2025,8,2025-08,Kauaʻi::Waipao,0.0,0.0,6.315789473684211,91.75438596491227,1.9298245614035088,0.0,0.0,0.0,0.0,0.0,0.0
2025,8,2025-08,Maui::Ahaino Gulch,0.0,0.0,0.0,100.0,0.0,0.0,0.0,0.0,0.0,0.0,0.0
2025,8,2025-08,Maui::Aikoolau Gulch,0.0,0.0,0.0,100.0,0.0,0.0,0.0,0.0,0.0,0.0,0.0
2025,8,2025-08,Maui::Alaalaula Gulch,100.0,0.0,0.0,0.0,0.0,0.0,0.0,0.0,0.0,0.0,0.0
2025,8,2025-08,Maui::Alapapa Gulch,0.0,0.0,100.0,0.0,0.0,0.0,0.0,0.0,0.0,0.0,0.0
2025,8,2025-08,Maui::Alelele,23.636363636363637,76.36363636363637,0.0,0.0,0.0,0.0,0.0,0.0,0.0,0.0,0.0
2025,8,2025-08,Maui::Alii,0.0,0.0,0.0,0.0,43.39622641509434,56.60377358490566,0.0,0.0,0.0,0.0,0.0
2025,8,2025-08,Maui::Anahaki Gulch,0.0,0.0,31.746031746031743,68.25396825396825,0.0,0.0,0.0,0.0,0.0,0.0,0.0
2025,8,2025-08,Maui::Anakaluahine Gulch,0.0,20.481927710843372,79.51807228915662,0.0,0.0,0.0,0.0,0.0,0.0,0.0,0.0
2025,8,2025-08,Maui::Anapuhi,0.0,0.0,0.0,0.0,0.0,100.0,0.0,0.0,0.0,0.0,0.0
2025,8,2025-08,Maui::Anapuka,0.0,0.0,0.0,100.0,0.0,0.0,0.0,0.0,0.0,0.0,0.0
2025,8,2025-08,Maui::Anianikeha,0.0,0.0,0.0,100.0,0.0,0.0,0.0,0.0,0.0,0.0,0.0
2025,8,2025-08,Maui::Apuuiki Gulch,0.0,0.0,100.0,0.0,0.0,0.0,0.0,0.0,0.0,0.0,0.0
2025,8,2025-08,Maui::Awahua,0.0,0.0,0.0,100.0,0.0,0.0,0.0,0.0,0.0,0.0,0.0
2025,8,2025-08,Maui::Awalau Gulch,0.0,6.666666666666667,93.33333333333333,0.0,0.0,0.0,0.0,0.0,0.0,0.0,0.0
2025,8,2025-08,Maui::Awalua,0.0,0.0,0.0,45.36082474226804,0.0,54.63917525773196,0.0,0.0,0.0,0.0,0.0
2025,8,2025-08,Maui::Awehi Gulch,0.0,0.0,100.0,0.0,0.0,0.0,0.0,0.0,0.0,0.0,0.0
2025,8,2025-08,Maui::Ekahanui,0.0,0.0,0.0,100.0,0.0,0.0,0.0,0.0,0.0,0.0,0.0
2025,8,2025-08,Maui::Elialii Gulch,0.0,39.285714285714285,60.71428571428571,0.0,0.0,0.0,0.0,0.0,0.0,0.0,0.0
2025,8,2025-08,Maui::Hahalawe Gulch,100.0,0.0,0.0,0.0,0.0,0.0,0.0,0.0,0.0,0.0,0.0
2025,8,2025-08,Maui::Haipuaena,0.0,100.0,0.0,0.0,0.0,0.0,0.0,0.0,0.0,0.0,0.0
2025,8,2025-08,Maui::Hakina Gulch,0.0,0.0,0.0,100.0,0.0,0.0,0.0,0.0,0.0,0.0,0.0
2025,8,2025-08,Maui::Halawa,0.0,0.0,31.132075471698112,68.86792452830188,0.0,0.0,0.0,0.0,0.0,0.0,0.0
2025,8,2025-08,Maui::Halawa Iki Gulch,0.0,0.0,100.0,0.0,0.0,0.0,0.0,0.0,0.0,0.0,0.0
2025,8,2025-08,Maui::Halena Gulch,0.0,0.0,0.0,100.0,0.0,0.0,0.0,0.0,0.0,0.0,0.0
2025,8,2025-08,Maui::Haleolono,0.0,0.0,0.0,100.0,0.0,0.0,0.0,0.0,0.0,0.0,0.0
2025,8,2025-08,Maui::Halepalaoa,0.0,0.0,100.0,0.0,0.0,0.0,0.0,0.0,0.0,0.0,0.0
2025,8,2025-08,Maui::Haloku,0.0,0.0,0.0,0.0,100.0,0.0,0.0,0.0,0.0,0.0,0.0
2025,8,2025-08,Maui::Halulu Gulch,0.0,0.0,5.405405405405405,94.5945945945946,0.0,0.0,0.0,0.0,0.0,0.0,0.0
2025,8,2025-08,Maui::Hamakuapoko,100.0,0.0,0.0,0.0,0.0,0.0,0.0,0.0,0.0,0.0,0.0
2025,8,2025-08,Maui::Hanaula Gulch,0.0,0.0,0.0,44.44444444444444,55.55555555555556,0.0,0.0,0.0,0.0,0.0,0.0
2025,8,2025-08,Maui::Hanawana,0.0,15.625,84.375,0.0,0.0,0.0,0.0,0.0,0.0,0.0,0.0
2025,8,2025-08,Maui::Hanawi,0.0,0.0,17.928286852589643,36.254980079681275,45.81673306772908,0.0,0.0,0.0,0.0,0.0,0.0
2025,8,2025-08,Maui::Hanehoi,0.0,71.42857142857143,28.57142857142857,0.0,0.0,0.0,0.0,0.0,0.0,0.0,0.0
2025,8,2025-08,Maui::Haneoo Gulch,3.79746835443038,96.20253164556962,0.0,0.0,0.0,0.0,0.0,0.0,0.0,0.0,0.0
2025,8,2025-08,Maui::Haua Gulch,0.0,0.0,100.0,0.0,0.0,0.0,0.0,0.0,0.0,0.0,0.0
2025,8,2025-08,Maui::Haukoi,0.0,0.0,0.0,0.0,0.0,100.0,0.0,0.0,0.0,0.0,0.0
2025,8,2025-08,Maui::Hauola Gulch,0.0,0.0,100.0,0.0,0.0,0.0,0.0,0.0,0.0,0.0,0.0
2025,8,2025-08,Maui::Hawaiilanui Gulch,0.0,0.0,0.0,100.0,0.0,0.0,0.0,0.0,0.0,0.0,0.0
2025,8,2025-08,Maui::Hawelewele Gulch,0.0,0.0,13.86986301369863,75.51369863013699,10.616438356164384,0.0,0.0,0.0,0.0,0.0,0.0
2025,8,2025-08,Maui::Heleleikeoha,0.0,12.345679012345679,72.22222222222221,15.432098765432098,0.0,0.0,0.0,0.0,0.0,0.0,0.0
2025,8,2025-08,Maui::Hikauhi Gulch,0.0,0.0,73.07692307692307,26.923076923076923,0.0,0.0,0.0,0.0,0.0,0.0,0.0
2025,8,2025-08,Maui::Hinanaulua,0.0,0.0,80.95238095238095,19.047619047619047,0.0,0.0,0.0,0.0,0.0,0.0,0.0
2025,8,2025-08,Maui::Hoalua,0.0,71.66666666666667,28.333333333333332,0.0,0.0,0.0,0.0,0.0,0.0,0.0,0.0
2025,8,2025-08,Maui::Holoinawawae,0.0,19.565217391304348,80.43478260869566,0.0,0.0,0.0,0.0,0.0,0.0,0.0,0.0
2025,8,2025-08,Maui::Holumalu Gulch,100.0,0.0,0.0,0.0,0.0,0.0,0.0,0.0,0.0,0.0,0.0
2025,8,2025-08,Maui::Honokahua,53.403141361256544,42.40837696335078,4.18848167539267,0.0,0.0,0.0,0.0,0.0,0.0,0.0,0.0
2025,8,2025-08,Maui::Honokala Gulch,0.0,100.0,0.0,0.0,0.0,0.0,0.0,0.0,0.0,0.0,0.0
2025,8,2025-08,Maui::Honokeana,86.48648648648648,13.513513513513514,0.0,0.0,0.0,0.0,0.0,0.0,0.0,0.0,0.0
2025,8,2025-08,Maui::Honokohau,0.0,58.77437325905292,41.22562674094708,0.0,0.0,0.0,0.0,0.0,0.0,0.0,0.0
2025,8,2025-08,Maui::Honokowai,7.061503416856492,39.40774487471526,45.558086560364465,7.972665148063782,0.0,0.0,0.0,0.0,0.0,0.0,0.0
2025,8,2025-08,Maui::Honolua,1.0101010101010102,82.32323232323232,16.666666666666664,0.0,0.0,0.0,0.0,0.0,0.0,0.0,0.0
2025,8,2025-08,Maui::Honomaele Gulch,0.0,21.62162162162162,57.14285714285714,21.235521235521233,0.0,0.0,0.0,0.0,0.0,0.0,0.0
2025,8,2025-08,Maui::Honomanu,0.0,95.06172839506173,4.938271604938271,0.0,0.0,0.0,0.0,0.0,0.0,0.0,0.0
2025,8,2025-08,Maui::Hononana Gulch,0.0,47.32142857142857,52.67857142857143,0.0,0.0,0.0,0.0,0.0,0.0,0.0,0.0
2025,8,2025-08,Maui::Honopou,27.419354838709676,72.58064516129032,0.0,0.0,0.0,0.0,0.0,0.0,0.0,0.0,0.0
2025,8,2025-08,Maui::Honopu,0.0,0.0,0.0,100.0,0.0,0.0,0.0,0.0,0.0,0.0,0.0
2025,8,2025-08,Maui::Honoulimaloo,0.0,0.0,26.31578947368421,73.68421052631578,0.0,0.0,0.0,0.0,0.0,0.0,0.0
2025,8,2025-08,Maui::Honouliwai,0.0,0.0,2.941176470588235,97.05882352941177,0.0,0.0,0.0,0.0,0.0,0.0,0.0
2025,8,2025-08,Maui::Honowae,0.0,0.0,0.0,100.0,0.0,0.0,0.0,0.0,0.0,0.0,0.0
2025,8,2025-08,Maui::Hoolawa,0.0,100.0,0.0,0.0,0.0,0.0,0.0,0.0,0.0,0.0,0.0
2025,8,2025-08,Maui::Huakini,0.0,0.0,0.0,61.702127659574465,38.297872340425535,0.0,0.0,0.0,0.0,0.0,0.0
2025,8,2025-08,Maui::Huawai,0.0,0.0,6.336405529953917,93.66359447004609,0.0,0.0,0.0,0.0,0.0,0.0,0.0
2025,8,2025-08,Maui::Hulopoe,0.0,0.0,0.0,100.0,0.0,0.0,0.0,0.0,0.0,0.0,0.0
2025,8,2025-08,Maui::Iamo,0.0,0.0,100.0,0.0,0.0,0.0,0.0,0.0,0.0,0.0,0.0
2025,8,2025-08,Maui::Iao,0.0,28.030303030303028,63.82575757575758,8.143939393939394,0.0,0.0,0.0,0.0,0.0,0.0,0.0
2025,8,2025-08,Maui::Kaa,0.0,0.0,0.0,100.0,0.0,0.0,0.0,0.0,0.0,0.0,0.0
2025,8,2025-08,Maui::Kaa Gulch,0.0,0.0,100.0,0.0,0.0,0.0,0.0,0.0,0.0,0.0,0.0
2025,8,2025-08,Maui::Kaaiea,0.0,100.0,0.0,0.0,0.0,0.0,0.0,0.0,0.0,0.0,0.0
2025,8,2025-08,Maui::Kaalaina Gulch,0.0,0.0,0.0,100.0,0.0,0.0,0.0,0.0,0.0,0.0,0.0
2025,8,2025-08,Maui::Kaapahu,32.30769230769231,0.0,0.0,67.6923076923077,0.0,0.0,0.0,0.0,0.0,0.0,0.0
2025,8,2025-08,Maui::Kaawaloa,0.0,0.0,93.80530973451327,6.1946902654867255,0.0,0.0,0.0,0.0,0.0,0.0,0.0
2025,8,2025-08,Maui::Kaenaiki,0.0,0.0,0.0,100.0,0.0,0.0,0.0,0.0,0.0,0.0,0.0
2025,8,2025-08,Maui::Kaenanui,0.0,0.0,0.0,100.0,0.0,0.0,0.0,0.0,0.0,0.0,0.0
2025,8,2025-08,Maui::Kahaakea Gulch,0.0,0.0,23.076923076923077,76.92307692307693,0.0,0.0,0.0,0.0,0.0,0.0,0.0
2025,8,2025-08,Maui::Kahakuloa,9.042553191489363,90.95744680851064,0.0,0.0,0.0,0.0,0.0,0.0,0.0,0.0,0.0
2025,8,2025-08,Maui::Kahalemakani Gulch,0.0,0.0,0.0,38.095238095238095,61.904761904761905,0.0,0.0,0.0,0.0,0.0,0.0
2025,8,2025-08,Maui::Kahalepohaku,0.0,0.0,0.0,100.0,0.0,0.0,0.0,0.0,0.0,0.0,0.0
2025,8,2025-08,Maui::Kahana,50.0,36.75213675213676,13.247863247863249,0.0,0.0,0.0,0.0,0.0,0.0,0.0,0.0
2025,8,2025-08,Maui::Kahauiki Gulch,0.0,100.0,0.0,0.0,0.0,0.0,0.0,0.0,0.0,0.0,0.0
2025,8,2025-08,Maui::Kahawaihapapa Gulch,0.0,0.0,100.0,0.0,0.0,0.0,0.0,0.0,0.0,0.0,0.0
2025,8,2025-08,Maui::Kahea Gulch,0.0,0.0,100.0,0.0,0.0,0.0,0.0,0.0,0.0,0.0,0.0
2025,8,2025-08,Maui::Kaheu Gulch,0.0,0.0,0.0,100.0,0.0,0.0,0.0,0.0,0.0,0.0,0.0
2025,8,2025-08,Maui::Kahinawai Gulch,0.0,0.0,0.0,100.0,0.0,0.0,0.0,0.0,0.0,0.0,0.0
2025,8,2025-08,Maui::Kahiwa Gulch,0.0,0.0,0.0,100.0,0.0,0.0,0.0,0.0,0.0,0.0,0.0
2025,8,2025-08,Maui::Kahokunui,0.0,0.0,24.528301886792452,75.47169811320755,0.0,0.0,0.0,0.0,0.0,0.0,0.0
2025,8,2025-08,Maui::Kahoma,0.0,0.0,1.5625,28.90625,23.046875,46.484375,0.0,0.0,0.0,0.0,0.0
2025,8,2025-08,Maui::Kahookamakea Gulch,0.0,0.0,0.0,100.0,0.0,0.0,0.0,0.0,0.0,0.0,0.0
2025,8,2025-08,Maui::Kahua Gulch,0.0,0.0,0.0,100.0,0.0,0.0,0.0,0.0,0.0,0.0,0.0
2025,8,2025-08,Maui::Kaiapaokailio,0.0,0.0,100.0,0.0,0.0,0.0,0.0,0.0,0.0,0.0,0.0
2025,8,2025-08,Maui::Kaikaina,0.0,0.0,100.0,0.0,0.0,0.0,0.0,0.0,0.0,0.0,0.0
2025,8,2025-08,Maui::Kaikena,0.0,0.0,100.0,0.0,0.0,0.0,0.0,0.0,0.0,0.0,0.0
2025,8,2025-08,Maui::Kailiili,0.0,0.0,0.0,0.0,52.054794520547944,47.94520547945205,0.0,0.0,0.0,0.0,0.0
2025,8,2025-08,Maui::Kailiula Gulch,0.0,0.0,0.0,100.0,0.0,0.0,0.0,0.0,0.0,0.0,0.0
2025,8,2025-08,Maui::Kailua,0.0,90.95238095238095,9.047619047619047,0.0,0.0,0.0,0.0,0.0,0.0,0.0,0.0
2025,8,2025-08,Maui::Kailua Gulch,0.5725190839694656,48.66412213740458,40.458015267175576,10.305343511450381,0.0,0.0,0.0,0.0,0.0,0.0,0.0
2025,8,2025-08,Maui::Kainalu Gulch,0.0,0.0,0.0,100.0,0.0,0.0,0.0,0.0,0.0,0.0,0.0
2025,8,2025-08,Maui::Kaipukaulua Gulch,0.0,0.0,100.0,0.0,0.0,0.0,0.0,0.0,0.0,0.0,0.0
2025,8,2025-08,Maui::Kakaako Gulch,0.0,0.0,58.536585365853654,41.46341463414634,0.0,0.0,0.0,0.0,0.0,0.0,0.0
2025,8,2025-08,Maui::Kakipi Gulch,68.51385390428212,31.48614609571788,0.0,0.0,0.0,0.0,0.0,0.0,0.0,0.0,0.0
2025,8,2025-08,Maui::Kakiweka Gulch,100.0,0.0,0.0,0.0,0.0,0.0,0.0,0.0,0.0,0.0,0.0
2025,8,2025-08,Maui::Kala,0.0,0.0,100.0,0.0,0.0,0.0,0.0,0.0,0.0,0.0,0.0
2025,8,2025-08,Maui::Kalaeahole,0.0,0.0,0.0,100.0,0.0,0.0,0.0,0.0,0.0,0.0,0.0
2025,8,2025-08,Maui::Kalaeiliili,31.60377358490566,53.77358490566038,14.622641509433961,0.0,0.0,0.0,0.0,0.0,0.0,0.0,0.0
2025,8,2025-08,Maui::Kalaemilo,0.0,0.0,0.0,100.0,0.0,0.0,0.0,0.0,0.0,0.0,0.0
2025,8,2025-08,Maui::Kalakala,0.0,0.0,100.0,0.0,0.0,0.0,0.0,0.0,0.0,0.0,0.0
2025,8,2025-08,Maui::Kalamaiki Gulch,0.0,0.0,0.0,100.0,0.0,0.0,0.0,0.0,0.0,0.0,0.0
2025,8,2025-08,Maui::Kalamanui Gulch,0.0,0.0,0.0,100.0,0.0,0.0,0.0,0.0,0.0,0.0,0.0
2025,8,2025-08,Maui::Kalena,100.0,0.0,0.0,0.0,0.0,0.0,0.0,0.0,0.0,0.0,0.0
2025,8,2025-08,Maui::Kalepa,12.5,87.5,0.0,0.0,0.0,0.0,0.0,0.0,0.0,0.0,0.0
2025,8,2025-08,Maui::Kalialinui Gulch,0.0,14.652711703139868,11.70313986679353,28.924833491912466,35.49000951474786,9.229305423406279,0.0,0.0,0.0,0.0,0.0
2025,8,2025-08,Maui::Kaluaaha Gulch,0.0,0.0,0.0,100.0,0.0,0.0,0.0,0.0,0.0,0.0,0.0
2025,8,2025-08,Maui::Kaluakoi,0.0,0.0,0.0,100.0,0.0,0.0,0.0,0.0,0.0,0.0,0.0
2025,8,2025-08,Maui::Kamahuehue,0.0,0.0,0.0,100.0,0.0,0.0,0.0,0.0,0.0,0.0,0.0
2025,8,2025-08,Maui::Kamakaipo Gulch,0.0,0.0,0.0,100.0,0.0,0.0,0.0,0.0,0.0,0.0,0.0
2025,8,2025-08,Maui::Kamalo Gulch,0.0,0.0,0.0,91.30434782608695,8.695652173913043,0.0,0.0,0.0,0.0,0.0,0.0
2025,8,2025-08,Maui::Kamanawai Gulch,0.0,0.0,0.0,100.0,0.0,0.0,0.0,0.0,0.0,0.0,0.0
2025,8,2025-08,Maui::Kamaohi Gulch,0.0,0.0,0.0,100.0,0.0,0.0,0.0,0.0,0.0,0.0,0.0
2025,8,2025-08,Maui::Kanaele,0.0,0.0,0.0,100.0,0.0,0.0,0.0,0.0,0.0,0.0,0.0
2025,8,2025-08,Maui::Kanaio,0.0,0.0,0.0,100.0,0.0,0.0,0.0,0.0,0.0,0.0,0.0
2025,8,2025-08,Maui::Kanao,0.0,0.0,0.0,100.0,0.0,0.0,0.0,0.0,0.0,0.0,0.0
2025,8,2025-08,Maui::Kanemoeala Gulch,100.0,0.0,0.0,0.0,0.0,0.0,0.0,0.0,0.0,0.0,0.0
2025,8,2025-08,Maui::Kanoa,0.0,0.0,0.0,0.0,93.33333333333333,6.666666666666667,0.0,0.0,0.0,0.0,0.0
2025,8,2025-08,Maui::Kaonihu,0.0,0.0,100.0,0.0,0.0,0.0,0.0,0.0,0.0,0.0,0.0
2025,8,2025-08,Maui::Kaopala Gulch,77.55102040816327,22.448979591836736,0.0,0.0,0.0,0.0,0.0,0.0,0.0,0.0,0.0
2025,8,2025-08,Maui::Kapaula Gulch,0.0,0.0,56.75675675675676,43.24324324324324,0.0,0.0,0.0,0.0,0.0,0.0,0.0
2025,8,2025-08,Maui::Kapia,75.0,25.0,0.0,0.0,0.0,0.0,0.0,0.0,0.0,0.0,0.0
2025,8,2025-08,Maui::Kapihua,0.0,0.0,0.0,100.0,0.0,0.0,0.0,0.0,0.0,0.0,0.0
2025,8,2025-08,Maui::Kapoho Gulch,0.0,0.0,100.0,0.0,0.0,0.0,0.0,0.0,0.0,0.0,0.0
2025,8,2025-08,Maui::Kapua Gulch,0.0,0.0,100.0,0.0,0.0,0.0,0.0,0.0,0.0,0.0,0.0
2025,8,2025-08,Maui::Kapuaikea,0.0,0.0,0.0,49.30232558139535,49.30232558139535,1.3953488372093024,0.0,0.0,0.0,0.0,0.0
2025,8,2025-08,Maui::Kapuali,0.0,0.0,0.0,0.0,0.0,100.0,0.0,0.0,0.0,0.0,0.0
2025,8,2025-08,Maui::Kapuaokoolau Gulch,0.0,0.0,0.0,93.58974358974359,6.41025641025641,0.0,0.0,0.0,0.0,0.0,0.0
2025,8,2025-08,Maui::Kapukahehu Gulch,0.0,0.0,0.0,100.0,0.0,0.0,0.0,0.0,0.0,0.0,0.0
2025,8,2025-08,Maui::Kapuna,0.0,0.0,100.0,0.0,0.0,0.0,0.0,0.0,0.0,0.0,0.0
2025,8,2025-08,Maui::Kauaula,0.0,0.0,0.0,11.304347826086957,21.73913043478261,66.95652173913044,0.0,0.0,0.0,0.0,0.0
2025,8,2025-08,Maui::Kaukauai Gulch,37.56345177664975,31.472081218274113,19.289340101522843,11.6751269035533,0.0,0.0,0.0,0.0,0.0,0.0,0.0
2025,8,2025-08,Maui::Kaumalapau Gulch,0.0,0.0,0.0,100.0,0.0,0.0,0.0,0.0,0.0,0.0,0.0
2025,8,2025-08,Maui::Kaunakakai Gulch,0.0,0.0,0.0,0.6802721088435374,10.317460317460316,89.00226757369614,0.0,0.0,0.0,0.0,0.0
2025,8,2025-08,Maui::Kaunala Gulch,0.0,0.0,0.0,100.0,0.0,0.0,0.0,0.0,0.0,0.0,0.0
2025,8,2025-08,Maui::Kaunolu,0.0,0.0,0.0,100.0,0.0,0.0,0.0,0.0,0.0,0.0,0.0
2025,8,2025-08,Maui::Kaupakulua Gulch,98.21428571428571,1.7857142857142856,0.0,0.0,0.0,0.0,0.0,0.0,0.0,0.0,0.0
2025,8,2025-08,Maui::Kawainui,0.0,0.0,0.0,100.0,0.0,0.0,0.0,0.0,0.0,0.0,0.0
2025,8,2025-08,Maui::Kawaipapa Gulch,0.0,71.77914110429448,28.22085889570552,0.0,0.0,0.0,0.0,0.0,0.0,0.0,0.0
2025,8,2025-08,Maui::Kawaiu Gulch,0.0,0.0,77.5,22.5,0.0,0.0,0.0,0.0,0.0,0.0,0.0
2025,8,2025-08,Maui::Kawakiu Gulch,0.0,0.0,100.0,0.0,0.0,0.0,0.0,0.0,0.0,0.0,0.0
2025,8,2025-08,Maui::Kawakiu Iki,0.0,0.0,100.0,0.0,0.0,0.0,0.0,0.0,0.0,0.0,0.0
2025,8,2025-08,Maui::Kawakoe Gulch,0.0,0.0,100.0,0.0,0.0,0.0,0.0,0.0,0.0,0.0,0.0
2025,8,2025-08,Maui::Kawela Gulch,0.0,0.0,0.0,27.380952380952383,69.28571428571428,3.3333333333333335,0.0,0.0,0.0,0.0,0.0
2025,8,2025-08,Maui::Kamana,0.0,0.0,57.14285714285714,42.857142857142854,0.0,0.0,0.0,0.0,0.0,0.0,0.0
2025,8,2025-08,Maui::Keaaiki Gulch,0.0,0.0,100.0,0.0,0.0,0.0,0.0,0.0,0.0,0.0,0.0
2025,8,2025-08,Maui::Keahua,0.0,0.0,8.527131782945736,64.59948320413437,26.614987080103358,0.2583979328165375,0.0,0.0,0.0,0.0,0.0
2025,8,2025-08,Maui::Keaina Gulch,0.0,0.0,100.0,0.0,0.0,0.0,0.0,0.0,0.0,0.0,0.0
2025,8,2025-08,Maui::Kealii Gulch,100.0,0.0,0.0,0.0,0.0,0.0,0.0,0.0,0.0,0.0,0.0
2025,8,2025-08,Maui::Keanakaiole Gulch,0.0,0.0,100.0,0.0,0.0,0.0,0.0,0.0,0.0,0.0,0.0
2025,8,2025-08,Maui::Keanakapua,0.0,0.0,100.0,0.0,0.0,0.0,0.0,0.0,0.0,0.0,0.0
2025,8,2025-08,Maui::Keanapapa,0.0,0.0,0.0,100.0,0.0,0.0,0.0,0.0,0.0,0.0,0.0
2025,8,2025-08,Maui::Keawakapu,0.0,0.0,0.0,46.320346320346324,22.943722943722943,30.735930735930733,0.0,0.0,0.0,0.0,0.0
2025,8,2025-08,Maui::Keawanui,0.0,0.0,0.0,0.0,0.0,100.0,0.0,0.0,0.0,0.0,0.0
2025,8,2025-08,Maui::Keomuku,0.0,0.0,50.0,50.0,0.0,0.0,0.0,0.0,0.0,0.0,0.0
2025,8,2025-08,Maui::Keomuku Gulch,0.0,0.0,100.0,0.0,0.0,0.0,0.0,0.0,0.0,0.0,0.0
2025,8,2025-08,Maui::Keone,0.0,0.0,0.0,100.0,0.0,0.0,0.0,0.0,0.0,0.0,0.0
2025,8,2025-08,Maui::Kepuni Gulch,0.0,0.7889546351084813,26.627218934911244,72.58382642998028,0.0,0.0,0.0,0.0,0.0,0.0,0.0
2025,8,2025-08,Maui::Kiei,0.0,0.0,0.0,100.0,0.0,0.0,0.0,0.0,0.0,0.0,0.0
2025,8,2025-08,Maui::Kikalapaakea,0.0,0.0,0.0,100.0,0.0,0.0,0.0,0.0,0.0,0.0,0.0
2025,8,2025-08,Maui::Kikoula Gulch,0.0,9.25925925925926,90.74074074074075,0.0,0.0,0.0,0.0,0.0,0.0,0.0,0.0
2025,8,2025-08,Maui::Kinohu Gulch,0.0,0.0,0.0,100.0,0.0,0.0,0.0,0.0,0.0,0.0,0.0
2025,8,2025-08,Maui::Kolea,0.0,100.0,0.0,0.0,0.0,0.0,0.0,0.0,0.0,0.0,0.0
2025,8,2025-08,Maui::Kolo Gulch,0.0,0.0,0.0,100.0,0.0,0.0,0.0,0.0,0.0,0.0,0.0
2025,8,2025-08,Maui::Konanui Gulch,100.0,0.0,0.0,0.0,0.0,0.0,0.0,0.0,0.0,0.0,0.0
2025,8,2025-08,Maui::Kopiliula,0.0,0.4716981132075472,13.20754716981132,30.660377358490564,55.660377358490564,0.0,0.0,0.0,0.0,0.0,0.0
2025,8,2025-08,Maui::Kuahua Gulch,0.0,0.0,0.0,100.0,0.0,0.0,0.0,0.0,0.0,0.0,0.0
2025,8,2025-08,Maui::Kuahulua,0.0,0.0,0.0,100.0,0.0,0.0,0.0,0.0,0.0,0.0,0.0
2025,8,2025-08,Maui::Kuau,100.0,0.0,0.0,0.0,0.0,0.0,0.0,0.0,0.0,0.0,0.0
2025,8,2025-08,Maui::Kuhiwa Gulch,0.0,0.0,88.88888888888889,11.11111111111111,0.0,0.0,0.0,0.0,0.0,0.0,0.0
2025,8,2025-08,Maui::Kuiaha East Gulch,100.0,0.0,0.0,0.0,0.0,0.0,0.0,0.0,0.0,0.0,0.0
2025,8,2025-08,Maui::Kuiaha Gulch,100.0,0.0,0.0,0.0,0.0,0.0,0.0,0.0,0.0,0.0,0.0
2025,8,2025-08,Maui::Kukui,0.0,0.0,0.0,100.0,0.0,0.0,0.0,0.0,0.0,0.0,0.0
2025,8,2025-08,Maui::Kukuiokanaloa,0.0,0.0,0.0,15.11627906976744,84.88372093023256,0.0,0.0,0.0,0.0,0.0,0.0
2025,8,2025-08,Maui::Kukuiula Gulch,100.0,0.0,0.0,0.0,0.0,0.0,0.0,0.0,0.0,0.0,0.0
2025,8,2025-08,Maui::Kukuku Gulch,0.0,0.0,100.0,0.0,0.0,0.0,0.0,0.0,0.0,0.0,0.0
2025,8,2025-08,Maui::Kulanihakoi Gulch,0.0,0.0,23.809523809523807,35.35353535353536,40.692640692640694,0.1443001443001443,0.0,0.0,0.0,0.0,0.0
2025,8,2025-08,Maui::Kupaa Gulch,100.0,0.0,0.0,0.0,0.0,0.0,0.0,0.0,0.0,0.0,0.0
2025,8,2025-08,Maui::Kupeke Gulch,0.0,0.0,0.0,100.0,0.0,0.0,0.0,0.0,0.0,0.0,0.0
2025,8,2025-08,Maui::Laau,0.0,0.0,11.11111111111111,88.88888888888889,0.0,0.0,0.0,0.0,0.0,0.0,0.0
2025,8,2025-08,Maui::Laehi,0.0,0.0,100.0,0.0,0.0,0.0,0.0,0.0,0.0,0.0,0.0
2025,8,2025-08,Maui::Lahaina,0.0,0.0,0.0,0.0,0.0,100.0,0.0,0.0,0.0,0.0,0.0
2025,8,2025-08,Maui::Lalamoa Gulch,0.0,0.0,100.0,0.0,0.0,0.0,0.0,0.0,0.0,0.0,0.0
2025,8,2025-08,Maui::Lanikele Gulch,0.0,0.0,100.0,0.0,0.0,0.0,0.0,0.0,0.0,0.0,0.0
2025,8,2025-08,Maui::Lapaiki Gulch,0.0,0.0,0.0,100.0,0.0,0.0,0.0,0.0,0.0,0.0,0.0
2025,8,2025-08,Maui::Launiupoko,0.0,0.0,0.0,0.0,7.281553398058252,92.71844660194175,0.0,0.0,0.0,0.0,0.0
2025,8,2025-08,Maui::Lelekea,96.875,3.125,0.0,0.0,0.0,0.0,0.0,0.0,0.0,0.0,0.0
2025,8,2025-08,Maui::Lelemako Gulch,0.0,0.0,94.44444444444444,5.555555555555555,0.0,0.0,0.0,0.0,0.0,0.0,0.0
2025,8,2025-08,Maui::Lihau,0.0,0.0,0.0,0.0,32.69230769230769,67.3076923076923,0.0,0.0,0.0,0.0,0.0
2025,8,2025-08,Maui::Liilioholo,0.0,0.0,7.727272727272727,49.09090909090909,14.545454545454545,28.636363636363637,0.0,0.0,0.0,0.0,0.0
2025,8,2025-08,Maui::Lono,0.0,0.0,0.0,100.0,0.0,0.0,0.0,0.0,0.0,0.0,0.0
2025,8,2025-08,Maui::Lopa Gulch,0.0,0.0,100.0,0.0,0.0,0.0,0.0,0.0,0.0,0.0,0.0
2025,8,2025-08,Maui::Luakoi,0.0,0.0,0.0,0.0,0.0,100.0,0.0,0.0,0.0,0.0,0.0
2025,8,2025-08,Maui::Maalaea,0.0,0.0,0.0,100.0,0.0,0.0,0.0,0.0,0.0,0.0,0.0
2025,8,2025-08,Maui::Maalo Gulch,0.0,66.66666666666666,33.33333333333333,0.0,0.0,0.0,0.0,0.0,0.0,0.0,0.0
2025,8,2025-08,Maui::Mahanalua,0.0,0.0,1.1111111111111112,98.88888888888889,0.0,0.0,0.0,0.0,0.0,0.0,0.0
2025,8,2025-08,Maui::Mahinahina,48.421052631578945,51.578947368421055,0.0,0.0,0.0,0.0,0.0,0.0,0.0,0.0,0.0
2025,8,2025-08,Maui::Makahuna Gulch,0.0,0.0,0.0,100.0,0.0,0.0,0.0,0.0,0.0,0.0,0.0
2025,8,2025-08,Maui::Makaiwa,0.0,0.0,100.0,0.0,0.0,0.0,0.0,0.0,0.0,0.0,0.0
2025,8,2025-08,Maui::Makakupaia,0.0,0.0,0.0,0.0,100.0,0.0,0.0,0.0,0.0,0.0,0.0
2025,8,2025-08,Maui::Makalina Gulch,9.090909090909092,90.9090909090909,0.0,0.0,0.0,0.0,0.0,0.0,0.0,0.0,0.0
2025,8,2025-08,Maui::Makamakaole,100.0,0.0,0.0,0.0,0.0,0.0,0.0,0.0,0.0,0.0,0.0
2025,8,2025-08,Maui::Makapipi,0.0,0.0,27.659574468085108,71.06382978723404,1.276595744680851,0.0,0.0,0.0,0.0,0.0,0.0
2025,8,2025-08,Maui::Makiwa Gulch,0.0,0.0,0.0,32.142857142857146,67.85714285714286,0.0,0.0,0.0,0.0,0.0,0.0
2025,8,2025-08,Maui::Makole,0.0,0.0,100.0,0.0,0.0,0.0,0.0,0.0,0.0,0.0,0.0
2025,8,2025-08,Maui::Malae Gulch,0.0,0.0,0.0,100.0,0.0,0.0,0.0,0.0,0.0,0.0,0.0
2025,8,2025-08,Maui::Malalowaiaole Gulch,0.0,0.0,0.0,100.0,0.0,0.0,0.0,0.0,0.0,0.0,0.0
2025,8,2025-08,Maui::Maliko Gulch,42.11332312404288,57.88667687595712,0.0,0.0,0.0,0.0,0.0,0.0,0.0,0.0,0.0
2025,8,2025-08,Maui::Maluhia,100.0,0.0,0.0,0.0,0.0,0.0,0.0,0.0,0.0,0.0,0.0
2025,8,2025-08,Maui::Mamaki,0.0,0.0,0.0,100.0,0.0,0.0,0.0,0.0,0.0,0.0,0.0
2025,8,2025-08,Maui::Mamalu,0.0,18.91891891891892,13.682432432432432,66.21621621621621,1.1824324324324325,0.0,0.0,0.0,0.0,0.0,0.0
2025,8,2025-08,Maui::Manawai Gulch,100.0,0.0,0.0,0.0,0.0,0.0,0.0,0.0,0.0,0.0,0.0
2025,8,2025-08,Maui::Manawaiiao,100.0,0.0,0.0,0.0,0.0,0.0,0.0,0.0,0.0,0.0,0.0
2025,8,2025-08,Maui::Manawaikeae Gulch,0.0,0.0,100.0,0.0,0.0,0.0,0.0,0.0,0.0,0.0,0.0
2025,8,2025-08,Maui::Manawainui,0.0,24.390243902439025,73.98373983739837,1.6260162601626018,0.0,0.0,0.0,0.0,0.0,0.0,0.0
2025,8,2025-08,Maui::Manawainui Gulch,0.0,15.843270868824533,30.3236797274276,23.055082339579787,22.31686541737649,8.461101646791596,0.0,0.0,0.0,0.0,0.0
2025,8,2025-08,Maui::Manawaipueo,0.0,0.0,0.0,100.0,0.0,0.0,0.0,0.0,0.0,0.0,0.0
2025,8,2025-08,Maui::Manele,0.0,0.0,0.0,100.0,0.0,0.0,0.0,0.0,0.0,0.0,0.0
2025,8,2025-08,Maui::Maneopapa Gulch,0.0,0.0,1.3333333333333335,94.0,4.666666666666667,0.0,0.0,0.0,0.0,0.0,0.0
2025,8,2025-08,Maui::Mapulehu,0.0,0.0,0.0,100.0,0.0,0.0,0.0,0.0,0.0,0.0,0.0
2025,8,2025-08,Maui::Maunalei Gulch,0.0,0.0,34.05797101449276,65.94202898550725,0.0,0.0,0.0,0.0,0.0,0.0,0.0
2025,8,2025-08,Maui::Maunaoluolu Gulch,0.0,0.0,0.0,100.0,0.0,0.0,0.0,0.0,0.0,0.0,0.0
2025,8,2025-08,Maui::Mikimiki Gulch,0.0,94.11764705882352,5.88235294117647,0.0,0.0,0.0,0.0,0.0,0.0,0.0,0.0
2025,8,2025-08,Maui::Mimino Gulch,0.0,0.0,0.0,43.75,56.25,0.0,0.0,0.0,0.0,0.0,0.0
2025,8,2025-08,Maui::Moanui,0.0,0.0,0.0,100.0,0.0,0.0,0.0,0.0,0.0,0.0,0.0
2025,8,2025-08,Maui::Mokio,0.0,0.0,100.0,0.0,0.0,0.0,0.0,0.0,0.0,0.0,0.0
2025,8,2025-08,Maui::Mokumana Gulch,0.0,0.0,0.0,100.0,0.0,0.0,0.0,0.0,0.0,0.0,0.0
2025,8,2025-08,Maui::Mokupapa Gulch,0.0,100.0,0.0,0.0,0.0,0.0,0.0,0.0,0.0,0.0,0.0
2025,8,2025-08,Maui::Moomomi,0.0,0.0,100.0,0.0,0.0,0.0,0.0,0.0,0.0,0.0,0.0
2025,8,2025-08,Maui::Moomoonui Gulch,2.0,98.0,0.0,0.0,0.0,0.0,0.0,0.0,0.0,0.0,0.0
2025,8,2025-08,Maui::Mopua,0.0,0.0,0.0,0.0,89.47368421052632,10.526315789473683,0.0,0.0,0.0,0.0,0.0
2025,8,2025-08,Maui::Naha Gulch,0.0,0.0,100.0,0.0,0.0,0.0,0.0,0.0,0.0,0.0,0.0
2025,8,2025-08,Maui::Nahoko Gulch,0.0,0.0,100.0,0.0,0.0,0.0,0.0,0.0,0.0,0.0,0.0
2025,8,2025-08,Maui::Nailiilihaele,0.0,84.61538461538461,15.384615384615385,0.0,0.0,0.0,0.0,0.0,0.0,0.0,0.0
2025,8,2025-08,Maui::Nakeikiapua Gulch,0.0,76.19047619047619,23.809523809523807,0.0,0.0,0.0,0.0,0.0,0.0,0.0,0.0
2025,8,2025-08,Maui::Napili,82.43243243243244,17.56756756756757,0.0,0.0,0.0,0.0,0.0,0.0,0.0,0.0,0.0
2025,8,2025-08,Maui::Naupaka,0.0,0.0,0.0,100.0,0.0,0.0,0.0,0.0,0.0,0.0,0.0
2025,8,2025-08,Maui::Nenehanaupo,0.0,0.0,9.0,91.0,0.0,0.0,0.0,0.0,0.0,0.0,0.0
2025,8,2025-08,Maui::Nihooawa Gulch,0.0,0.0,0.0,100.0,0.0,0.0,0.0,0.0,0.0,0.0,0.0
2025,8,2025-08,Maui::Nuaailua,0.0,98.59154929577466,1.4084507042253522,0.0,0.0,0.0,0.0,0.0,0.0,0.0,0.0
2025,8,2025-08,Maui::Nuanualoa Gulch,0.0,100.0,0.0,0.0,0.0,0.0,0.0,0.0,0.0,0.0,0.0
2025,8,2025-08,Maui::Oheo Gulch,42.06730769230769,19.471153846153847,23.798076923076923,14.663461538461538,0.0,0.0,0.0,0.0,0.0,0.0,0.0
2025,8,2025-08,Maui::Ohia,0.0,100.0,0.0,0.0,0.0,0.0,0.0,0.0,0.0,0.0,0.0
2025,8,2025-08,Maui::Ohia Gulch,0.0,0.0,0.0,100.0,0.0,0.0,0.0,0.0,0.0,0.0,0.0
2025,8,2025-08,Maui::Oloupena,0.0,0.0,0.0,0.0,100.0,0.0,0.0,0.0,0.0,0.0,0.0
2025,8,2025-08,Maui::Olowalu,0.0,0.0,0.0,30.414746543778804,35.944700460829495,33.6405529953917,0.0,0.0,0.0,0.0,0.0
2025,8,2025-08,Maui::Onealii,0.0,0.0,0.0,0.0,1.2345679012345678,98.76543209876543,0.0,0.0,0.0,0.0,0.0
2025,8,2025-08,Maui::Oneohilo Gulch,0.0,0.0,0.0,100.0,0.0,0.0,0.0,0.0,0.0,0.0,0.0
2025,8,2025-08,Maui::Onini Gulch,0.0,0.0,0.0,0.0,44.554455445544555,55.44554455445545,0.0,0.0,0.0,0.0,0.0
2025,8,2025-08,Maui::Onopalani Gulch,0.0,0.0,0.0,100.0,0.0,0.0,0.0,0.0,0.0,0.0,0.0
2025,8,2025-08,Maui::Oopuola,0.0,100.0,0.0,0.0,0.0,0.0,0.0,0.0,0.0,0.0,0.0
2025,8,2025-08,Maui::Opana,100.0,0.0,0.0,0.0,0.0,0.0,0.0,0.0,0.0,0.0,0.0
2025,8,2025-08,Maui::Opelu Gulch,100.0,0.0,0.0,0.0,0.0,0.0,0.0,0.0,0.0,0.0,0.0
2025,8,2025-08,Maui::Opunaha Gulch,0.0,0.0,0.0,100.0,0.0,0.0,0.0,0.0,0.0,0.0,0.0
2025,8,2025-08,Maui::Owaluhi Gulch,0.0,0.0,100.0,0.0,0.0,0.0,0.0,0.0,0.0,0.0,0.0
2025,8,2025-08,Maui::Paakea Gulch,0.0,0.0,77.41935483870968,22.58064516129032,0.0,0.0,0.0,0.0,0.0,0.0,0.0
2025,8,2025-08,Maui::Paenapalaua Gulch,0.0,0.0,100.0,0.0,0.0,0.0,0.0,0.0,0.0,0.0,0.0
2025,8,2025-08,Maui::Pahihi Gulch,0.0,12.878787878787879,32.95454545454545,38.25757575757576,15.909090909090908,0.0,0.0,0.0,0.0,0.0,0.0
2025,8,2025-08,Maui::Paholoi,55.45977011494253,44.54022988505747,0.0,0.0,0.0,0.0,0.0,0.0,0.0,0.0,0.0
2025,8,2025-08,Maui::Palaha Gulch,0.0,0.0,1.3157894736842104,81.57894736842105,17.105263157894736,0.0,0.0,0.0,0.0,0.0,0.0
2025,8,2025-08,Maui::Palahinu,0.0,0.0,0.0,100.0,0.0,0.0,0.0,0.0,0.0,0.0,0.0
2025,8,2025-08,Maui::Paliamano,0.0,0.0,0.0,100.0,0.0,0.0,0.0,0.0,0.0,0.0,0.0
2025,8,2025-08,Maui::Panahana,0.0,0.0,0.0,100.0,0.0,0.0,0.0,0.0,0.0,0.0,0.0
2025,8,2025-08,Maui::Paopao,0.0,0.0,0.0,100.0,0.0,0.0,0.0,0.0,0.0,0.0,0.0
2025,8,2025-08,Maui::Papahawahawa Gulch,100.0,0.0,0.0,0.0,0.0,0.0,0.0,0.0,0.0,0.0,0.0
2025,8,2025-08,Maui::Papalaua Gulch,0.0,0.0,0.0,92.20779220779221,7.792207792207792,0.0,0.0,0.0,0.0,0.0,0.0
2025,8,2025-08,Maui::Papanahoa Gulch,0.0,0.0,100.0,0.0,0.0,0.0,0.0,0.0,0.0,0.0,0.0
2025,8,2025-08,Maui::Papio Gulch,0.0,2.5,72.5,25.0,0.0,0.0,0.0,0.0,0.0,0.0,0.0
2025,8,2025-08,Maui::Papohaku Gulch,0.0,0.0,15.698924731182796,84.3010752688172,0.0,0.0,0.0,0.0,0.0,0.0,0.0
2025,8,2025-08,Maui::Peahi Gulch,100.0,0.0,0.0,0.0,0.0,0.0,0.0,0.0,0.0,0.0,0.0
2025,8,2025-08,Maui::Pelekunu,0.0,0.0,0.0,2.366863905325444,56.50887573964497,41.124260355029584,0.0,0.0,0.0,0.0,0.0
2025,8,2025-08,Maui::Piinaau,0.0,37.15545755237045,52.149944873208376,10.694597574421168,0.0,0.0,0.0,0.0,0.0,0.0,0.0
2025,8,2025-08,Maui::Pipiwai Gulch,0.0,0.0,81.81818181818183,18.181818181818183,0.0,0.0,0.0,0.0,0.0,0.0,0.0
2025,8,2025-08,Maui::Poaiwa Gulch,0.0,0.0,0.0,100.0,0.0,0.0,0.0,0.0,0.0,0.0,0.0
2025,8,2025-08,Maui::Poelua,0.0,17.142857142857142,82.85714285714286,0.0,0.0,0.0,0.0,0.0,0.0,0.0,0.0
2025,8,2025-08,Maui::Pohakea Gulch,0.0,0.0,0.0,90.84967320261438,9.15032679738562,0.0,0.0,0.0,0.0,0.0,0.0
2025,8,2025-08,Maui::Pohakulaie,0.0,0.0,0.0,100.0,0.0,0.0,0.0,0.0,0.0,0.0,0.0
2025,8,2025-08,Maui::Pohakuloa Gulch,0.0,0.0,0.0,100.0,0.0,0.0,0.0,0.0,0.0,0.0,0.0
2025,8,2025-08,Maui::Pohakumauliuli,0.0,0.0,100.0,0.0,0.0,0.0,0.0,0.0,0.0,0.0,0.0
2025,8,2025-08,Maui::Pohakupili Gulch,0.0,0.0,86.27450980392157,13.725490196078432,0.0,0.0,0.0,0.0,0.0,0.0,0.0
2025,8,2025-08,Maui::Pohakupule Gulch,0.0,70.0,30.0,0.0,0.0,0.0,0.0,0.0,0.0,0.0,0.0
2025,8,2025-08,Maui::Polihua,0.0,0.0,0.0,100.0,0.0,0.0,0.0,0.0,0.0,0.0,0.0
2025,8,2025-08,Maui::Poolau Gulch,0.0,0.0,0.0,100.0,0.0,0.0,0.0,0.0,0.0,0.0,0.0
2025,8,2025-08,Maui::Poopoo,0.0,0.0,0.0,100.0,0.0,0.0,0.0,0.0,0.0,0.0,0.0
2025,8,2025-08,Maui::Poopoo Gulch,0.0,0.0,0.0,80.48780487804879,19.51219512195122,0.0,0.0,0.0,0.0,0.0,0.0
2025,8,2025-08,Maui::Puaaluu Gulch,100.0,0.0,0.0,0.0,0.0,0.0,0.0,0.0,0.0,0.0,0.0
2025,8,2025-08,Maui::Puali Gulch,0.0,0.0,23.809523809523807,76.19047619047619,0.0,0.0,0.0,0.0,0.0,0.0,0.0
2025,8,2025-08,Maui::Puehu,0.0,75.60975609756098,24.390243902439025,0.0,0.0,0.0,0.0,0.0,0.0,0.0,0.0
2025,8,2025-08,Maui::Pukalani,0.0,4.97737556561086,33.93665158371041,61.085972850678736,0.0,0.0,0.0,0.0,0.0,0.0,0.0
2025,8,2025-08,Maui::Pukuilua Gulch,100.0,0.0,0.0,0.0,0.0,0.0,0.0,0.0,0.0,0.0,0.0
2025,8,2025-08,Maui::Punaha Gulch,0.0,2.941176470588235,97.05882352941177,0.0,0.0,0.0,0.0,0.0,0.0,0.0,0.0
2025,8,2025-08,Maui::Punakou Gulch,0.0,29.411764705882355,70.58823529411765,0.0,0.0,0.0,0.0,0.0,0.0,0.0,0.0
2025,8,2025-08,Maui::Punalau,0.0,100.0,0.0,0.0,0.0,0.0,0.0,0.0,0.0,0.0,0.0
2025,8,2025-08,Maui::Punaluu Gulch,0.0,100.0,0.0,0.0,0.0,0.0,0.0,0.0,0.0,0.0,0.0
2025,8,2025-08,Maui::Puniuohualiilii,0.0,0.0,0.0,100.0,0.0,0.0,0.0,0.0,0.0,0.0,0.0
2025,8,2025-08,Maui::Puniuohuanui Gulch,0.0,0.0,0.0,100.0,0.0,0.0,0.0,0.0,0.0,0.0,0.0
2025,8,2025-08,Maui::Puohokamoa,0.0,100.0,0.0,0.0,0.0,0.0,0.0,0.0,0.0,0.0,0.0
2025,8,2025-08,Maui::Puuhakina,0.0,0.0,0.0,100.0,0.0,0.0,0.0,0.0,0.0,0.0,0.0
2025,8,2025-08,Maui::Puukaoku,0.0,0.0,0.0,8.333333333333332,91.66666666666666,0.0,0.0,0.0,0.0,0.0,0.0
2025,8,2025-08,Maui::Puukauoha,0.0,0.0,0.0,0.0,100.0,0.0,0.0,0.0,0.0,0.0,0.0
2025,8,2025-08,Maui::Puukoae,0.0,0.0,0.0,100.0,0.0,0.0,0.0,0.0,0.0,0.0,0.0
2025,8,2025-08,Maui::Puumaiekahi Gulch,0.0,0.0,0.0,100.0,0.0,0.0,0.0,0.0,0.0,0.0,0.0
2025,8,2025-08,Maui::Puwahi,0.0,0.0,0.0,100.0,0.0,0.0,0.0,0.0,0.0,0.0,0.0
2025,8,2025-08,Maui::Uaoa,100.0,0.0,0.0,0.0,0.0,0.0,0.0,0.0,0.0,0.0,0.0
2025,8,2025-08,Maui::Ukumehame,0.0,0.0,1.0309278350515463,58.76288659793815,40.20618556701031,0.0,0.0,0.0,0.0,0.0,0.0
2025,8,2025-08,Maui::Umipaa,0.0,0.0,10.16042780748663,48.1283422459893,21.92513368983957,19.786096256684495,0.0,0.0,0.0,0.0,0.0
2025,8,2025-08,Maui::Unnamed Watershed # 41036,0.0,0.0,0.0,100.0,0.0,0.0,0.0,0.0,0.0,0.0,0.0
2025,8,2025-08,Maui::Unnamed Watershed # 41037,0.0,0.0,97.22222222222221,2.7777777777777777,0.0,0.0,0.0,0.0,0.0,0.0,0.0
2025,8,2025-08,Maui::Unnamed Watershed # 41038,0.0,0.0,66.66666666666666,33.33333333333333,0.0,0.0,0.0,0.0,0.0,0.0,0.0
2025,8,2025-08,Maui::Unnamed Watershed # 41039,0.0,0.0,0.0,0.0,100.0,0.0,0.0,0.0,0.0,0.0,0.0
2025,8,2025-08,Maui::Unnamed Watershed # 41040,0.0,0.0,0.0,0.0,0.0,100.0,0.0,0.0,0.0,0.0,0.0
2025,8,2025-08,Maui::Unnamed Watershed # 43002,0.0,0.0,0.0,0.0,87.5,12.5,0.0,0.0,0.0,0.0,0.0
2025,8,2025-08,Maui::Unnamed Watershed # 44010,0.0,0.0,100.0,0.0,0.0,0.0,0.0,0.0,0.0,0.0,0.0
2025,8,2025-08,Maui::Unnamed Watershed # 44016,0.0,0.0,0.0,100.0,0.0,0.0,0.0,0.0,0.0,0.0,0.0
2025,8,2025-08,Maui::Unnamed Watershed # 44020,0.0,0.0,0.0,100.0,0.0,0.0,0.0,0.0,0.0,0.0,0.0
2025,8,2025-08,Maui::Unnamed Watershed # 44041,0.0,0.0,17.142857142857142,82.85714285714286,0.0,0.0,0.0,0.0,0.0,0.0,0.0
2025,8,2025-08,Maui::Unnamed Watershed # 44042,0.0,0.0,100.0,0.0,0.0,0.0,0.0,0.0,0.0,0.0,0.0
2025,8,2025-08,Maui::Unnamed Watershed # 45008,0.0,0.0,88.88888888888889,11.11111111111111,0.0,0.0,0.0,0.0,0.0,0.0,0.0
2025,8,2025-08,Maui::Unnamed Watershed # 45014,0.0,0.0,100.0,0.0,0.0,0.0,0.0,0.0,0.0,0.0,0.0
2025,8,2025-08,Maui::Unnamed Watershed # 45015,0.0,0.0,100.0,0.0,0.0,0.0,0.0,0.0,0.0,0.0,0.0
2025,8,2025-08,Maui::Unnamed Watershed # 51001,0.0,0.0,0.0,100.0,0.0,0.0,0.0,0.0,0.0,0.0,0.0
2025,8,2025-08,Maui::Unnamed Watershed # 51006,0.0,0.0,0.0,100.0,0.0,0.0,0.0,0.0,0.0,0.0,0.0
2025,8,2025-08,Maui::Unnamed Watershed # 51007,0.0,0.0,0.0,100.0,0.0,0.0,0.0,0.0,0.0,0.0,0.0
2025,8,2025-08,Maui::Unnamed Watershed # 51008,0.0,0.0,0.0,100.0,0.0,0.0,0.0,0.0,0.0,0.0,0.0
2025,8,2025-08,Maui::Unnamed Watershed # 51011,0.0,0.0,0.0,100.0,0.0,0.0,0.0,0.0,0.0,0.0,0.0
2025,8,2025-08,Maui::Unnamed Watershed # 51017,0.0,0.0,0.0,100.0,0.0,0.0,0.0,0.0,0.0,0.0,0.0
2025,8,2025-08,Maui::Unnamed Watershed # 51019,0.0,0.0,0.0,100.0,0.0,0.0,0.0,0.0,0.0,0.0,0.0
2025,8,2025-08,Maui::Unnamed Watershed # 51020,0.0,0.0,0.0,100.0,0.0,0.0,0.0,0.0,0.0,0.0,0.0
2025,8,2025-08,Maui::Unnamed Watershed # 51026,0.0,0.0,0.0,100.0,0.0,0.0,0.0,0.0,0.0,0.0,0.0
2025,8,2025-08,Maui::Unnamed Watershed # 51036,0.0,0.0,100.0,0.0,0.0,0.0,0.0,0.0,0.0,0.0,0.0
2025,8,2025-08,Maui::Unnamed Watershed # 51040,0.0,0.0,100.0,0.0,0.0,0.0,0.0,0.0,0.0,0.0,0.0
2025,8,2025-08,Maui::Unnamed Watershed # 51042,0.0,0.0,100.0,0.0,0.0,0.0,0.0,0.0,0.0,0.0,0.0
2025,8,2025-08,Maui::Unnamed Watershed # 51048,0.0,0.0,100.0,0.0,0.0,0.0,0.0,0.0,0.0,0.0,0.0
2025,8,2025-08,Maui::Unnamed Watershed # 51050,0.0,0.0,100.0,0.0,0.0,0.0,0.0,0.0,0.0,0.0,0.0
2025,8,2025-08,Maui::Unnamed Watershed # 51053,0.0,0.0,100.0,0.0,0.0,0.0,0.0,0.0,0.0,0.0,0.0
2025,8,2025-08,Maui::Unnamed Watershed # 51056,0.0,0.0,100.0,0.0,0.0,0.0,0.0,0.0,0.0,0.0,0.0
2025,8,2025-08,Maui::Unnamed Watershed # 51059,0.0,0.0,100.0,0.0,0.0,0.0,0.0,0.0,0.0,0.0,0.0
2025,8,2025-08,Maui::Unnamed Watershed # 51060,0.0,0.0,100.0,0.0,0.0,0.0,0.0,0.0,0.0,0.0,0.0
2025,8,2025-08,Maui::Unnamed Watershed # 51061,0.0,0.0,100.0,0.0,0.0,0.0,0.0,0.0,0.0,0.0,0.0
2025,8,2025-08,Maui::Unnamed Watershed # 51064,0.0,0.0,100.0,0.0,0.0,0.0,0.0,0.0,0.0,0.0,0.0
2025,8,2025-08,Maui::Unnamed Watershed # 51065,0.0,0.0,28.57142857142857,71.42857142857143,0.0,0.0,0.0,0.0,0.0,0.0,0.0
2025,8,2025-08,Maui::Unnamed Watershed # 51066,0.0,0.0,14.285714285714285,85.71428571428571,0.0,0.0,0.0,0.0,0.0,0.0,0.0
2025,8,2025-08,Maui::Unnamed Watershed # 51067,0.0,0.0,50.0,50.0,0.0,0.0,0.0,0.0,0.0,0.0,0.0
2025,8,2025-08,Maui::Unnamed Watershed # 51068,0.0,0.0,33.33333333333333,66.66666666666666,0.0,0.0,0.0,0.0,0.0,0.0,0.0
2025,8,2025-08,Maui::Unnamed Watershed # 52005,0.0,0.0,0.0,100.0,0.0,0.0,0.0,0.0,0.0,0.0,0.0
2025,8,2025-08,Maui::Unnamed Watershed # 52009,0.0,0.0,0.0,100.0,0.0,0.0,0.0,0.0,0.0,0.0,0.0
2025,8,2025-08,Maui::Unnamed Watershed # 52010,0.0,0.0,0.0,100.0,0.0,0.0,0.0,0.0,0.0,0.0,0.0
2025,8,2025-08,Maui::Unnamed Watershed # 52011,0.0,0.0,0.0,100.0,0.0,0.0,0.0,0.0,0.0,0.0,0.0
2025,8,2025-08,Maui::Unnamed Watershed # 52012,0.0,0.0,0.0,100.0,0.0,0.0,0.0,0.0,0.0,0.0,0.0
2025,8,2025-08,Maui::Unnamed Watershed # 52013,0.0,0.0,0.0,100.0,0.0,0.0,0.0,0.0,0.0,0.0,0.0
2025,8,2025-08,Maui::Unnamed Watershed # 52014,0.0,0.0,0.0,100.0,0.0,0.0,0.0,0.0,0.0,0.0,0.0
2025,8,2025-08,Maui::Unnamed Watershed # 52016,0.0,0.0,0.0,100.0,0.0,0.0,0.0,0.0,0.0,0.0,0.0
2025,8,2025-08,Maui::Unnamed Watershed # 52021,0.0,0.0,0.0,100.0,0.0,0.0,0.0,0.0,0.0,0.0,0.0
2025,8,2025-08,Maui::Unnamed Watershed # 52022,0.0,0.0,0.0,100.0,0.0,0.0,0.0,0.0,0.0,0.0,0.0
2025,8,2025-08,Maui::Unnamed Watershed # 52023,0.0,0.0,0.0,100.0,0.0,0.0,0.0,0.0,0.0,0.0,0.0
2025,8,2025-08,Maui::Unnamed Watershed # 52024,0.0,0.0,0.0,100.0,0.0,0.0,0.0,0.0,0.0,0.0,0.0
2025,8,2025-08,Maui::Unnamed Watershed # 52025,0.0,0.0,0.0,100.0,0.0,0.0,0.0,0.0,0.0,0.0,0.0
2025,8,2025-08,Maui::Unnamed Watershed # 52026,0.0,0.0,0.0,100.0,0.0,0.0,0.0,0.0,0.0,0.0,0.0
2025,8,2025-08,Maui::Unnamed Watershed # 52027,0.0,0.0,0.0,100.0,0.0,0.0,0.0,0.0,0.0,0.0,0.0
2025,8,2025-08,Maui::Unnamed Watershed # 52028,0.0,0.0,0.0,100.0,0.0,0.0,0.0,0.0,0.0,0.0,0.0
2025,8,2025-08,Maui::Unnamed Watershed # 52029,0.0,0.0,0.0,100.0,0.0,0.0,0.0,0.0,0.0,0.0,0.0
2025,8,2025-08,Maui::Unnamed Watershed # 52031,0.0,0.0,0.0,100.0,0.0,0.0,0.0,0.0,0.0,0.0,0.0
2025,8,2025-08,Maui::Unnamed Watershed # 52035,0.0,0.0,0.0,100.0,0.0,0.0,0.0,0.0,0.0,0.0,0.0
2025,8,2025-08,Maui::Unnamed Watershed # 52038,0.0,0.0,0.0,100.0,0.0,0.0,0.0,0.0,0.0,0.0,0.0
2025,8,2025-08,Maui::Unnamed Watershed # 52039,0.0,0.0,0.0,100.0,0.0,0.0,0.0,0.0,0.0,0.0,0.0
2025,8,2025-08,Maui::Unnamed Watershed # 52041,0.0,0.0,0.0,100.0,0.0,0.0,0.0,0.0,0.0,0.0,0.0
2025,8,2025-08,Maui::Unnamed Watershed # 52043,0.0,0.0,0.0,100.0,0.0,0.0,0.0,0.0,0.0,0.0,0.0
2025,8,2025-08,Maui::Unnamed Watershed # 52045,0.0,0.0,0.0,100.0,0.0,0.0,0.0,0.0,0.0,0.0,0.0
2025,8,2025-08,Maui::Unnamed Watershed # 52046,0.0,0.0,0.0,100.0,0.0,0.0,0.0,0.0,0.0,0.0,0.0
2025,8,2025-08,Maui::Unnamed Watershed # 52047,0.0,0.0,0.0,100.0,0.0,0.0,0.0,0.0,0.0,0.0,0.0
2025,8,2025-08,Maui::Unnamed Watershed # 52048,0.0,0.0,0.0,100.0,0.0,0.0,0.0,0.0,0.0,0.0,0.0
2025,8,2025-08,Maui::Unnamed Watershed # 52049,0.0,0.0,0.0,100.0,0.0,0.0,0.0,0.0,0.0,0.0,0.0
2025,8,2025-08,Maui::Unnamed Watershed # 52050,0.0,0.0,0.0,100.0,0.0,0.0,0.0,0.0,0.0,0.0,0.0
2025,8,2025-08,Maui::Unnamed Watershed # 52051,0.0,0.0,0.0,100.0,0.0,0.0,0.0,0.0,0.0,0.0,0.0
2025,8,2025-08,Maui::Unnamed Watershed # 52052,0.0,0.0,0.0,100.0,0.0,0.0,0.0,0.0,0.0,0.0,0.0
2025,8,2025-08,Maui::Unnamed Watershed # 52053,0.0,0.0,0.0,100.0,0.0,0.0,0.0,0.0,0.0,0.0,0.0
2025,8,2025-08,Maui::Unnamed Watershed # 52054,0.0,0.0,0.0,100.0,0.0,0.0,0.0,0.0,0.0,0.0,0.0
2025,8,2025-08,Maui::Unnamed Watershed # 52055,0.0,0.0,0.0,100.0,0.0,0.0,0.0,0.0,0.0,0.0,0.0
2025,8,2025-08,Maui::Unnamed Watershed # 52057,0.0,0.0,0.0,100.0,0.0,0.0,0.0,0.0,0.0,0.0,0.0
2025,8,2025-08,Maui::Unnamed Watershed # 52059,0.0,0.0,0.0,100.0,0.0,0.0,0.0,0.0,0.0,0.0,0.0
2025,8,2025-08,Maui::Unnamed Watershed # 52060,0.0,0.0,0.0,100.0,0.0,0.0,0.0,0.0,0.0,0.0,0.0
2025,8,2025-08,Maui::Unnamed Watershed # 61026,0.0,0.0,0.0,0.0,14.285714285714285,85.71428571428571,0.0,0.0,0.0,0.0,0.0
2025,8,2025-08,Maui::Unnamed Watershed # 61042,0.0,0.0,0.0,100.0,0.0,0.0,0.0,0.0,0.0,0.0,0.0
2025,8,2025-08,Maui::Unnamed Watershed # 61043,0.0,0.0,0.0,100.0,0.0,0.0,0.0,0.0,0.0,0.0,0.0
2025,8,2025-08,Maui::Unnamed Watershed # 61044,0.0,0.0,0.0,100.0,0.0,0.0,0.0,0.0,0.0,0.0,0.0
2025,8,2025-08,Maui::Unnamed Watershed # 61045,28.57142857142857,71.42857142857143,0.0,0.0,0.0,0.0,0.0,0.0,0.0,0.0,0.0
2025,8,2025-08,Maui::Unnamed Watershed # 61046,0.0,100.0,0.0,0.0,0.0,0.0,0.0,0.0,0.0,0.0,0.0
2025,8,2025-08,Maui::Unnamed Watershed # 61047,0.0,100.0,0.0,0.0,0.0,0.0,0.0,0.0,0.0,0.0,0.0
2025,8,2025-08,Maui::Unnamed Watershed # 61048,9.090909090909092,90.9090909090909,0.0,0.0,0.0,0.0,0.0,0.0,0.0,0.0,0.0
2025,8,2025-08,Maui::Unnamed Watershed # 61049,0.0,100.0,0.0,0.0,0.0,0.0,0.0,0.0,0.0,0.0,0.0
2025,8,2025-08,Maui::Unnamed Watershed # 61050,0.0,40.0,60.0,0.0,0.0,0.0,0.0,0.0,0.0,0.0,0.0
2025,8,2025-08,Maui::Unnamed Watershed # 61051,0.0,0.0,100.0,0.0,0.0,0.0,0.0,0.0,0.0,0.0,0.0
2025,8,2025-08,Maui::Unnamed Watershed # 62028,0.0,100.0,0.0,0.0,0.0,0.0,0.0,0.0,0.0,0.0,0.0
2025,8,2025-08,Maui::Unnamed Watershed # 62029,0.0,0.0,24.316109422492403,75.6838905775076,0.0,0.0,0.0,0.0,0.0,0.0,0.0
2025,8,2025-08,Maui::Unnamed Watershed # 62030,0.0,0.0,0.0,25.328330206378986,51.594746716697934,23.076923076923077,0.0,0.0,0.0,0.0,0.0
2025,8,2025-08,Maui::Unnamed Watershed # 64040,0.0,100.0,0.0,0.0,0.0,0.0,0.0,0.0,0.0,0.0,0.0
2025,8,2025-08,Maui::Unnamed Watershed # 64041,,,,,,,,,,,
2025,8,2025-08,Maui::Unnamed Watershed # 64042,0.0,100.0,0.0,0.0,0.0,0.0,0.0,0.0,0.0,0.0,0.0
2025,8,2025-08,Maui::Unnamed Watershed # 64043,0.0,0.0,100.0,0.0,0.0,0.0,0.0,0.0,0.0,0.0,0.0
2025,8,2025-08,Maui::Unnamed Watershed # 64044,0.0,0.0,44.329896907216494,55.670103092783506,0.0,0.0,0.0,0.0,0.0,0.0,0.0
2025,8,2025-08,Maui::Unnamed Watershed # 64045,0.0,64.86486486486487,35.13513513513514,0.0,0.0,0.0,0.0,0.0,0.0,0.0,0.0
2025,8,2025-08,Maui::Unnamed Watershed # 65047,0.0,0.0,27.722772277227726,72.27722772277228,0.0,0.0,0.0,0.0,0.0,0.0,0.0
2025,8,2025-08,Maui::Unnamed Watershed # 65048,0.0,0.0,3.515625,96.484375,0.0,0.0,0.0,0.0,0.0,0.0,0.0
2025,8,2025-08,Maui::Unnamed Watershed # 65049,0.0,0.0,0.23923444976076555,99.76076555023924,0.0,0.0,0.0,0.0,0.0,0.0,0.0
2025,8,2025-08,Maui::Unnamed Watershed # 65050,0.0,0.0,0.0,100.0,0.0,0.0,0.0,0.0,0.0,0.0,0.0
2025,8,2025-08,Maui::Unnamed Watershed # 65051,0.0,0.0,0.0,100.0,0.0,0.0,0.0,0.0,0.0,0.0,0.0
2025,8,2025-08,Maui::Unnamed Watershed # 65052,0.0,0.0,0.0,100.0,0.0,0.0,0.0,0.0,0.0,0.0,0.0
2025,8,2025-08,Maui::Unnamed Watershed # 65053,0.0,0.0,0.0,100.0,0.0,0.0,0.0,0.0,0.0,0.0,0.0
2025,8,2025-08,Maui::Unnamed Watershed # 66016,0.0,0.0,0.0,88.17204301075269,11.827956989247312,0.0,0.0,0.0,0.0,0.0,0.0
2025,8,2025-08,Maui::Unnamed Watershed # 66017,0.0,0.0,0.0,52.41379310344828,47.58620689655172,0.0,0.0,0.0,0.0,0.0,0.0
2025,8,2025-08,Maui::Unnamed Watershed # 66018,0.0,0.0,0.0,100.0,0.0,0.0,0.0,0.0,0.0,0.0,0.0
2025,8,2025-08,Maui::Wahane Gulch,0.0,0.0,96.69421487603306,3.3057851239669422,0.0,0.0,0.0,0.0,0.0,0.0,0.0
2025,8,2025-08,Maui::Wahikuli,0.0,0.0,1.5424164524421593,55.26992287917738,22.62210796915167,20.565552699228792,0.0,0.0,0.0,0.0,0.0
2025,8,2025-08,Maui::Wahinepee,0.0,100.0,0.0,0.0,0.0,0.0,0.0,0.0,0.0,0.0,0.0
2025,8,2025-08,Maui::Wai a Kane Gulch,0.0,0.0,98.81656804733728,1.183431952662722,0.0,0.0,0.0,0.0,0.0,0.0,0.0
2025,8,2025-08,Maui::Waiahookalo Gulch,0.0,0.0,0.0,100.0,0.0,0.0,0.0,0.0,0.0,0.0,0.0
2025,8,2025-08,Maui::Waiakanapo,0.0,0.0,100.0,0.0,0.0,0.0,0.0,0.0,0.0,0.0,0.0
2025,8,2025-08,Maui::Waiakoa Gulch,0.0,7.302231237322515,18.255578093306287,36.91683569979716,31.03448275862069,6.490872210953347,0.0,0.0,0.0,0.0,0.0
2025,8,2025-08,Maui::Waialana Gulch,0.0,0.0,100.0,0.0,0.0,0.0,0.0,0.0,0.0,0.0,0.0
2025,8,2025-08,Maui::Waialapai Gulch,0.0,0.0,100.0,0.0,0.0,0.0,0.0,0.0,0.0,0.0,0.0
2025,8,2025-08,Maui::Waialeia,0.0,0.0,0.0,47.183098591549296,42.95774647887324,9.859154929577464,0.0,0.0,0.0,0.0,0.0
2025,8,2025-08,Maui::Waialua,0.0,0.0,0.0,100.0,0.0,0.0,0.0,0.0,0.0,0.0,0.0
2025,8,2025-08,Maui::Waiaooli Gulch,0.0,0.0,0.0,100.0,0.0,0.0,0.0,0.0,0.0,0.0,0.0
2025,8,2025-08,Maui::Waiehu,1.2987012987012987,67.09956709956711,31.601731601731604,0.0,0.0,0.0,0.0,0.0,0.0,0.0,0.0
2025,8,2025-08,Maui::Waieli,100.0,0.0,0.0,0.0,0.0,0.0,0.0,0.0,0.0,0.0,0.0
2025,8,2025-08,Maui::Waihali Gulch,0.0,97.01492537313433,2.9850746268656714,0.0,0.0,0.0,0.0,0.0,0.0,0.0,0.0
2025,8,2025-08,Maui::Waihanau,0.0,0.0,9.405940594059405,58.91089108910891,12.376237623762377,19.306930693069308,0.0,0.0,0.0,0.0,0.0
2025,8,2025-08,Maui::Waihee River,68.02507836990596,31.03448275862069,0.9404388714733543,0.0,0.0,0.0,0.0,0.0,0.0,0.0,0.0
2025,8,2025-08,Maui::Waihole Gulch,0.0,0.0,50.0,50.0,0.0,0.0,0.0,0.0,0.0,0.0,0.0
2025,8,2025-08,Maui::Waikamoi,0.0,100.0,0.0,0.0,0.0,0.0,0.0,0.0,0.0,0.0,0.0
2025,8,2025-08,Maui::Waikapu,0.0,15.029761904761903,8.779761904761903,28.608630952380953,26.004464285714285,21.577380952380953,0.0,0.0,0.0,0.0,0.0
2025,8,2025-08,Maui::Waikeakua Gulch,0.0,0.0,100.0,0.0,0.0,0.0,0.0,0.0,0.0,0.0,0.0
2025,8,2025-08,Maui::Waikolu,0.0,0.0,0.0,0.0,24.88262910798122,75.11737089201877,0.0,0.0,0.0,0.0,0.0
2025,8,2025-08,Maui::Wailau,0.0,0.0,0.0,97.14828897338404,2.8517110266159698,0.0,0.0,0.0,0.0,0.0,0.0
2025,8,2025-08,Maui::Wailea,0.0,0.0,0.0,51.174934725848566,28.720626631853786,20.10443864229765,0.0,0.0,0.0,0.0,0.0
2025,8,2025-08,Maui::Wailele,0.0,0.0,0.0,61.904761904761905,38.095238095238095,0.0,0.0,0.0,0.0,0.0,0.0
2025,8,2025-08,Maui::Wailena Gulch,59.32203389830508,40.67796610169492,0.0,0.0,0.0,0.0,0.0,0.0,0.0,0.0,0.0
2025,8,2025-08,Maui::Wailua,100.0,0.0,0.0,0.0,0.0,0.0,0.0,0.0,0.0,0.0,0.0
2025,8,2025-08,Maui::Wailuaiki East,0.0,0.0,8.98876404494382,57.865168539325836,33.146067415730336,0.0,0.0,0.0,0.0,0.0,0.0
2025,8,2025-08,Maui::Wailuaiki West,0.0,0.0,10.81081081081081,89.1891891891892,0.0,0.0,0.0,0.0,0.0,0.0,0.0
2025,8,2025-08,Maui::Wailuanui,0.0,12.543554006968641,40.41811846689895,47.038327526132406,0.0,0.0,0.0,0.0,0.0,0.0,0.0
2025,8,2025-08,Maui::Waimahaihai,0.0,0.0,20.616570327552985,42.00385356454721,21.001926782273603,16.377649325626205,0.0,0.0,0.0,0.0,0.0
2025,8,2025-08,Maui::Wainene,0.0,0.0,0.0,0.0,25.0,75.0,0.0,0.0,0.0,0.0,0.0
2025,8,2025-08,Maui::Waiohonu,47.82608695652174,32.2463768115942,19.92753623188406,0.0,0.0,0.0,0.0,0.0,0.0,0.0,0.0
2025,8,2025-08,Maui::Waiohookalo,0.0,0.0,0.0,0.0,0.0,100.0,0.0,0.0,0.0,0.0,0.0
2025,8,2025-08,Maui::Waiohue,0.0,0.0,28.8135593220339,62.71186440677966,8.47457627118644,0.0,0.0,0.0,0.0,0.0,0.0
2025,8,2025-08,Maui::Waiokamilo,0.0,10.569105691056912,43.90243902439025,45.52845528455284,0.0,0.0,0.0,0.0,0.0,0.0,0.0
2025,8,2025-08,Maui::Waiokila Gulch,100.0,0.0,0.0,0.0,0.0,0.0,0.0,0.0,0.0,0.0,0.0
2025,8,2025-08,Maui::Waiolai Gulch,94.28571428571428,5.714285714285714,0.0,0.0,0.0,0.0,0.0,0.0,0.0,0.0,0.0
2025,8,2025-08,Maui::Waioni Gulch,0.0,0.0,100.0,0.0,0.0,0.0,0.0,0.0,0.0,0.0,0.0
2025,8,2025-08,Maui::Waiopa Gulch,0.0,0.0,100.0,0.0,0.0,0.0,0.0,0.0,0.0,0.0,0.0
2025,8,2025-08,Maui::Waiopae,0.0,0.0,100.0,0.0,0.0,0.0,0.0,0.0,0.0,0.0,0.0
2025,8,2025-08,Maui::Waiopae Gulch,0.0,34.35897435897436,30.256410256410255,29.743589743589745,5.641025641025641,0.0,0.0,0.0,0.0,0.0,0.0
2025,8,2025-08,Maui::Waiopai,0.0,0.0,0.0,59.57446808510638,40.42553191489361,0.0,0.0,0.0,0.0,0.0,0.0
2025,8,2025-08,Maui::Waipili Gulch,0.0,100.0,0.0,0.0,0.0,0.0,0.0,0.0,0.0,0.0,0.0
2025,8,2025-08,Maui::Waipio,0.0,100.0,0.0,0.0,0.0,0.0,0.0,0.0,0.0,0.0,0.0
2025,8,2025-08,Maui::Waipionui,0.0,100.0,0.0,0.0,0.0,0.0,0.0,0.0,0.0,0.0,0.0
2025,8,2025-08,Maui::Waipu,0.0,0.0,0.0,0.0,100.0,0.0,0.0,0.0,0.0,0.0,0.0
2025,8,2025-08,Maui::Waipuilani Gulch,0.0,0.0,22.748091603053435,34.65648854961832,35.26717557251908,7.328244274809161,0.0,0.0,0.0,0.0,0.0
2025,8,2025-08,Oʻahu::Aakakii Gulch,100.0,0.0,0.0,0.0,0.0,0.0,0.0,0.0,0.0,0.0,0.0
2025,8,2025-08,Oʻahu::Aiea,0.0,0.0,0.0,21.27659574468085,47.87234042553192,30.851063829787233,0.0,0.0,0.0,0.0,0.0
2025,8,2025-08,Oʻahu::Alau Gulch,0.0,3.225806451612903,67.74193548387096,29.03225806451613,0.0,0.0,0.0,0.0,0.0,0.0,0.0
2025,8,2025-08,Oʻahu::Alawai,0.0,54.10225921521997,29.845422116527942,16.05231866825208,0.0,0.0,0.0,0.0,0.0,0.0,0.0
2025,8,2025-08,Oʻahu::Anahulu River,0.0,38.68421052631579,56.97368421052632,4.342105263157895,0.0,0.0,0.0,0.0,0.0,0.0,0.0
2025,8,2025-08,Oʻahu::Aweoweo,0.0,0.0,0.9852216748768473,98.0295566502463,0.9852216748768473,0.0,0.0,0.0,0.0,0.0,0.0
2025,8,2025-08,Oʻahu::Eku,0.0,90.69767441860465,9.30232558139535,0.0,0.0,0.0,0.0,0.0,0.0,0.0,0.0
2025,8,2025-08,Oʻahu::Haiamoa,0.0,0.0,100.0,0.0,0.0,0.0,0.0,0.0,0.0,0.0,0.0
2025,8,2025-08,Oʻahu::Haili Gulch,82.35294117647058,17.647058823529413,0.0,0.0,0.0,0.0,0.0,0.0,0.0,0.0,0.0
2025,8,2025-08,Oʻahu::Hakipuu,0.0,0.0,0.0,100.0,0.0,0.0,0.0,0.0,0.0,0.0,0.0
2025,8,2025-08,Oʻahu::Hakuola Gulch,0.0,0.0,73.33333333333333,26.666666666666668,0.0,0.0,0.0,0.0,0.0,0.0,0.0
2025,8,2025-08,Oʻahu::Halawa,0.0,0.0,12.385321100917432,49.77064220183486,32.56880733944954,5.275229357798166,0.0,0.0,0.0,0.0,0.0
2025,8,2025-08,Oʻahu::Hauula,0.0,95.34883720930233,4.651162790697675,0.0,0.0,0.0,0.0,0.0,0.0,0.0,0.0
2025,8,2025-08,Oʻahu::Heeia,0.0,0.0,85.35031847133759,14.64968152866242,0.0,0.0,0.0,0.0,0.0,0.0,0.0
2025,8,2025-08,Oʻahu::Honouliuli,0.0,5.808325266214908,10.454985479186835,22.168441432720233,31.84898354307841,29.719264278799614,0.0,0.0,0.0,0.0,0.0
2025,8,2025-08,Oʻahu::Kaaawa,0.0,0.0,0.0,100.0,0.0,0.0,0.0,0.0,0.0,0.0,0.0
2025,8,2025-08,Oʻahu::Kaalaea,0.0,0.0,56.36363636363636,43.63636363636363,0.0,0.0,0.0,0.0,0.0,0.0,0.0
2025,8,2025-08,Oʻahu::Kaelepulu,0.0,75.98039215686273,24.019607843137255,0.0,0.0,0.0,0.0,0.0,0.0,0.0,0.0
2025,8,2025-08,Oʻahu::Kaena,0.0,17.857142857142858,39.285714285714285,42.857142857142854,0.0,0.0,0.0,0.0,0.0,0.0,0.0
2025,8,2025-08,Oʻahu::Kahaluu,0.0,0.0,100.0,0.0,0.0,0.0,0.0,0.0,0.0,0.0,0.0
2025,8,2025-08,Oʻahu::Kahana,0.0,2.368421052631579,20.0,77.63157894736842,0.0,0.0,0.0,0.0,0.0,0.0,0.0
2025,8,2025-08,Oʻahu::Kahawai,0.0,100.0,0.0,0.0,0.0,0.0,0.0,0.0,0.0,0.0,0.0
2025,8,2025-08,Oʻahu::Kahawainui,92.11618257261411,7.883817427385892,0.0,0.0,0.0,0.0,0.0,0.0,0.0,0.0,0.0
2025,8,2025-08,Oʻahu::Kahe,0.0,0.0,0.0,0.0,100.0,0.0,0.0,0.0,0.0,0.0,0.0
2025,8,2025-08,Oʻahu::Kaiahi Gulch,100.0,0.0,0.0,0.0,0.0,0.0,0.0,0.0,0.0,0.0,0.0
2025,8,2025-08,Oʻahu::Kaiona,0.0,100.0,0.0,0.0,0.0,0.0,0.0,0.0,0.0,0.0,0.0
2025,8,2025-08,Oʻahu::Kaipapau,14.399999999999999,85.6,0.0,0.0,0.0,0.0,0.0,0.0,0.0,0.0,0.0
2025,8,2025-08,Oʻahu::Kalaeloa,0.0,0.0,0.0,0.0,76.27494456762749,23.725055432372503,0.0,0.0,0.0,0.0,0.0
2025,8,2025-08,Oʻahu::Kalahopele Gulch,0.0,0.0,28.205128205128204,71.7948717948718,0.0,0.0,0.0,0.0,0.0,0.0,0.0
2025,8,2025-08,Oʻahu::Kalauao,0.0,0.0,15.789473684210526,36.84210526315789,13.815789473684212,33.55263157894737,0.0,0.0,0.0,0.0,0.0
2025,8,2025-08,Oʻahu::Kalihi,0.0,0.0,54.57875457875458,45.42124542124542,0.0,0.0,0.0,0.0,0.0,0.0,0.0
2025,8,2025-08,Oʻahu::Kaloi Gulch,0.0,0.0,0.0,35.06224066390041,63.27800829875518,1.6597510373443984,0.0,0.0,0.0,0.0,0.0
2025,8,2025-08,Oʻahu::Kaluakauila,81.15942028985508,18.84057971014493,0.0,0.0,0.0,0.0,0.0,0.0,0.0,0.0,0.0
2025,8,2025-08,Oʻahu::Kaluanui,0.0,64.15094339622641,35.84905660377358,0.0,0.0,0.0,0.0,0.0,0.0,0.0,0.0
2025,8,2025-08,Oʻahu::Kalunawaikaala,0.0,0.0,53.191489361702125,46.808510638297875,0.0,0.0,0.0,0.0,0.0,0.0,0.0
2025,8,2025-08,Oʻahu::Kamiloiki,0.0,74.4186046511628,25.581395348837212,0.0,0.0,0.0,0.0,0.0,0.0,0.0,0.0
2025,8,2025-08,Oʻahu::Kamilonui,0.0,48.35164835164835,47.25274725274725,4.395604395604396,0.0,0.0,0.0,0.0,0.0,0.0,0.0
2025,8,2025-08,Oʻahu::Kaneohe,0.0,0.0,14.678899082568808,85.3211009174312,0.0,0.0,0.0,0.0,0.0,0.0,0.0
2025,8,2025-08,Oʻahu::Kapakahi,0.0,0.0,0.0,1.8404907975460123,7.361963190184049,90.1840490797546,0.6134969325153374,0.0,0.0,0.0,0.0
2025,8,2025-08,Oʻahu::Kapalama,0.0,0.0,36.80555555555556,63.19444444444444,0.0,0.0,0.0,0.0,0.0,0.0,0.0
2025,8,2025-08,Oʻahu::Kaunala Gulch,0.0,27.368421052631582,72.63157894736842,0.0,0.0,0.0,0.0,0.0,0.0,0.0,0.0
2025,8,2025-08,Oʻahu::Kaupuni,0.0,16.176470588235293,35.78431372549019,46.07843137254902,1.9607843137254901,0.0,0.0,0.0,0.0,0.0,0.0
2025,8,2025-08,Oʻahu::Kawa,0.0,0.0,100.0,0.0,0.0,0.0,0.0,0.0,0.0,0.0,0.0
2025,8,2025-08,Oʻahu::Kawaihapai,59.4059405940594,40.5940594059406,0.0,0.0,0.0,0.0,0.0,0.0,0.0,0.0,0.0
2025,8,2025-08,Oʻahu::Kawailoa,0.0,0.0,27.692307692307693,72.3076923076923,0.0,0.0,0.0,0.0,0.0,0.0,0.0
2025,8,2025-08,Oʻahu::Kawainui,0.0,0.0,59.32539682539682,40.67460317460318,0.0,0.0,0.0,0.0,0.0,0.0,0.0
2025,8,2025-08,Oʻahu::Kawela,0.0,85.88235294117646,14.117647058823529,0.0,0.0,0.0,0.0,0.0,0.0,0.0,0.0
2025,8,2025-08,Oʻahu::Keaahala,0.0,0.0,95.71428571428572,4.285714285714286,0.0,0.0,0.0,0.0,0.0,0.0,0.0
2025,8,2025-08,Oʻahu::Keaalau,0.0,0.0,100.0,0.0,0.0,0.0,0.0,0.0,0.0,0.0,0.0
2025,8,2025-08,Oʻahu::Keaau,99.25925925925925,0.7407407407407408,0.0,0.0,0.0,0.0,0.0,0.0,0.0,0.0,0.0
2025,8,2025-08,Oʻahu::Keekee Gulch,100.0,0.0,0.0,0.0,0.0,0.0,0.0,0.0,0.0,0.0,0.0
2025,8,2025-08,Oʻahu::Kii,90.54545454545455,9.454545454545455,0.0,0.0,0.0,0.0,0.0,0.0,0.0,0.0,0.0
2025,8,2025-08,Oʻahu::Kiikii,11.349693251533742,19.478527607361965,10.659509202453988,32.285276073619634,26.226993865030675,0.0,0.0,0.0,0.0,0.0,0.0
2025,8,2025-08,Oʻahu::Kokololio Gulch,100.0,0.0,0.0,0.0,0.0,0.0,0.0,0.0,0.0,0.0,0.0
2025,8,2025-08,Oʻahu::Kualoa,0.0,0.0,60.256410256410255,39.743589743589745,0.0,0.0,0.0,0.0,0.0,0.0,0.0
2025,8,2025-08,Oʻahu::Laniakea,0.0,0.0,66.40625,33.59375,0.0,0.0,0.0,0.0,0.0,0.0,0.0
2025,8,2025-08,Oʻahu::Limaloa Gulch,0.0,0.0,0.0,0.0,90.32258064516128,9.67741935483871,0.0,0.0,0.0,0.0,0.0
2025,8,2025-08,Oʻahu::Lokoea,0.0,0.0,100.0,0.0,0.0,0.0,0.0,0.0,0.0,0.0,0.0
2025,8,2025-08,Oʻahu::Maakua,0.0,100.0,0.0,0.0,0.0,0.0,0.0,0.0,0.0,0.0,0.0
2025,8,2025-08,Oʻahu::Mailiili,0.0,0.0,0.0,14.988290398126464,32.08430913348946,52.92740046838408,0.0,0.0,0.0,0.0,0.0
2025,8,2025-08,Oʻahu::Makaha,1.1627906976744187,67.44186046511628,19.476744186046513,11.918604651162791,0.0,0.0,0.0,0.0,0.0,0.0,0.0
2025,8,2025-08,Oʻahu::Makakilo Gulch,0.0,0.0,0.0,0.0,44.53608247422681,55.4639175257732,0.0,0.0,0.0,0.0,0.0
2025,8,2025-08,Oʻahu::Makaleha,0.0,0.9868421052631579,39.473684210526315,58.223684210526315,1.3157894736842104,0.0,0.0,0.0,0.0,0.0,0.0
2025,8,2025-08,Oʻahu::Makaua,0.0,0.0,0.0,100.0,0.0,0.0,0.0,0.0,0.0,0.0,0.0
2025,8,2025-08,Oʻahu::Makua,74.37185929648241,22.613065326633166,3.015075376884422,0.0,0.0,0.0,0.0,0.0,0.0,0.0,0.0
2025,8,2025-08,Oʻahu::Malaekahana,92.07317073170732,7.926829268292683,0.0,0.0,0.0,0.0,0.0,0.0,0.0,0.0,0.0
2025,8,2025-08,Oʻahu::Manini Gulch,24.637681159420293,62.31884057971014,13.043478260869565,0.0,0.0,0.0,0.0,0.0,0.0,0.0,0.0
2025,8,2025-08,Oʻahu::Moanalua,0.0,0.0,4.670912951167728,94.69214437367303,0.6369426751592357,0.0,0.0,0.0,0.0,0.0,0.0
2025,8,2025-08,Oʻahu::Mokulua,0.0,100.0,0.0,0.0,0.0,0.0,0.0,0.0,0.0,0.0,0.0
2025,8,2025-08,Oʻahu::Nanakuli,0.0,0.0,0.0,0.0,13.580246913580247,86.41975308641975,0.0,0.0,0.0,0.0,0.0
2025,8,2025-08,Oʻahu::Napaia,0.0,84.28571428571429,15.714285714285714,0.0,0.0,0.0,0.0,0.0,0.0,0.0,0.0
2025,8,2025-08,Oʻahu::Nihoa Gulch,89.47368421052632,10.526315789473683,0.0,0.0,0.0,0.0,0.0,0.0,0.0,0.0,0.0
2025,8,2025-08,Oʻahu::Nuuanu,0.0,25.176470588235293,38.82352941176471,36.0,0.0,0.0,0.0,0.0,0.0,0.0,0.0
2025,8,2025-08,Oʻahu::Nuupia,0.0,0.0,97.46835443037975,2.5316455696202533,0.0,0.0,0.0,0.0,0.0,0.0,0.0
2025,8,2025-08,Oʻahu::Oio Gulch,44.221105527638194,55.778894472361806,0.0,0.0,0.0,0.0,0.0,0.0,0.0,0.0,0.0
2025,8,2025-08,Oʻahu::Pahole,0.0,71.42857142857143,28.57142857142857,0.0,0.0,0.0,0.0,0.0,0.0,0.0,0.0
2025,8,2025-08,Oʻahu::Pakulena,0.0,0.0,78.37837837837837,21.62162162162162,0.0,0.0,0.0,0.0,0.0,0.0,0.0
2025,8,2025-08,Oʻahu::Papaakoko,0.0,0.0,75.0,25.0,0.0,0.0,0.0,0.0,0.0,0.0,0.0
2025,8,2025-08,Oʻahu::Paukauila,0.0,40.56308654848801,42.4400417101147,16.99687174139729,0.0,0.0,0.0,0.0,0.0,0.0,0.0
2025,8,2025-08,Oʻahu::Paumalu Gulch,0.0,0.0,97.48427672955975,2.515723270440252,0.0,0.0,0.0,0.0,0.0,0.0,0.0
2025,8,2025-08,Oʻahu::Pia,0.0,23.200000000000003,60.8,16.0,0.0,0.0,0.0,0.0,0.0,0.0,0.0
2025,8,2025-08,Oʻahu::Piliokahe Gulch,0.0,0.0,0.0,0.0,76.19047619047619,23.809523809523807,0.0,0.0,0.0,0.0,0.0
2025,8,2025-08,Oʻahu::Punaluu,0.0,9.333333333333334,53.0,37.666666666666664,0.0,0.0,0.0,0.0,0.0,0.0,0.0
2025,8,2025-08,Oʻahu::Punapohaku,100.0,0.0,0.0,0.0,0.0,0.0,0.0,0.0,0.0,0.0,0.0
2025,8,2025-08,Oʻahu::Puukeaau,27.500000000000004,72.5,0.0,0.0,0.0,0.0,0.0,0.0,0.0,0.0,0.0
2025,8,2025-08,Oʻahu::Salt Lake,0.0,0.0,0.0,13.761467889908257,82.56880733944955,3.669724770642202,0.0,0.0,0.0,0.0,0.0
2025,8,2025-08,Oʻahu::Sand Island,0.0,0.0,0.0,100.0,0.0,0.0,0.0,0.0,0.0,0.0,0.0
2025,8,2025-08,Oʻahu::Ulehawa,0.0,0.0,0.0,0.0,11.312217194570136,88.68778280542986,0.0,0.0,0.0,0.0,0.0
2025,8,2025-08,Oʻahu::Uluhulu Gulch,61.76470588235294,38.23529411764706,0.0,0.0,0.0,0.0,0.0,0.0,0.0,0.0,0.0
2025,8,2025-08,Oʻahu::Ulupau,0.0,0.0,100.0,0.0,0.0,0.0,0.0,0.0,0.0,0.0,0.0
2025,8,2025-08,Oʻahu::Unnamed Watershed # 31024,0.0,0.0,100.0,0.0,0.0,0.0,0.0,0.0,0.0,0.0,0.0
2025,8,2025-08,Oʻahu::Unnamed Watershed # 32023,0.0,0.0,100.0,0.0,0.0,0.0,0.0,0.0,0.0,0.0,0.0
2025,8,2025-08,Oʻahu::Unnamed Watershed # 32024,0.0,0.0,100.0,0.0,0.0,0.0,0.0,0.0,0.0,0.0,0.0
2025,8,2025-08,Oʻahu::Unnamed Watershed # 32025,0.0,0.0,64.0,36.0,0.0,0.0,0.0,0.0,0.0,0.0,0.0
2025,8,2025-08,Oʻahu::Unnamed Watershed # 32026,0.0,0.0,50.0,50.0,0.0,0.0,0.0,0.0,0.0,0.0,0.0
2025,8,2025-08,Oʻahu::Unnamed Watershed # 32027,0.0,0.0,100.0,0.0,0.0,0.0,0.0,0.0,0.0,0.0,0.0
2025,8,2025-08,Oʻahu::Unnamed Watershed # 32028,0.0,95.65217391304348,4.3478260869565215,0.0,0.0,0.0,0.0,0.0,0.0,0.0,0.0
2025,8,2025-08,Oʻahu::Unnamed Watershed # 33023,0.0,0.0,100.0,0.0,0.0,0.0,0.0,0.0,0.0,0.0,0.0
2025,8,2025-08,Oʻahu::Unnamed Watershed # 33024,0.0,4.545454545454546,95.45454545454545,0.0,0.0,0.0,0.0,0.0,0.0,0.0,0.0
2025,8,2025-08,Oʻahu::Unnamed Watershed # 33025,0.0,0.0,50.0,50.0,0.0,0.0,0.0,0.0,0.0,0.0,0.0
2025,8,2025-08,Oʻahu::Unnamed Watershed # 33026,0.0,0.0,0.0,100.0,0.0,0.0,0.0,0.0,0.0,0.0,0.0
2025,8,2025-08,Oʻahu::Unnamed Watershed # 33027,0.0,0.0,16.666666666666664,83.33333333333334,0.0,0.0,0.0,0.0,0.0,0.0,0.0
2025,8,2025-08,Oʻahu::Unnamed Watershed # 33028,0.0,0.0,54.71698113207547,45.28301886792453,0.0,0.0,0.0,0.0,0.0,0.0,0.0
2025,8,2025-08,Oʻahu::Unnamed Watershed # 33029,0.0,0.0,0.0,100.0,0.0,0.0,0.0,0.0,0.0,0.0,0.0
2025,8,2025-08,Oʻahu::Unnamed Watershed # 33030,0.0,0.0,0.0,72.22222222222221,27.77777777777778,0.0,0.0,0.0,0.0,0.0,0.0
2025,8,2025-08,Oʻahu::Unnamed Watershed # 34030,0.0,0.0,0.0,0.0,25.547445255474454,74.45255474452554,0.0,0.0,0.0,0.0,0.0
2025,8,2025-08,Oʻahu::Unnamed Watershed # 34031,0.0,0.0,0.0,10.743801652892563,27.27272727272727,60.33057851239669,1.6528925619834711,0.0,0.0,0.0,0.0
2025,8,2025-08,Oʻahu::Unnamed Watershed # 36023,0.0,0.0,0.0,100.0,0.0,0.0,0.0,0.0,0.0,0.0,0.0
2025,8,2025-08,Oʻahu::Waiahole,0.0,0.0,100.0,0.0,0.0,0.0,0.0,0.0,0.0,0.0,0.0
2025,8,2025-08,Oʻahu::Waialaeiki,0.0,53.06122448979592,46.93877551020408,0.0,0.0,0.0,0.0,0.0,0.0,0.0,0.0
2025,8,2025-08,Oʻahu::Waialaenui,0.0,75.48076923076923,24.519230769230766,0.0,0.0,0.0,0.0,0.0,0.0,0.0,0.0
2025,8,2025-08,Oʻahu::Waialee Gulch,0.0,17.5,82.5,0.0,0.0,0.0,0.0,0.0,0.0,0.0,0.0
2025,8,2025-08,Oʻahu::Waiau,0.0,0.0,0.0,13.609467455621301,12.42603550295858,37.278106508875744,34.319526627218934,2.366863905325444,0.0,0.0,0.0
2025,8,2025-08,Oʻahu::Waiawa,0.0835421888053467,14.954051796157058,22.55639097744361,13.283208020050125,6.015037593984962,32.08020050125313,7.769423558897243,3.258145363408521,0.0,0.0,0.0
2025,8,2025-08,Oʻahu::Waikane,0.0,0.0,45.45454545454545,54.54545454545454,0.0,0.0,0.0,0.0,0.0,0.0,0.0
2025,8,2025-08,Oʻahu::Waikele,13.90546122074346,13.354749885268472,9.086737035337311,22.441486920605783,22.166131252868286,19.045433685176686,0.0,0.0,0.0,0.0,0.0
2025,8,2025-08,Oʻahu::Wailele,68.39080459770115,31.60919540229885,0.0,0.0,0.0,0.0,0.0,0.0,0.0,0.0,0.0
2025,8,2025-08,Oʻahu::Wailupe,0.0,52.046783625730995,45.02923976608187,2.923976608187134,0.0,0.0,0.0,0.0,0.0,0.0,0.0
2025,8,2025-08,Oʻahu::Waimalu,0.0,0.0,24.21875,34.375,10.9375,29.6875,0.78125,0.0,0.0,0.0,0.0
2025,8,2025-08,Oʻahu::Waimanalo,0.0,98.93617021276596,1.0638297872340425,0.0,0.0,0.0,0.0,0.0,0.0,0.0,0.0
2025,8,2025-08,Oʻahu::Waimanalo Gulch,0.0,0.0,0.0,0.0,100.0,0.0,0.0,0.0,0.0,0.0,0.0
2025,8,2025-08,Oʻahu::Waimea River,0.0,39.130434782608695,31.605351170568564,29.264214046822744,0.0,0.0,0.0,0.0,0.0,0.0,0.0
